##Genome
PS H:\kdna_opencl_with_inspector_krun> # ============================================================
PS H:\kdna_opencl_with_inspector_krun> # KDNA/SUBQG KGENOME v3 Full-FASTA Batch
PS H:\kdna_opencl_with_inspector_krun> # Build -> Tests -> chr1..chr22, chrX, chrY vollständig
PS H:\kdna_opencl_with_inspector_krun> # FASTA -> k16.u64 -> KDNA u64 -> Self-KGRAM
PS H:\kdna_opencl_with_inspector_krun> # -> 24x24 KGENOME Matrix -> CSV -> Ergebnis
PS H:\kdna_opencl_with_inspector_krun> # ============================================================
PS H:\kdna_opencl_with_inspector_krun>
PS H:\kdna_opencl_with_inspector_krun> H:
PS H:\kdna_opencl_with_inspector_krun> cd H:\kdna_opencl_with_inspector_krun
PS H:\kdna_opencl_with_inspector_krun>
PS H:\kdna_opencl_with_inspector_krun> $VCPKG_ROOT = "D:\vcpkg"
PS H:\kdna_opencl_with_inspector_krun> $CMAKE_EXE  = "C:\Program Files\CMake\bin\cmake.exe"
PS H:\kdna_opencl_with_inspector_krun> $CTEST_EXE  = "C:\Program Files\CMake\bin\ctest.exe"
PS H:\kdna_opencl_with_inspector_krun>
PS H:\kdna_opencl_with_inspector_krun> # ------------------------------------------------------------
PS H:\kdna_opencl_with_inspector_krun> # 1. Build
PS H:\kdna_opencl_with_inspector_krun> # ------------------------------------------------------------
PS H:\kdna_opencl_with_inspector_krun>
PS H:\kdna_opencl_with_inspector_krun> Remove-Item -Recurse -Force build_vs -ErrorAction SilentlyContinue
PS H:\kdna_opencl_with_inspector_krun>
PS H:\kdna_opencl_with_inspector_krun> & $CMAKE_EXE -S . -B build_vs `
>>   -G "Visual Studio 17 2022" `
>>   -A x64 `
>>   -DCMAKE_TOOLCHAIN_FILE="$VCPKG_ROOT\scripts\buildsystems\vcpkg.cmake"
-- Selecting Windows SDK version 10.0.26100.0 to target Windows 10.0.29599.
-- The C compiler identification is MSVC 19.44.35227.0
-- Detecting C compiler ABI info
-- Detecting C compiler ABI info - done
-- Check for working C compiler: C:/Program Files (x86)/Microsoft Visual Studio/2022/BuildTools/VC/Tools/MSVC/14.44.35207/bin/Hostx64/x64/cl.exe - skipped
-- Detecting C compile features
-- Detecting C compile features - done
-- Configuring done (8.7s)
-- Generating done (0.8s)
-- Build files have been written to: H:/kdna_opencl_with_inspector_krun/build_vs
PS H:\kdna_opencl_with_inspector_krun>
PS H:\kdna_opencl_with_inspector_krun> & $CMAKE_EXE --build build_vs --config Release --parallel
MSBuild-Version 17.14.40+3e7442088 für .NET Framework

  1>Checking Build System
  Building Custom Rule H:/kdna_opencl_with_inspector_krun/CMakeLists.txt
  kdna_cpu.c
  kdna_opencl.c
  kdna_ksoa.c
  kdna_kreg.c
  kdna_klib.c
  kdna_kgram.c
  kdna_krun.c
  kdna_kgen.c
  kdna_kvar.c
  kdna_kexp.c
  kdna_kmap.c
  Code wird generiert...
  kdna.vcxproj -> H:\kdna_opencl_with_inspector_krun\build_vs\Release\kdna.lib
  Building Custom Rule H:/kdna_opencl_with_inspector_krun/CMakeLists.txt
  Building Custom Rule H:/kdna_opencl_with_inspector_krun/CMakeLists.txt
  Building Custom Rule H:/kdna_opencl_with_inspector_krun/CMakeLists.txt
  Building Custom Rule H:/kdna_opencl_with_inspector_krun/CMakeLists.txt
  Building Custom Rule H:/kdna_opencl_with_inspector_krun/CMakeLists.txt
  Building Custom Rule H:/kdna_opencl_with_inspector_krun/CMakeLists.txt
  Building Custom Rule H:/kdna_opencl_with_inspector_krun/CMakeLists.txt
  Building Custom Rule H:/kdna_opencl_with_inspector_krun/CMakeLists.txt
  Building Custom Rule H:/kdna_opencl_with_inspector_krun/CMakeLists.txt
  Building Custom Rule H:/kdna_opencl_with_inspector_krun/CMakeLists.txt
  Building Custom Rule H:/kdna_opencl_with_inspector_krun/CMakeLists.txt
  Building Custom Rule H:/kdna_opencl_with_inspector_krun/CMakeLists.txt
  Building Custom Rule H:/kdna_opencl_with_inspector_krun/CMakeLists.txt
  Building Custom Rule H:/kdna_opencl_with_inspector_krun/CMakeLists.txt
  Building Custom Rule H:/kdna_opencl_with_inspector_krun/CMakeLists.txt
  Building Custom Rule H:/kdna_opencl_with_inspector_krun/CMakeLists.txt
  Building Custom Rule H:/kdna_opencl_with_inspector_krun/CMakeLists.txt
  Building Custom Rule H:/kdna_opencl_with_inspector_krun/CMakeLists.txt
  Building Custom Rule H:/kdna_opencl_with_inspector_krun/CMakeLists.txt
  Building Custom Rule H:/kdna_opencl_with_inspector_krun/CMakeLists.txt
  Building Custom Rule H:/kdna_opencl_with_inspector_krun/CMakeLists.txt
  Building Custom Rule H:/kdna_opencl_with_inspector_krun/CMakeLists.txt
  Building Custom Rule H:/kdna_opencl_with_inspector_krun/CMakeLists.txt
  Building Custom Rule H:/kdna_opencl_with_inspector_krun/CMakeLists.txt
  Building Custom Rule H:/kdna_opencl_with_inspector_krun/CMakeLists.txt
  Building Custom Rule H:/kdna_opencl_with_inspector_krun/CMakeLists.txt
  Building Custom Rule H:/kdna_opencl_with_inspector_krun/CMakeLists.txt
  Building Custom Rule H:/kdna_opencl_with_inspector_krun/CMakeLists.txt
  Building Custom Rule H:/kdna_opencl_with_inspector_krun/CMakeLists.txt
  Building Custom Rule H:/kdna_opencl_with_inspector_krun/CMakeLists.txt
  Building Custom Rule H:/kdna_opencl_with_inspector_krun/CMakeLists.txt
  Building Custom Rule H:/kdna_opencl_with_inspector_krun/CMakeLists.txt
  Building Custom Rule H:/kdna_opencl_with_inspector_krun/CMakeLists.txt
  Building Custom Rule H:/kdna_opencl_with_inspector_krun/CMakeLists.txt
  Building Custom Rule H:/kdna_opencl_with_inspector_krun/CMakeLists.txt
  Building Custom Rule H:/kdna_opencl_with_inspector_krun/CMakeLists.txt
  Building Custom Rule H:/kdna_opencl_with_inspector_krun/CMakeLists.txt
  Building Custom Rule H:/kdna_opencl_with_inspector_krun/CMakeLists.txt
  Building Custom Rule H:/kdna_opencl_with_inspector_krun/CMakeLists.txt
  Building Custom Rule H:/kdna_opencl_with_inspector_krun/CMakeLists.txt
  Building Custom Rule H:/kdna_opencl_with_inspector_krun/CMakeLists.txt
  Building Custom Rule H:/kdna_opencl_with_inspector_krun/CMakeLists.txt
  test_opencl_diff.c
  test_kreg.c
  test_kgram.c
  test_scan_ksoa.c
  kdna_dynamics.c
  kdna_genesis_export.c
  kdna_library.c
  test_symbol_gram.c
  kdna_inspect.c
  kdna_genesis.c
  kdna_demo.c
  kdna_benchmark.c
  test_reinject.c
  kdna_genome_matrix.c
  test_kvar.c
  kdna_experiment.c
  test_opencl_diff.vcxproj -> H:\kdna_opencl_with_inspector_krun\build_vs\Release\test_opencl_diff.exe
  test_scan_ksoa.vcxproj -> H:\kdna_opencl_with_inspector_krun\build_vs\Release\test_scan_ksoa.exe
  kdna_genesis_export.vcxproj -> H:\kdna_opencl_with_inspector_krun\build_vs\Release\kdna_genesis_export.exe
  kdna_benchmark.vcxproj -> H:\kdna_opencl_with_inspector_krun\build_vs\Release\kdna_benchmark.exe
  test_symbol_gram.vcxproj -> H:\kdna_opencl_with_inspector_krun\build_vs\Release\test_symbol_gram.exe
  kdna_demo.vcxproj -> H:\kdna_opencl_with_inspector_krun\build_vs\Release\kdna_demo.exe
  kdna_genesis.vcxproj -> H:\kdna_opencl_with_inspector_krun\build_vs\Release\kdna_genesis.exe
  test_reinject.vcxproj -> H:\kdna_opencl_with_inspector_krun\build_vs\Release\test_reinject.exe
  kdna_inspect.vcxproj -> H:\kdna_opencl_with_inspector_krun\build_vs\Release\kdna_inspect.exe
  kdna_library.vcxproj -> H:\kdna_opencl_with_inspector_krun\build_vs\Release\kdna_library.exe
  kdna_dynamics.vcxproj -> H:\kdna_opencl_with_inspector_krun\build_vs\Release\kdna_dynamics.exe
  kdna_genome_matrix.vcxproj -> H:\kdna_opencl_with_inspector_krun\build_vs\Release\kdna_genome_matrix.exe
  test_klib.c
  test_krun.c
  kdna_fasta_symbols.c
  test_ksieve.c
  test_kmap.c
  kdna_gram.c
  test_kvar.vcxproj -> H:\kdna_opencl_with_inspector_krun\build_vs\Release\test_kvar.exe
  test_kgram.vcxproj -> H:\kdna_opencl_with_inspector_krun\build_vs\Release\test_kgram.exe
  test_krun.vcxproj -> H:\kdna_opencl_with_inspector_krun\build_vs\Release\test_krun.exe
  test_ksieve.vcxproj -> H:\kdna_opencl_with_inspector_krun\build_vs\Release\test_ksieve.exe
  kdna_experiment.vcxproj -> H:\kdna_opencl_with_inspector_krun\build_vs\Release\kdna_experiment.exe
  test_klib.vcxproj -> H:\kdna_opencl_with_inspector_krun\build_vs\Release\test_klib.exe
  test_kreg.vcxproj -> H:\kdna_opencl_with_inspector_krun\build_vs\Release\test_kreg.exe
  test_kmap.vcxproj -> H:\kdna_opencl_with_inspector_krun\build_vs\Release\test_kmap.exe
  test_kgenome.c
  test_kgen_opencl_diff.c
  test_kgen_export_ksoa.c
  test_kgen.c
  test_kexp_sweep.c
  test_kexp.c
  test_fasta_symbols.c
  test_cpu_invariants.c
  kdna_variants.c
  kdna_gram.vcxproj -> H:\kdna_opencl_with_inspector_krun\build_vs\Release\kdna_gram.exe
  kdna_variant_gram.c
  kdna_fasta_symbols.vcxproj -> H:\kdna_opencl_with_inspector_krun\build_vs\Release\kdna_fasta_symbols.exe
  kdna_symbol_gram.c
  test_kgenome.vcxproj -> H:\kdna_opencl_with_inspector_krun\build_vs\Release\test_kgenome.exe
  kdna_variant_gram.vcxproj -> H:\kdna_opencl_with_inspector_krun\build_vs\Release\kdna_variant_gram.exe
  kdna_symbol_gram.vcxproj -> H:\kdna_opencl_with_inspector_krun\build_vs\Release\kdna_symbol_gram.exe
  kdna_variants.vcxproj -> H:\kdna_opencl_with_inspector_krun\build_vs\Release\kdna_variants.exe
  test_cpu_invariants.vcxproj -> H:\kdna_opencl_with_inspector_krun\build_vs\Release\test_cpu_invariants.exe
  test_fasta_symbols.vcxproj -> H:\kdna_opencl_with_inspector_krun\build_vs\Release\test_fasta_symbols.exe
  test_kexp.vcxproj -> H:\kdna_opencl_with_inspector_krun\build_vs\Release\test_kexp.exe
  test_kexp_sweep.vcxproj -> H:\kdna_opencl_with_inspector_krun\build_vs\Release\test_kexp_sweep.exe
  test_kgen.vcxproj -> H:\kdna_opencl_with_inspector_krun\build_vs\Release\test_kgen.exe
  test_kgen_export_ksoa.vcxproj -> H:\kdna_opencl_with_inspector_krun\build_vs\Release\test_kgen_export_ksoa.exe
  test_kgen_opencl_diff.vcxproj -> H:\kdna_opencl_with_inspector_krun\build_vs\Release\test_kgen_opencl_diff.exe
  kdna_sweep.c
  kdna_scan.c
  kdna_run.c
  kdna_reinject.c
  kdna_region.c
  kdna_query.c
  kdna_project.c
  kdna_sweep.vcxproj -> H:\kdna_opencl_with_inspector_krun\build_vs\Release\kdna_sweep.exe
  kdna_project.vcxproj -> H:\kdna_opencl_with_inspector_krun\build_vs\Release\kdna_project.exe
  kdna_query.vcxproj -> H:\kdna_opencl_with_inspector_krun\build_vs\Release\kdna_query.exe
  kdna_region.vcxproj -> H:\kdna_opencl_with_inspector_krun\build_vs\Release\kdna_region.exe
  kdna_reinject.vcxproj -> H:\kdna_opencl_with_inspector_krun\build_vs\Release\kdna_reinject.exe
  kdna_run.vcxproj -> H:\kdna_opencl_with_inspector_krun\build_vs\Release\kdna_run.exe
  kdna_scan.vcxproj -> H:\kdna_opencl_with_inspector_krun\build_vs\Release\kdna_scan.exe
  kdna_probe.c
  kdna_manifest.c
  kdna_manifest.vcxproj -> H:\kdna_opencl_with_inspector_krun\build_vs\Release\kdna_manifest.exe
  kdna_probe.vcxproj -> H:\kdna_opencl_with_inspector_krun\build_vs\Release\kdna_probe.exe
  Building Custom Rule H:/kdna_opencl_with_inspector_krun/CMakeLists.txt
PS H:\kdna_opencl_with_inspector_krun>
PS H:\kdna_opencl_with_inspector_krun> & $CTEST_EXE --test-dir build_vs -C Release --output-on-failure
Test project H:/kdna_opencl_with_inspector_krun/build_vs
      Start  1: cpu_invariants
 1/67 Test  #1: cpu_invariants ...................   Passed    0.02 sec
      Start  2: cpu_opencl_diff
 2/67 Test  #2: cpu_opencl_diff ..................   Passed    1.58 sec
      Start  3: scan_cpu_file
 3/67 Test  #3: scan_cpu_file ....................   Passed    0.02 sec
      Start  4: scan_ksoa_header_payload
 4/67 Test  #4: scan_ksoa_header_payload .........   Passed    0.01 sec
      Start  5: inspect_cpu_file
 5/67 Test  #5: inspect_cpu_file .................   Passed    0.01 sec
      Start  6: inspect_cpu_self_compare
 6/67 Test  #6: inspect_cpu_self_compare .........   Passed    0.01 sec
      Start  7: region_cpu_file
 7/67 Test  #7: region_cpu_file ..................   Passed    0.02 sec
      Start  8: region_kreg_header_records
 8/67 Test  #8: region_kreg_header_records .......   Passed    0.01 sec
      Start  9: library_cpu_file
 9/67 Test  #9: library_cpu_file .................   Passed    0.02 sec
      Start 10: library_klib_header_records
10/67 Test #10: library_klib_header_records ......   Passed    0.01 sec
      Start 11: query_library_smoke
11/67 Test #11: query_library_smoke ..............   Passed    0.01 sec
      Start 12: query_library_compression
12/67 Test #12: query_library_compression ........   Passed    0.01 sec
      Start 13: grammar_cpu_file
13/67 Test #13: grammar_cpu_file .................   Passed    0.02 sec
      Start 14: grammar_kgram_header_rules
14/67 Test #14: grammar_kgram_header_rules .......   Passed    0.01 sec
      Start 15: grammar_query_causal
15/67 Test #15: grammar_query_causal .............   Passed    0.01 sec
      Start 16: grammar_query_transition
16/67 Test #16: grammar_query_transition .........   Passed    0.01 sec
      Start 17: run_causal_file
17/67 Test #17: run_causal_file ..................   Passed    0.02 sec
      Start 18: run_krun_header_steps
18/67 Test #18: run_krun_header_steps ............   Passed    0.01 sec
      Start 19: run_query_smoke
19/67 Test #19: run_query_smoke ..................   Passed    0.01 sec
      Start 20: reinject_causal_file
20/67 Test #20: reinject_causal_file .............   Passed    0.02 sec
      Start 21: reinject_ksoa_trace
21/67 Test #21: reinject_ksoa_trace ..............   Passed    0.01 sec
      Start 22: reinject_inspect_smoke
22/67 Test #22: reinject_inspect_smoke ...........   Passed    0.01 sec
      Start 23: kgen_cpu_file
23/67 Test #23: kgen_cpu_file ....................   Passed    0.02 sec
      Start 24: kgen_header_payload
24/67 Test #24: kgen_header_payload ..............   Passed    0.01 sec
      Start 25: kgen_inspect_smoke
25/67 Test #25: kgen_inspect_smoke ...............   Passed    0.01 sec
      Start 26: kgen_opencl_diff
26/67 Test #26: kgen_opencl_diff .................   Passed    0.82 sec
      Start 27: kvar_cpu_file
27/67 Test #27: kvar_cpu_file ....................   Passed    0.02 sec
      Start 28: kvar_header_records
28/67 Test #28: kvar_header_records ..............   Passed    0.01 sec
      Start 29: kvar_query_resonant
29/67 Test #29: kvar_query_resonant ..............   Passed    0.01 sec
      Start 30: kvar_query_dom
30/67 Test #30: kvar_query_dom ...................   Passed    0.01 sec
      Start 31: kgen_export_ksoa_file
31/67 Test #31: kgen_export_ksoa_file ............   Passed    0.02 sec
      Start 32: kgen_export_ksoa_header
32/67 Test #32: kgen_export_ksoa_header ..........   Passed    0.01 sec
      Start 33: kvar_variant_grammar_file
33/67 Test #33: kvar_variant_grammar_file ........   Passed    0.02 sec
      Start 34: kvar_variant_grammar_probe
34/67 Test #34: kvar_variant_grammar_probe .......   Passed    0.02 sec
      Start 35: kvar_variant_run_file
35/67 Test #35: kvar_variant_run_file ............   Passed    0.01 sec
      Start 36: probe_all_artifacts
36/67 Test #36: probe_all_artifacts ..............   Passed    0.01 sec
      Start 37: manifest_lineage_file
37/67 Test #37: manifest_lineage_file ............   Passed    0.02 sec
      Start 38: dyn_from_variants_cpu_file
38/67 Test #38: dyn_from_variants_cpu_file .......   Passed    0.02 sec
      Start 39: dyn_from_variants_inspect
39/67 Test #39: dyn_from_variants_inspect ........   Passed    0.01 sec
      Start 40: dyn_from_variants_opencl_file
40/67 Test #40: dyn_from_variants_opencl_file ....   Passed    0.61 sec
      Start 41: dyn_from_variants_diff
41/67 Test #41: dyn_from_variants_diff ...........   Passed    0.01 sec
      Start 42: probe_kdyn_artifact
42/67 Test #42: probe_kdyn_artifact ..............   Passed    0.01 sec
      Start 43: kexp_hidden_file
43/67 Test #43: kexp_hidden_file .................   Passed    0.03 sec
      Start 44: kexp_header_metrics
44/67 Test #44: kexp_header_metrics ..............   Passed    0.01 sec
      Start 45: kexp_report_inspect
45/67 Test #45: kexp_report_inspect ..............   Passed    0.01 sec
      Start 46: kexp_data_inspect
46/67 Test #46: kexp_data_inspect ................   Passed    0.01 sec
      Start 47: kexp_benchmark_suite
47/67 Test #47: kexp_benchmark_suite .............   Passed    0.03 sec
      Start 48: kexp_v2_sweep_file
48/67 Test #48: kexp_v2_sweep_file ...............   Passed    0.02 sec
      Start 49: kexp_v2_sweep_validate
49/67 Test #49: kexp_v2_sweep_validate ...........   Passed    0.01 sec
      Start 50: kexp_v2_sweep_probe
50/67 Test #50: kexp_v2_sweep_probe ..............   Passed    0.01 sec
      Start 51: ksieve_kgram_filter_file
51/67 Test #51: ksieve_kgram_filter_file .........   Passed    0.01 sec
      Start 52: ksieve_report_validate
52/67 Test #52: ksieve_report_validate ...........   Passed    0.01 sec
      Start 53: ksieve_report_probe
53/67 Test #53: ksieve_report_probe ..............   Passed    0.01 sec
      Start 54: kmap_project_file
54/67 Test #54: kmap_project_file ................   Passed    0.02 sec
      Start 55: kmap_project_probe
55/67 Test #55: kmap_project_probe ...............   Passed    0.01 sec
      Start 56: kmap_project_tool_cpu
56/67 Test #56: kmap_project_tool_cpu ............   Passed    0.03 sec
      Start 57: symbol_gram_from_kmap_file
57/67 Test #57: symbol_gram_from_kmap_file .......   Passed    0.02 sec
      Start 58: symbol_gram_header_records
58/67 Test #58: symbol_gram_header_records .......   Passed    0.01 sec
      Start 59: symbol_gram_probe
59/67 Test #59: symbol_gram_probe ................   Passed    0.01 sec
      Start 60: symbol_gram_self_sieve
60/67 Test #60: symbol_gram_self_sieve ...........   Passed    0.01 sec
      Start 61: symbol_gram_self_sieve_report
61/67 Test #61: symbol_gram_self_sieve_report ....   Passed    0.01 sec
      Start 62: kgenome_matrix_file
62/67 Test #62: kgenome_matrix_file ..............   Passed    0.02 sec
      Start 63: kgenome_header_records
63/67 Test #63: kgenome_header_records ...........   Passed    0.01 sec
      Start 64: kgenome_probe
64/67 Test #64: kgenome_probe ....................   Passed    0.01 sec
      Start 65: fasta_symbols_file
65/67 Test #65: fasta_symbols_file ...............   Passed    0.02 sec
      Start 66: fasta_symbols_values
66/67 Test #66: fasta_symbols_values .............   Passed    0.02 sec
      Start 67: fasta_symbols_probe
67/67 Test #67: fasta_symbols_probe ..............   Passed    0.01 sec

100% tests passed, 0 tests failed out of 67

Total Test time (real) =   4.04 sec
PS H:\kdna_opencl_with_inspector_krun>
PS H:\kdna_opencl_with_inspector_krun> # ------------------------------------------------------------
PS H:\kdna_opencl_with_inspector_krun> # 2. Executables prüfen
PS H:\kdna_opencl_with_inspector_krun> # ------------------------------------------------------------
PS H:\kdna_opencl_with_inspector_krun>
PS H:\kdna_opencl_with_inspector_krun> Test-Path .\build_vs\Release\kdna_fasta_symbols.exe
True
PS H:\kdna_opencl_with_inspector_krun> Test-Path .\build_vs\Release\kdna_project.exe
True
PS H:\kdna_opencl_with_inspector_krun> Test-Path .\build_vs\Release\kdna_probe.exe
True
PS H:\kdna_opencl_with_inspector_krun> Test-Path .\build_vs\Release\kdna_symbol_gram.exe
True
PS H:\kdna_opencl_with_inspector_krun> Test-Path .\build_vs\Release\kdna_genome_matrix.exe
True
PS H:\kdna_opencl_with_inspector_krun>
PS H:\kdna_opencl_with_inspector_krun> # ------------------------------------------------------------
PS H:\kdna_opencl_with_inspector_krun> # 3. Chromosomenliste
PS H:\kdna_opencl_with_inspector_krun> # ------------------------------------------------------------
PS H:\kdna_opencl_with_inspector_krun>
PS H:\kdna_opencl_with_inspector_krun> $Chroms = @(
>>   "chr1","chr2","chr3","chr4","chr5","chr6",
>>   "chr7","chr8","chr9","chr10","chr11","chr12",
>>   "chr13","chr14","chr15","chr16","chr17","chr18",
>>   "chr19","chr20","chr21","chr22","chrX","chrY"
>> )
PS H:\kdna_opencl_with_inspector_krun>
PS H:\kdna_opencl_with_inspector_krun> # ------------------------------------------------------------
PS H:\kdna_opencl_with_inspector_krun> # 4. Eingaben und chrX/chrY-Integrität prüfen
PS H:\kdna_opencl_with_inspector_krun> # ------------------------------------------------------------
PS H:\kdna_opencl_with_inspector_krun>
PS H:\kdna_opencl_with_inspector_krun> foreach ($C in $Chroms) {
>>   $fa = ".\Genome\$C.fa"
>>   if (-not (Test-Path $fa)) {
>>     throw "Fehlt: $fa"
>>   }
>> }
PS H:\kdna_opencl_with_inspector_krun>
PS H:\kdna_opencl_with_inspector_krun> Get-FileHash .\Genome\chrX.fa

Algorithm       Hash                                                                   Path
---------       ----                                                                   ----
SHA256          69B428AFC86F39B829B3F813741939B3B61C7CB36F508B25FBCF30D6827C1D90       H:\kdna_opencl_with_inspector...


PS H:\kdna_opencl_with_inspector_krun> Get-FileHash .\Genome\chrY.fa

Algorithm       Hash                                                                   Path
---------       ----                                                                   ----
SHA256          D38CB5DA931390C5D974E335BB5376D25347D99B0FEEDD2199BF1F02022DF9B1       H:\kdna_opencl_with_inspector...


PS H:\kdna_opencl_with_inspector_krun> (Get-Item .\Genome\chrX.fa).Length
159161719
PS H:\kdna_opencl_with_inspector_krun> (Get-Item .\Genome\chrY.fa).Length
58371970
PS H:\kdna_opencl_with_inspector_krun>
PS H:\kdna_opencl_with_inspector_krun> # ------------------------------------------------------------
PS H:\kdna_opencl_with_inspector_krun> # 5. Ausgabeordner vorbereiten
PS H:\kdna_opencl_with_inspector_krun> # ------------------------------------------------------------
PS H:\kdna_opencl_with_inspector_krun>
PS H:\kdna_opencl_with_inspector_krun> New-Item -ItemType Directory -Force .\GenomeOutFull | Out-Null
PS H:\kdna_opencl_with_inspector_krun>
PS H:\kdna_opencl_with_inspector_krun> Remove-Item .\GenomeOutFull\*.u64 -Force -ErrorAction SilentlyContinue
PS H:\kdna_opencl_with_inspector_krun> Remove-Item .\GenomeOutFull\*.kfsum -Force -ErrorAction SilentlyContinue
PS H:\kdna_opencl_with_inspector_krun> Remove-Item .\GenomeOutFull\*.kgram -Force -ErrorAction SilentlyContinue
PS H:\kdna_opencl_with_inspector_krun> Remove-Item .\GenomeOutFull\*.krep -Force -ErrorAction SilentlyContinue
PS H:\kdna_opencl_with_inspector_krun> Remove-Item .\GenomeOutFull\*.kgenome -Force -ErrorAction SilentlyContinue
PS H:\kdna_opencl_with_inspector_krun> Remove-Item .\GenomeOutFull\*.csv -Force -ErrorAction SilentlyContinue
PS H:\kdna_opencl_with_inspector_krun>
PS H:\kdna_opencl_with_inspector_krun> # ------------------------------------------------------------
PS H:\kdna_opencl_with_inspector_krun> # 6. FASTA vollständig -> rohe k16-u64-Symbolströme
PS H:\kdna_opencl_with_inspector_krun> # ------------------------------------------------------------
PS H:\kdna_opencl_with_inspector_krun>
PS H:\kdna_opencl_with_inspector_krun> foreach ($C in $Chroms) {
>>   Write-Host "=== FULL FASTA -> k16 symbols: $C ==="
>>
>>   .\build_vs\Release\kdna_fasta_symbols.exe `
>>     --in ".\Genome\$C.fa" `
>>     --out ".\GenomeOutFull\$C`_k16.u64" `
>>     --k 16 `
>>     --max-symbols 0 `
>>     --summary ".\GenomeOutFull\$C`_k16.kfsum"
>>
>>   .\build_vs\Release\kdna_probe.exe ".\GenomeOutFull\$C`_k16.kfsum"
>>
>>   $N = [UInt64]((Get-Item ".\GenomeOutFull\$C`_k16.u64").Length / 8)
>>   Write-Host "$C full symbols=$N"
>> }
=== FULL FASTA -> k16 symbols: chr1 ===
kdna_fasta_symbols: in=.\Genome\chr1.fa out=.\GenomeOutFull\chr1_k16.u64 k=16 symbols=230478786 bases_total=248956422 valid=230481012 invalid=18475410 resets=167 contigs=1 max_symbols=0
summary=.\GenomeOutFull\chr1_k16.kfsum
file: .\GenomeOutFull\chr1_k16.kfsum
  size:128 fnv1a64:0x825e25763fe5ed9b
  magic: KFSUM001
  type: KFSUM rc:ok k:16 symbols:230478786 bases_total:248956422 valid:230481012 invalid:18475410 resets:167 contigs:1 max_symbols:0 payload:1843830288 flags:0xf
chr1 full symbols=230478786
=== FULL FASTA -> k16 symbols: chr2 ===
kdna_fasta_symbols: in=.\Genome\chr2.fa out=.\GenomeOutFull\chr2_k16.u64 k=16 symbols=240547740 bases_total=242193529 valid=240548228 invalid=1645301 resets=34 contigs=1 max_symbols=0
summary=.\GenomeOutFull\chr2_k16.kfsum
file: .\GenomeOutFull\chr2_k16.kfsum
  size:128 fnv1a64:0x615d009a157068e8
  magic: KFSUM001
  type: KFSUM rc:ok k:16 symbols:240547740 bases_total:242193529 valid:240548228 invalid:1645301 resets:34 contigs:1 max_symbols:0 payload:1924381920 flags:0xf
chr2 full symbols=240547740
=== FULL FASTA -> k16 symbols: chr3 ===
kdna_fasta_symbols: in=.\Genome\chr3.fa out=.\GenomeOutFull\chr3_k16.u64 k=16 symbols=198099715 bases_total=198295559 valid=198100135 invalid=195424 resets=28 contigs=1 max_symbols=0
summary=.\GenomeOutFull\chr3_k16.kfsum
file: .\GenomeOutFull\chr3_k16.kfsum
  size:128 fnv1a64:0x979aabc431d30cc2
  magic: KFSUM001
  type: KFSUM rc:ok k:16 symbols:198099715 bases_total:198295559 valid:198100135 invalid:195424 resets:28 contigs:1 max_symbols:0 payload:1584797720 flags:0xf
chr3 full symbols=198099715
=== FULL FASTA -> k16 symbols: chr4 ===
kdna_fasta_symbols: in=.\Genome\chr4.fa out=.\GenomeOutFull\chr4_k16.u64 k=16 symbols=189752412 bases_total=190214555 valid=189752667 invalid=461888 resets=17 contigs=1 max_symbols=0
summary=.\GenomeOutFull\chr4_k16.kfsum
file: .\GenomeOutFull\chr4_k16.kfsum
  size:128 fnv1a64:0x9eeb63969db9e535
  magic: KFSUM001
  type: KFSUM rc:ok k:16 symbols:189752412 bases_total:190214555 valid:189752667 invalid:461888 resets:17 contigs:1 max_symbols:0 payload:1518019296 flags:0xf
chr4 full symbols=189752412
=== FULL FASTA -> k16 symbols: chr5 ===
kdna_fasta_symbols: in=.\Genome\chr5.fa out=.\GenomeOutFull\chr5_k16.u64 k=16 symbols=181264838 bases_total=181538259 valid=181265378 invalid=272881 resets=36 contigs=1 max_symbols=0
summary=.\GenomeOutFull\chr5_k16.kfsum
file: .\GenomeOutFull\chr5_k16.kfsum
  size:128 fnv1a64:0x4ee8d840baa79d84
  magic: KFSUM001
  type: KFSUM rc:ok k:16 symbols:181264838 bases_total:181538259 valid:181265378 invalid:272881 resets:36 contigs:1 max_symbols:0 payload:1450118704 flags:0xf
chr5 full symbols=181264838
=== FULL FASTA -> k16 symbols: chr6 ===
kdna_fasta_symbols: in=.\Genome\chr6.fa out=.\GenomeOutFull\chr6_k16.u64 k=16 symbols=170078297 bases_total=170805979 valid=170078522 invalid=727457 resets=15 contigs=1 max_symbols=0
summary=.\GenomeOutFull\chr6_k16.kfsum
file: .\GenomeOutFull\chr6_k16.kfsum
  size:128 fnv1a64:0xa87f2ad7ae147ae8
  magic: KFSUM001
  type: KFSUM rc:ok k:16 symbols:170078297 bases_total:170805979 valid:170078522 invalid:727457 resets:15 contigs:1 max_symbols:0 payload:1360626376 flags:0xf
chr6 full symbols=170078297
=== FULL FASTA -> k16 symbols: chr7 ===
kdna_fasta_symbols: in=.\Genome\chr7.fa out=.\GenomeOutFull\chr7_k16.u64 k=16 symbols=158969846 bases_total=159345973 valid=158970131 invalid=375842 resets=19 contigs=1 max_symbols=0
summary=.\GenomeOutFull\chr7_k16.kfsum
file: .\GenomeOutFull\chr7_k16.kfsum
  size:128 fnv1a64:0xe4bc274240797ecf
  magic: KFSUM001
  type: KFSUM rc:ok k:16 symbols:158969846 bases_total:159345973 valid:158970131 invalid:375842 resets:19 contigs:1 max_symbols:0 payload:1271758768 flags:0xf
chr7 full symbols=158969846
=== FULL FASTA -> k16 symbols: chr8 ===
kdna_fasta_symbols: in=.\Genome\chr8.fa out=.\GenomeOutFull\chr8_k16.u64 k=16 symbols=144767971 bases_total=145138636 valid=144768136 invalid=370500 resets=11 contigs=1 max_symbols=0
summary=.\GenomeOutFull\chr8_k16.kfsum
file: .\GenomeOutFull\chr8_k16.kfsum
  size:128 fnv1a64:0xc56b0c14634390fc
  magic: KFSUM001
  type: KFSUM rc:ok k:16 symbols:144767971 bases_total:145138636 valid:144768136 invalid:370500 resets:11 contigs:1 max_symbols:0 payload:1158143768 flags:0xf
chr8 full symbols=144767971
=== FULL FASTA -> k16 symbols: chr9 ===
kdna_fasta_symbols: in=.\Genome\chr9.fa out=.\GenomeOutFull\chr9_k16.u64 k=16 symbols=121789875 bases_total=138394717 valid=121790550 invalid=16604167 resets=45 contigs=1 max_symbols=0
summary=.\GenomeOutFull\chr9_k16.kfsum
file: .\GenomeOutFull\chr9_k16.kfsum
  size:128 fnv1a64:0x3218d1e0fa977003
  magic: KFSUM001
  type: KFSUM rc:ok k:16 symbols:121789875 bases_total:138394717 valid:121790550 invalid:16604167 resets:45 contigs:1 max_symbols:0 payload:974319000 flags:0xf
chr9 full symbols=121789875
=== FULL FASTA -> k16 symbols: chr10 ===
kdna_fasta_symbols: in=.\Genome\chr10.fa out=.\GenomeOutFull\chr10_k16.u64 k=16 symbols=133261791 bases_total=133797422 valid=133262962 invalid=534460 resets=79 contigs=1 max_symbols=0
summary=.\GenomeOutFull\chr10_k16.kfsum
file: .\GenomeOutFull\chr10_k16.kfsum
  size:128 fnv1a64:0x14db11af97df5041
  magic: KFSUM001
  type: KFSUM rc:ok k:16 symbols:133261791 bases_total:133797422 valid:133262962 invalid:534460 resets:79 contigs:1 max_symbols:0 payload:1066094328 flags:0xf
chr10 full symbols=133261791
=== FULL FASTA -> k16 symbols: chr11 ===
kdna_fasta_symbols: in=.\Genome\chr11.fa out=.\GenomeOutFull\chr11_k16.u64 k=16 symbols=134533502 bases_total=135086622 valid=134533742 invalid=552880 resets=16 contigs=1 max_symbols=0
summary=.\GenomeOutFull\chr11_k16.kfsum
file: .\GenomeOutFull\chr11_k16.kfsum
  size:128 fnv1a64:0x5bfd36dbb6040da5
  magic: KFSUM001
  type: KFSUM rc:ok k:16 symbols:134533502 bases_total:135086622 valid:134533742 invalid:552880 resets:16 contigs:1 max_symbols:0 payload:1076268016 flags:0xf
chr11 full symbols=134533502
=== FULL FASTA -> k16 symbols: chr12 ===
kdna_fasta_symbols: in=.\Genome\chr12.fa out=.\GenomeOutFull\chr12_k16.u64 k=16 symbols=133137381 bases_total=133275309 valid=133137816 invalid=137493 resets=29 contigs=1 max_symbols=0
summary=.\GenomeOutFull\chr12_k16.kfsum
file: .\GenomeOutFull\chr12_k16.kfsum
  size:128 fnv1a64:0x481ce7928f984dee
  magic: KFSUM001
  type: KFSUM rc:ok k:16 symbols:133137381 bases_total:133275309 valid:133137816 invalid:137493 resets:29 contigs:1 max_symbols:0 payload:1065099048 flags:0xf
chr12 full symbols=133137381
=== FULL FASTA -> k16 symbols: chr13 ===
kdna_fasta_symbols: in=.\Genome\chr13.fa out=.\GenomeOutFull\chr13_k16.u64 k=16 symbols=97982809 bases_total=114364328 valid=97983125 invalid=16381203 resets=22 contigs=1 max_symbols=0
summary=.\GenomeOutFull\chr13_k16.kfsum
file: .\GenomeOutFull\chr13_k16.kfsum
  size:128 fnv1a64:0xb547a05f13619d6b
  magic: KFSUM001
  type: KFSUM rc:ok k:16 symbols:97982809 bases_total:114364328 valid:97983125 invalid:16381203 resets:22 contigs:1 max_symbols:0 payload:783862472 flags:0xf
chr13 full symbols=97982809
=== FULL FASTA -> k16 symbols: chr14 ===
kdna_fasta_symbols: in=.\Genome\chr14.fa out=.\GenomeOutFull\chr14_k16.u64 k=16 symbols=90567789 bases_total=107043718 valid=90568149 invalid=16475569 resets=24 contigs=1 max_symbols=0
summary=.\GenomeOutFull\chr14_k16.kfsum
file: .\GenomeOutFull\chr14_k16.kfsum
  size:128 fnv1a64:0x3fab0dcf720edda6
  magic: KFSUM001
  type: KFSUM rc:ok k:16 symbols:90567789 bases_total:107043718 valid:90568149 invalid:16475569 resets:24 contigs:1 max_symbols:0 payload:724542312 flags:0xf
chr14 full symbols=90567789
=== FULL FASTA -> k16 symbols: chr15 ===
kdna_fasta_symbols: in=.\Genome\chr15.fa out=.\GenomeOutFull\chr15_k16.u64 k=16 symbols=84641066 bases_total=101991189 valid=84641325 invalid=17349864 resets=18 contigs=1 max_symbols=0
summary=.\GenomeOutFull\chr15_k16.kfsum
file: .\GenomeOutFull\chr15_k16.kfsum
  size:128 fnv1a64:0x67de657e53f21abd
  magic: KFSUM001
  type: KFSUM rc:ok k:16 symbols:84641066 bases_total:101991189 valid:84641325 invalid:17349864 resets:18 contigs:1 max_symbols:0 payload:677128528 flags:0xf
chr15 full symbols=84641066
=== FULL FASTA -> k16 symbols: chr16 ===
kdna_fasta_symbols: in=.\Genome\chr16.fa out=.\GenomeOutFull\chr16_k16.u64 k=16 symbols=81805628 bases_total=90338345 valid=81805943 invalid=8532402 resets=21 contigs=1 max_symbols=0
summary=.\GenomeOutFull\chr16_k16.kfsum
file: .\GenomeOutFull\chr16_k16.kfsum
  size:128 fnv1a64:0x8954b0b7344e0897
  magic: KFSUM001
  type: KFSUM rc:ok k:16 symbols:81805628 bases_total:90338345 valid:81805943 invalid:8532402 resets:21 contigs:1 max_symbols:0 payload:654445024 flags:0xf
chr16 full symbols=81805628
=== FULL FASTA -> k16 symbols: chr17 ===
kdna_fasta_symbols: in=.\Genome\chr17.fa out=.\GenomeOutFull\chr17_k16.u64 k=16 symbols=82919499 bases_total=83257441 valid=82920204 invalid=337237 resets=47 contigs=1 max_symbols=0
summary=.\GenomeOutFull\chr17_k16.kfsum
file: .\GenomeOutFull\chr17_k16.kfsum
  size:128 fnv1a64:0x808b5d0efd185e1b
  magic: KFSUM001
  type: KFSUM rc:ok k:16 symbols:82919499 bases_total:83257441 valid:82920204 invalid:337237 resets:47 contigs:1 max_symbols:0 payload:663355992 flags:0xf
chr17 full symbols=82919499
=== FULL FASTA -> k16 symbols: chr18 ===
kdna_fasta_symbols: in=.\Genome\chr18.fa out=.\GenomeOutFull\chr18_k16.u64 k=16 symbols=80088870 bases_total=80373285 valid=80089605 invalid=283680 resets=60 contigs=1 max_symbols=0
summary=.\GenomeOutFull\chr18_k16.kfsum
file: .\GenomeOutFull\chr18_k16.kfsum
  size:128 fnv1a64:0x7e6d49e16a1c0273
  magic: KFSUM001
  type: KFSUM rc:ok k:16 symbols:80088870 bases_total:80373285 valid:80089605 invalid:283680 resets:60 contigs:1 max_symbols:0 payload:640710960 flags:0xf
chr18 full symbols=80088870
=== FULL FASTA -> k16 symbols: chr19 ===
kdna_fasta_symbols: in=.\Genome\chr19.fa out=.\GenomeOutFull\chr19_k16.u64 k=16 symbols=58440638 bases_total=58617616 valid=58440758 invalid=176858 resets=8 contigs=1 max_symbols=0
summary=.\GenomeOutFull\chr19_k16.kfsum
file: .\GenomeOutFull\chr19_k16.kfsum
  size:128 fnv1a64:0x2e93bdad59a30305
  magic: KFSUM001
  type: KFSUM rc:ok k:16 symbols:58440638 bases_total:58617616 valid:58440758 invalid:176858 resets:8 contigs:1 max_symbols:0 payload:467525104 flags:0xf
chr19 full symbols=58440638
=== FULL FASTA -> k16 symbols: chr20 ===
kdna_fasta_symbols: in=.\Genome\chr20.fa out=.\GenomeOutFull\chr20_k16.u64 k=16 symbols=63942922 bases_total=64444167 valid=63944257 invalid=499910 resets=89 contigs=1 max_symbols=0
summary=.\GenomeOutFull\chr20_k16.kfsum
file: .\GenomeOutFull\chr20_k16.kfsum
  size:128 fnv1a64:0xe92325bfecc2fdae
  magic: KFSUM001
  type: KFSUM rc:ok k:16 symbols:63942922 bases_total:64444167 valid:63944257 invalid:499910 resets:89 contigs:1 max_symbols:0 payload:511543376 flags:0xf
chr20 full symbols=63942922
=== FULL FASTA -> k16 symbols: chr21 ===
kdna_fasta_symbols: in=.\Genome\chr21.fa out=.\GenomeOutFull\chr21_k16.u64 k=16 symbols=40087854 bases_total=46709983 valid=40088619 invalid=6621364 resets=51 contigs=1 max_symbols=0
summary=.\GenomeOutFull\chr21_k16.kfsum
file: .\GenomeOutFull\chr21_k16.kfsum
  size:128 fnv1a64:0x951c83acce2548f1
  magic: KFSUM001
  type: KFSUM rc:ok k:16 symbols:40087854 bases_total:46709983 valid:40088619 invalid:6621364 resets:51 contigs:1 max_symbols:0 payload:320702832 flags:0xf
chr21 full symbols=40087854
=== FULL FASTA -> k16 symbols: chr22 ===
kdna_fasta_symbols: in=.\Genome\chr22.fa out=.\GenomeOutFull\chr22_k16.u64 k=16 symbols=39159057 bases_total=50818468 valid=39159777 invalid=11658691 resets=48 contigs=1 max_symbols=0
summary=.\GenomeOutFull\chr22_k16.kfsum
file: .\GenomeOutFull\chr22_k16.kfsum
  size:128 fnv1a64:0x9febc5b838f50e43
  magic: KFSUM001
  type: KFSUM rc:ok k:16 symbols:39159057 bases_total:50818468 valid:39159777 invalid:11658691 resets:48 contigs:1 max_symbols:0 payload:313272456 flags:0xf
chr22 full symbols=39159057
=== FULL FASTA -> k16 symbols: chrX ===
kdna_fasta_symbols: in=.\Genome\chrX.fa out=.\GenomeOutFull\chrX_k16.u64 k=16 symbols=154892552 bases_total=156040895 valid=154893029 invalid=1147866 resets=33 contigs=1 max_symbols=0
summary=.\GenomeOutFull\chrX_k16.kfsum
file: .\GenomeOutFull\chrX_k16.kfsum
  size:128 fnv1a64:0xedc58b7a542424c6
  magic: KFSUM001
  type: KFSUM rc:ok k:16 symbols:154892552 bases_total:156040895 valid:154893029 invalid:1147866 resets:33 contigs:1 max_symbols:0 payload:1239140416 flags:0xf
chrX full symbols=154892552
=== FULL FASTA -> k16 symbols: chrY ===
kdna_fasta_symbols: in=.\Genome\chrY.fa out=.\GenomeOutFull\chrY_k16.u64 k=16 symbols=26414161 bases_total=57227415 valid=26415043 invalid=30812372 resets=60 contigs=1 max_symbols=0
summary=.\GenomeOutFull\chrY_k16.kfsum
file: .\GenomeOutFull\chrY_k16.kfsum
  size:128 fnv1a64:0x35691903b6d619f8
  magic: KFSUM001
  type: KFSUM rc:ok k:16 symbols:26414161 bases_total:57227415 valid:26415043 invalid:30812372 resets:60 contigs:1 max_symbols:0 payload:211313288 flags:0xf
chrY full symbols=26414161
PS H:\kdna_opencl_with_inspector_krun>
PS H:\kdna_opencl_with_inspector_krun> # ------------------------------------------------------------
PS H:\kdna_opencl_with_inspector_krun> # 7. KMAP/KDNA-Projektion ohne vollständige .kmap-Debugrecords
PS H:\kdna_opencl_with_inspector_krun> # ------------------------------------------------------------
PS H:\kdna_opencl_with_inspector_krun>
PS H:\kdna_opencl_with_inspector_krun> foreach ($C in $Chroms) {
>>   Write-Host "=== KDNA projection, stream-only: $C ==="
>>
>>   $N = [UInt64]((Get-Item ".\GenomeOutFull\$C`_k16.u64").Length / 8)
>>
>>   .\build_vs\Release\kdna_project.exe `
>>     --symbols ".\GenomeOutFull\$C`_k16.u64" `
>>     --n $N `
>>     --out-symbols ".\GenomeOutFull\$C`_k16_kdna.u64" `
>>     --mode affine `
>>     --k 16 `
>>     --xmin -8 `
>>     --xmax 8 `
>>     --backend opencl `
>>     --kernel kernels\kdna_eval.cl `
>>     --chunk 262144
>>
>>   $KN = [UInt64]((Get-Item ".\GenomeOutFull\$C`_k16_kdna.u64").Length / 8)
>>   if ($KN -ne $N) {
>>     throw "KDNA symbol count mismatch for $C : raw=$N kdna=$KN"
>>   }
>> }
=== KDNA projection, stream-only: chr1 ===
kdna_project: source=.\GenomeOutFull\chr1_k16.u64 n=230478786 mode=affine backend=opencl out_symbols=.\GenomeOutFull\chr1_k16_kdna.u64 x:[-8,8] source:[0,4294967295] k=16
=== KDNA projection, stream-only: chr2 ===
kdna_project: source=.\GenomeOutFull\chr2_k16.u64 n=240547740 mode=affine backend=opencl out_symbols=.\GenomeOutFull\chr2_k16_kdna.u64 x:[-8,8] source:[0,4294967295] k=16
=== KDNA projection, stream-only: chr3 ===
kdna_project: source=.\GenomeOutFull\chr3_k16.u64 n=198099715 mode=affine backend=opencl out_symbols=.\GenomeOutFull\chr3_k16_kdna.u64 x:[-8,8] source:[0,4294967295] k=16
=== KDNA projection, stream-only: chr4 ===
kdna_project: source=.\GenomeOutFull\chr4_k16.u64 n=189752412 mode=affine backend=opencl out_symbols=.\GenomeOutFull\chr4_k16_kdna.u64 x:[-8,8] source:[0,4294967295] k=16
=== KDNA projection, stream-only: chr5 ===
kdna_project: source=.\GenomeOutFull\chr5_k16.u64 n=181264838 mode=affine backend=opencl out_symbols=.\GenomeOutFull\chr5_k16_kdna.u64 x:[-8,8] source:[0,4294967295] k=16
=== KDNA projection, stream-only: chr6 ===
kdna_project: source=.\GenomeOutFull\chr6_k16.u64 n=170078297 mode=affine backend=opencl out_symbols=.\GenomeOutFull\chr6_k16_kdna.u64 x:[-8,8] source:[0,4294967295] k=16
=== KDNA projection, stream-only: chr7 ===
kdna_project: source=.\GenomeOutFull\chr7_k16.u64 n=158969846 mode=affine backend=opencl out_symbols=.\GenomeOutFull\chr7_k16_kdna.u64 x:[-8,8] source:[0,4294967295] k=16
=== KDNA projection, stream-only: chr8 ===
kdna_project: source=.\GenomeOutFull\chr8_k16.u64 n=144767971 mode=affine backend=opencl out_symbols=.\GenomeOutFull\chr8_k16_kdna.u64 x:[-8,8] source:[0,4294967295] k=16
=== KDNA projection, stream-only: chr9 ===
kdna_project: source=.\GenomeOutFull\chr9_k16.u64 n=121789875 mode=affine backend=opencl out_symbols=.\GenomeOutFull\chr9_k16_kdna.u64 x:[-8,8] source:[0,4294967295] k=16
=== KDNA projection, stream-only: chr10 ===
kdna_project: source=.\GenomeOutFull\chr10_k16.u64 n=133261791 mode=affine backend=opencl out_symbols=.\GenomeOutFull\chr10_k16_kdna.u64 x:[-8,8] source:[0,4294967295] k=16
=== KDNA projection, stream-only: chr11 ===
kdna_project: source=.\GenomeOutFull\chr11_k16.u64 n=134533502 mode=affine backend=opencl out_symbols=.\GenomeOutFull\chr11_k16_kdna.u64 x:[-8,8] source:[0,4294967295] k=16
=== KDNA projection, stream-only: chr12 ===
kdna_project: source=.\GenomeOutFull\chr12_k16.u64 n=133137381 mode=affine backend=opencl out_symbols=.\GenomeOutFull\chr12_k16_kdna.u64 x:[-8,8] source:[0,4294967295] k=16
=== KDNA projection, stream-only: chr13 ===
kdna_project: source=.\GenomeOutFull\chr13_k16.u64 n=97982809 mode=affine backend=opencl out_symbols=.\GenomeOutFull\chr13_k16_kdna.u64 x:[-8,8] source:[0,4294967295] k=16
=== KDNA projection, stream-only: chr14 ===
kdna_project: source=.\GenomeOutFull\chr14_k16.u64 n=90567789 mode=affine backend=opencl out_symbols=.\GenomeOutFull\chr14_k16_kdna.u64 x:[-8,8] source:[0,4294967295] k=16
=== KDNA projection, stream-only: chr15 ===
kdna_project: source=.\GenomeOutFull\chr15_k16.u64 n=84641066 mode=affine backend=opencl out_symbols=.\GenomeOutFull\chr15_k16_kdna.u64 x:[-8,8] source:[0,4294967295] k=16
=== KDNA projection, stream-only: chr16 ===
kdna_project: source=.\GenomeOutFull\chr16_k16.u64 n=81805628 mode=affine backend=opencl out_symbols=.\GenomeOutFull\chr16_k16_kdna.u64 x:[-8,8] source:[0,4294967295] k=16
=== KDNA projection, stream-only: chr17 ===
kdna_project: source=.\GenomeOutFull\chr17_k16.u64 n=82919499 mode=affine backend=opencl out_symbols=.\GenomeOutFull\chr17_k16_kdna.u64 x:[-8,8] source:[0,4294967295] k=16
=== KDNA projection, stream-only: chr18 ===
kdna_project: source=.\GenomeOutFull\chr18_k16.u64 n=80088870 mode=affine backend=opencl out_symbols=.\GenomeOutFull\chr18_k16_kdna.u64 x:[-8,8] source:[0,4294967295] k=16
=== KDNA projection, stream-only: chr19 ===
kdna_project: source=.\GenomeOutFull\chr19_k16.u64 n=58440638 mode=affine backend=opencl out_symbols=.\GenomeOutFull\chr19_k16_kdna.u64 x:[-8,8] source:[0,4294967295] k=16
=== KDNA projection, stream-only: chr20 ===
kdna_project: source=.\GenomeOutFull\chr20_k16.u64 n=63942922 mode=affine backend=opencl out_symbols=.\GenomeOutFull\chr20_k16_kdna.u64 x:[-8,8] source:[0,4294967295] k=16
=== KDNA projection, stream-only: chr21 ===
kdna_project: source=.\GenomeOutFull\chr21_k16.u64 n=40087854 mode=affine backend=opencl out_symbols=.\GenomeOutFull\chr21_k16_kdna.u64 x:[-8,8] source:[0,4294967295] k=16
=== KDNA projection, stream-only: chr22 ===
kdna_project: source=.\GenomeOutFull\chr22_k16.u64 n=39159057 mode=affine backend=opencl out_symbols=.\GenomeOutFull\chr22_k16_kdna.u64 x:[-8,8] source:[0,4294967295] k=16
=== KDNA projection, stream-only: chrX ===
kdna_project: source=.\GenomeOutFull\chrX_k16.u64 n=154892552 mode=affine backend=opencl out_symbols=.\GenomeOutFull\chrX_k16_kdna.u64 x:[-8,8] source:[0,4294967295] k=16
=== KDNA projection, stream-only: chrY ===
kdna_project: source=.\GenomeOutFull\chrY_k16.u64 n=26414161 mode=affine backend=opencl out_symbols=.\GenomeOutFull\chrY_k16_kdna.u64 x:[-8,8] source:[0,4294967295] k=16
PS H:\kdna_opencl_with_inspector_krun>
PS H:\kdna_opencl_with_inspector_krun> # ------------------------------------------------------------
PS H:\kdna_opencl_with_inspector_krun> # 8. Self-KGRAM pro vollständigem Chromosom erzeugen
PS H:\kdna_opencl_with_inspector_krun> # ------------------------------------------------------------
PS H:\kdna_opencl_with_inspector_krun>
PS H:\kdna_opencl_with_inspector_krun> foreach ($C in $Chroms) {
>>   Write-Host "=== Full Self-KGRAM: $C ==="
>>
>>   $N = [UInt64]((Get-Item ".\GenomeOutFull\$C`_k16_kdna.u64").Length / 8)
>>
>>   .\build_vs\Release\kdna_symbol_gram.exe `
>>     --symbols ".\GenomeOutFull\$C`_k16_kdna.u64" `
>>     --n $N `
>>     --out ".\GenomeOutFull\$C`_k16_self.kgram" `
>>     --train 0.70
>>
>>   .\build_vs\Release\kdna_probe.exe ".\GenomeOutFull\$C`_k16_self.kgram"
>> }
=== Full Self-KGRAM: chr1 ===
kdna_symbol_gram: source=.\GenomeOutFull\chr1_k16_kdna.u64 out=.\GenomeOutFull\chr1_k16_self.kgram n=230478786 train_n=161335150 transitions=161335149 unique_edges=2377244 payload_bytes=608574464
file: .\GenomeOutFull\chr1_k16_self.kgram
  size:608574592 fnv1a64:0xa01bde7628a92ab8
  magic: KGRAM01
  type: KGRAM rc:ok rules:2377244 source_words:2377245 source_n:230478786 payload:608574464
=== Full Self-KGRAM: chr2 ===
kdna_symbol_gram: failed: out of memory
file: .\GenomeOutFull\chr2_k16_self.kgram
  size:0 fnv1a64:0x0000000000000000
  error: cannot read magic
=== Full Self-KGRAM: chr3 ===
kdna_symbol_gram: source=.\GenomeOutFull\chr3_k16_kdna.u64 out=.\GenomeOutFull\chr3_k16_self.kgram n=198099715 train_n=138669800 transitions=138669799 unique_edges=2306226 payload_bytes=590393856
file: .\GenomeOutFull\chr3_k16_self.kgram
  size:590393984 fnv1a64:0x8ab3d37ca46c699c
  magic: KGRAM01
  type: KGRAM rc:ok rules:2306226 source_words:2306227 source_n:198099715 payload:590393856
=== Full Self-KGRAM: chr4 ===
kdna_symbol_gram: source=.\GenomeOutFull\chr4_k16_kdna.u64 out=.\GenomeOutFull\chr4_k16_self.kgram n=189752412 train_n=132826688 transitions=132826687 unique_edges=2277542 payload_bytes=583050752
file: .\GenomeOutFull\chr4_k16_self.kgram
  size:583050880 fnv1a64:0x528ce7f73b3c3d55
  magic: KGRAM01
  type: KGRAM rc:ok rules:2277542 source_words:2277543 source_n:189752412 payload:583050752
=== Full Self-KGRAM: chr5 ===
kdna_symbol_gram: source=.\GenomeOutFull\chr5_k16_kdna.u64 out=.\GenomeOutFull\chr5_k16_self.kgram n=181264838 train_n=126885386 transitions=126885385 unique_edges=2259125 payload_bytes=578336000
file: .\GenomeOutFull\chr5_k16_self.kgram
  size:578336128 fnv1a64:0xec21c88ae07eeac9
  magic: KGRAM01
  type: KGRAM rc:ok rules:2259125 source_words:2259126 source_n:181264838 payload:578336000
=== Full Self-KGRAM: chr6 ===
kdna_symbol_gram: source=.\GenomeOutFull\chr6_k16_kdna.u64 out=.\GenomeOutFull\chr6_k16_self.kgram n=170078297 train_n=119054807 transitions=119054806 unique_edges=2272646 payload_bytes=581797376
file: .\GenomeOutFull\chr6_k16_self.kgram
  size:581797504 fnv1a64:0x63fb9a5ac300101c
  magic: KGRAM01
  type: KGRAM rc:ok rules:2272646 source_words:2272647 source_n:170078297 payload:581797376
=== Full Self-KGRAM: chr7 ===
kdna_symbol_gram: source=.\GenomeOutFull\chr7_k16_kdna.u64 out=.\GenomeOutFull\chr7_k16_self.kgram n=158969846 train_n=111278892 transitions=111278891 unique_edges=2273356 payload_bytes=581979136
file: .\GenomeOutFull\chr7_k16_self.kgram
  size:581979264 fnv1a64:0xa76e66e8a314eae4
  magic: KGRAM01
  type: KGRAM rc:ok rules:2273356 source_words:2273357 source_n:158969846 payload:581979136
=== Full Self-KGRAM: chr8 ===
kdna_symbol_gram: source=.\GenomeOutFull\chr8_k16_kdna.u64 out=.\GenomeOutFull\chr8_k16_self.kgram n=144767971 train_n=101337579 transitions=101337578 unique_edges=2241038 payload_bytes=573705728
file: .\GenomeOutFull\chr8_k16_self.kgram
  size:573705856 fnv1a64:0x16787ab894e456f6
  magic: KGRAM01
  type: KGRAM rc:ok rules:2241038 source_words:2241039 source_n:144767971 payload:573705728
=== Full Self-KGRAM: chr9 ===
kdna_symbol_gram: source=.\GenomeOutFull\chr9_k16_kdna.u64 out=.\GenomeOutFull\chr9_k16_self.kgram n=121789875 train_n=85252912 transitions=85252911 unique_edges=2163846 payload_bytes=553944576
file: .\GenomeOutFull\chr9_k16_self.kgram
  size:553944704 fnv1a64:0x5e3b89f8380d633b
  magic: KGRAM01
  type: KGRAM rc:ok rules:2163846 source_words:2163847 source_n:121789875 payload:553944576
=== Full Self-KGRAM: chr10 ===
kdna_symbol_gram: source=.\GenomeOutFull\chr10_k16_kdna.u64 out=.\GenomeOutFull\chr10_k16_self.kgram n=133261791 train_n=93283253 transitions=93283252 unique_edges=2227379 payload_bytes=570209024
file: .\GenomeOutFull\chr10_k16_self.kgram
  size:570209152 fnv1a64:0x7809c7632f32970d
  magic: KGRAM01
  type: KGRAM rc:ok rules:2227379 source_words:2227380 source_n:133261791 payload:570209024
=== Full Self-KGRAM: chr11 ===
kdna_symbol_gram: source=.\GenomeOutFull\chr11_k16_kdna.u64 out=.\GenomeOutFull\chr11_k16_self.kgram n=134533502 train_n=94173451 transitions=94173450 unique_edges=2238941 payload_bytes=573168896
file: .\GenomeOutFull\chr11_k16_self.kgram
  size:573169024 fnv1a64:0x5bc1fe0c228e0ad5
  magic: KGRAM01
  type: KGRAM rc:ok rules:2238941 source_words:2238942 source_n:134533502 payload:573168896
=== Full Self-KGRAM: chr12 ===
kdna_symbol_gram: source=.\GenomeOutFull\chr12_k16_kdna.u64 out=.\GenomeOutFull\chr12_k16_self.kgram n=133137381 train_n=93196166 transitions=93196165 unique_edges=2192315 payload_bytes=561232640
file: .\GenomeOutFull\chr12_k16_self.kgram
  size:561232768 fnv1a64:0x7fb5dc20e521523b
  magic: KGRAM01
  type: KGRAM rc:ok rules:2192315 source_words:2192316 source_n:133137381 payload:561232640
=== Full Self-KGRAM: chr13 ===
kdna_symbol_gram: source=.\GenomeOutFull\chr13_k16_kdna.u64 out=.\GenomeOutFull\chr13_k16_self.kgram n=97982809 train_n=68587966 transitions=68587965 unique_edges=2079703 payload_bytes=532403968
file: .\GenomeOutFull\chr13_k16_self.kgram
  size:532404096 fnv1a64:0xfb02a60591017b00
  magic: KGRAM01
  type: KGRAM rc:ok rules:2079703 source_words:2079704 source_n:97982809 payload:532403968
=== Full Self-KGRAM: chr14 ===
kdna_symbol_gram: source=.\GenomeOutFull\chr14_k16_kdna.u64 out=.\GenomeOutFull\chr14_k16_self.kgram n=90567789 train_n=63397452 transitions=63397451 unique_edges=2077162 payload_bytes=531753472
file: .\GenomeOutFull\chr14_k16_self.kgram
  size:531753600 fnv1a64:0x92888e4f23b5c9c6
  magic: KGRAM01
  type: KGRAM rc:ok rules:2077162 source_words:2077163 source_n:90567789 payload:531753472
=== Full Self-KGRAM: chr15 ===
kdna_symbol_gram: source=.\GenomeOutFull\chr15_k16_kdna.u64 out=.\GenomeOutFull\chr15_k16_self.kgram n=84641066 train_n=59248746 transitions=59248745 unique_edges=2087345 payload_bytes=534360320
file: .\GenomeOutFull\chr15_k16_self.kgram
  size:534360448 fnv1a64:0xf51715253de041ee
  magic: KGRAM01
  type: KGRAM rc:ok rules:2087345 source_words:2087346 source_n:84641066 payload:534360320
=== Full Self-KGRAM: chr16 ===
kdna_symbol_gram: source=.\GenomeOutFull\chr16_k16_kdna.u64 out=.\GenomeOutFull\chr16_k16_self.kgram n=81805628 train_n=57263939 transitions=57263938 unique_edges=2121650 payload_bytes=543142400
file: .\GenomeOutFull\chr16_k16_self.kgram
  size:543142528 fnv1a64:0x4dc6f87e74508c3a
  magic: KGRAM01
  type: KGRAM rc:ok rules:2121650 source_words:2121651 source_n:81805628 payload:543142400
=== Full Self-KGRAM: chr17 ===
kdna_symbol_gram: source=.\GenomeOutFull\chr17_k16_kdna.u64 out=.\GenomeOutFull\chr17_k16_self.kgram n=82919499 train_n=58043649 transitions=58043648 unique_edges=2125568 payload_bytes=544145408
file: .\GenomeOutFull\chr17_k16_self.kgram
  size:544145536 fnv1a64:0x10fb7101c5fcd9c5
  magic: KGRAM01
  type: KGRAM rc:ok rules:2125568 source_words:2125569 source_n:82919499 payload:544145408
=== Full Self-KGRAM: chr18 ===
kdna_symbol_gram: source=.\GenomeOutFull\chr18_k16_kdna.u64 out=.\GenomeOutFull\chr18_k16_self.kgram n=80088870 train_n=56062209 transitions=56062208 unique_edges=2027957 payload_bytes=519156992
file: .\GenomeOutFull\chr18_k16_self.kgram
  size:519157120 fnv1a64:0x3620bbca250de685
  magic: KGRAM01
  type: KGRAM rc:ok rules:2027957 source_words:2027958 source_n:80088870 payload:519156992
=== Full Self-KGRAM: chr19 ===
kdna_symbol_gram: source=.\GenomeOutFull\chr19_k16_kdna.u64 out=.\GenomeOutFull\chr19_k16_self.kgram n=58440638 train_n=40908446 transitions=40908445 unique_edges=2014057 payload_bytes=515598592
file: .\GenomeOutFull\chr19_k16_self.kgram
  size:515598720 fnv1a64:0xa8dec3ae245d5c18
  magic: KGRAM01
  type: KGRAM rc:ok rules:2014057 source_words:2014058 source_n:58440638 payload:515598592
=== Full Self-KGRAM: chr20 ===
kdna_symbol_gram: source=.\GenomeOutFull\chr20_k16_kdna.u64 out=.\GenomeOutFull\chr20_k16_self.kgram n=63942922 train_n=44760045 transitions=44760044 unique_edges=2008213 payload_bytes=514102528
file: .\GenomeOutFull\chr20_k16_self.kgram
  size:514102656 fnv1a64:0x73391f7de079ccec
  magic: KGRAM01
  type: KGRAM rc:ok rules:2008213 source_words:2008214 source_n:63942922 payload:514102528
=== Full Self-KGRAM: chr21 ===
kdna_symbol_gram: source=.\GenomeOutFull\chr21_k16_kdna.u64 out=.\GenomeOutFull\chr21_k16_self.kgram n=40087854 train_n=28061497 transitions=28061496 unique_edges=1742929 payload_bytes=446189824
file: .\GenomeOutFull\chr21_k16_self.kgram
  size:446189952 fnv1a64:0x41c5613f05c64fd2
  magic: KGRAM01
  type: KGRAM rc:ok rules:1742929 source_words:1742930 source_n:40087854 payload:446189824
=== Full Self-KGRAM: chr22 ===
kdna_symbol_gram: source=.\GenomeOutFull\chr22_k16_kdna.u64 out=.\GenomeOutFull\chr22_k16_self.kgram n=39159057 train_n=27411339 transitions=27411338 unique_edges=1843749 payload_bytes=471999744
file: .\GenomeOutFull\chr22_k16_self.kgram
  size:471999872 fnv1a64:0x1f0b9f12f75d894c
  magic: KGRAM01
  type: KGRAM rc:ok rules:1843749 source_words:1843750 source_n:39159057 payload:471999744
=== Full Self-KGRAM: chrX ===
kdna_symbol_gram: source=.\GenomeOutFull\chrX_k16_kdna.u64 out=.\GenomeOutFull\chrX_k16_self.kgram n=154892552 train_n=108424786 transitions=108424785 unique_edges=2209384 payload_bytes=565602304
file: .\GenomeOutFull\chrX_k16_self.kgram
  size:565602432 fnv1a64:0xab6a17c0691a44ac
  magic: KGRAM01
  type: KGRAM rc:ok rules:2209384 source_words:2209385 source_n:154892552 payload:565602304
=== Full Self-KGRAM: chrY ===
kdna_symbol_gram: source=.\GenomeOutFull\chrY_k16_kdna.u64 out=.\GenomeOutFull\chrY_k16_self.kgram n=26414161 train_n=18489912 transitions=18489911 unique_edges=1581904 payload_bytes=404967424
file: .\GenomeOutFull\chrY_k16_self.kgram
  size:404967552 fnv1a64:0xb2330204dd427c3c
  magic: KGRAM01
  type: KGRAM rc:ok rules:1581904 source_words:1581905 source_n:26414161 payload:404967424
PS H:\kdna_opencl_with_inspector_krun>
PS H:\kdna_opencl_with_inspector_krun> $N = [UInt64]((Get-Item ".\GenomeOutFull\chr2_k16_kdna.u64").Length / 8)
PS H:\kdna_opencl_with_inspector_krun>
PS H:\kdna_opencl_with_inspector_krun> .\build_vs\Release\kdna_symbol_gram.exe `
>>   --symbols ".\GenomeOutFull\chr2_k16_kdna.u64" `
>>   --n $N `
>>   --out ".\GenomeOutFull\chr2_k16_self.kgram" `
>>   --train 0.70
kdna_symbol_gram: source=.\GenomeOutFull\chr2_k16_kdna.u64 out=.\GenomeOutFull\chr2_k16_self.kgram n=240547740 train_n=168383418 transitions=168383417 unique_edges=2370549 payload_bytes=606860544
PS H:\kdna_opencl_with_inspector_krun>
PS H:\kdna_opencl_with_inspector_krun> .\build_vs\Release\kdna_probe.exe `
>>   ".\GenomeOutFull\chr2_k16_self.kgram"
file: .\GenomeOutFull\chr2_k16_self.kgram
  size:606860672 fnv1a64:0x4dd7e7f26d3fa1f7
  magic: KGRAM01
  type: KGRAM rc:ok rules:2370549 source_words:2370550 source_n:240547740 payload:606860544
PS H:\kdna_opencl_with_inspector_krun> $Chroms = @(
>>   "chr1","chr2","chr3","chr4","chr5","chr6",
>>   "chr7","chr8","chr9","chr10","chr11","chr12",
>>   "chr13","chr14","chr15","chr16","chr17","chr18",
>>   "chr19","chr20","chr21","chr22","chrX","chrY"
>> )
PS H:\kdna_opencl_with_inspector_krun>
PS H:\kdna_opencl_with_inspector_krun> $MatrixArgs = @()
PS H:\kdna_opencl_with_inspector_krun>
PS H:\kdna_opencl_with_inspector_krun> foreach ($C in $Chroms) {
>>   $MatrixArgs += "--entry"
>>   $MatrixArgs += $C
>>   $MatrixArgs += ".\GenomeOutFull\$C`_k16_kdna.u64"
>>   $MatrixArgs += ".\GenomeOutFull\$C`_k16_self.kgram"
>> }
PS H:\kdna_opencl_with_inspector_krun>
PS H:\kdna_opencl_with_inspector_krun> $MatrixArgs += "--out"
PS H:\kdna_opencl_with_inspector_krun> $MatrixArgs += ".\GenomeOutFull\human_chr1_22_XY_full_k16.kgenome"
PS H:\kdna_opencl_with_inspector_krun> $MatrixArgs += "--csv"
PS H:\kdna_opencl_with_inspector_krun> $MatrixArgs += ".\GenomeOutFull\human_chr1_22_XY_full_k16.csv"
PS H:\kdna_opencl_with_inspector_krun> $MatrixArgs += "--train"
PS H:\kdna_opencl_with_inspector_krun> $MatrixArgs += "0.70"
PS H:\kdna_opencl_with_inspector_krun> $MatrixArgs += "--bins"
PS H:\kdna_opencl_with_inspector_krun> $MatrixArgs += "32"
PS H:\kdna_opencl_with_inspector_krun>
PS H:\kdna_opencl_with_inspector_krun> & .\build_vs\Release\kdna_genome_matrix.exe @MatrixArgs
kdna_genome_matrix: wrote .\GenomeOutFull\human_chr1_22_XY_full_k16.kgenome and .\GenomeOutFull\human_chr1_22_XY_full_k16.csv entries=24 cells=576 train=0.69999999999999996
  chr1 -> chr1 acc:0.99866178571606767 lift:+0.99745834884150941 surprise:0.001338214283932281 oog:92529
  chr1 -> chr2 acc:0.99864129214496755 lift:+0.99743785527040929 surprise:0.0013587078550324986 oog:93946
  chr1 -> chr3 acc:0.9979889399797971 lift:+0.99678550310523883 surprise:0.0020110600202028718 oog:139052
  chr1 -> chr4 acc:0.99763907408107777 lift:+0.99643563720651951 surprise:0.002360925918922255 oog:163243
  chr1 -> chr5 acc:0.99738082905245007 lift:+0.99617739217789181 surprise:0.0026191709475499804 oog:181099
  chr1 -> chr6 acc:0.99754833543246602 lift:+0.99634489855790775 surprise:0.0024516645675339457 oog:169517
  chr1 -> chr7 acc:0.99752941828991204 lift:+0.99632598141535378 surprise:0.0024705817100879931 oog:170825
  chr1 -> chr8 acc:0.99709934254975163 lift:+0.99589590567519337 surprise:0.0029006574502483127 oog:200562
  chr1 -> chr9 acc:0.9958796930476681 lift:+0.99467625617310984 surprise:0.0041203069523319102 oog:284893
  chr1 -> chr10 acc:0.99691380124866158 lift:+0.99571036437410332 surprise:0.0030861987513384277 oog:213391
  chr1 -> chr11 acc:0.99702513470690401 lift:+0.99582169783234575 surprise:0.0029748652930960311 oog:205693
  chr1 -> chr12 acc:0.99637686100824752 lift:+0.99517342413368926 surprise:0.0036231389917524585 oog:250517
  chr1 -> chr13 acc:0.99422071171120807 lift:+0.99301727483664981 surprise:0.0057792882887918754 oog:399601
  chr1 -> chr14 acc:0.9941524769416592 lift:+0.99294904006710094 surprise:0.0058475230583408004 oog:404319
  chr1 -> chr15 acc:0.99420078218334917 lift:+0.99299734530879091 surprise:0.0057992178166508023 oog:400979
  chr1 -> chr16 acc:0.99453805111634641 lift:+0.99333461424178815 surprise:0.0054619488836535716 oog:377659
  chr1 -> chr17 acc:0.99451198942606933 lift:+0.99330855255151107 surprise:0.0054880105739306302 oog:379461
  chr1 -> chr18 acc:0.99294671158089964 lift:+0.99174327470634138 surprise:0.0070532884191003261 oog:487690
  chr1 -> chr19 acc:0.98973118783818637 lift:+0.9885277509636281 surprise:0.010268812161813592 oog:710023
  chr1 -> chr20 acc:0.9921049131998918 lift:+0.99090147632533354 surprise:0.0078950868001082097 oog:545895
  chr1 -> chr21 acc:0.98192108355309926 lift:+0.980717646678541 surprise:0.018078916446900715 oog:1250042
  chr1 -> chr22 acc:0.98444759231995826 lift:+0.9832441554454 surprise:0.015552407680041699 oog:1075350
  chr1 -> chrX acc:0.99662948006710961 lift:+0.99542604319255135 surprise:0.0033705199328904244 oog:233050
  chr1 -> chrY acc:0.97169461802232415 lift:+0.97049118114776589 surprise:0.028305381977675893 oog:1957137
  chr2 -> chr1 acc:0.99864596522705451 lift:+0.99756371296003743 surprise:0.0013540347729454837 oog:97713
  chr2 -> chr2 acc:0.99862677291732571 lift:+0.99754452065030863 surprise:0.0013732270826742761 oog:99098
  chr2 -> chr3 acc:0.99796266357165608 lift:+0.996880411304639 surprise:0.0020373364283438628 oog:147023
  chr2 -> chr4 acc:0.99760676747724131 lift:+0.99652451521022423 surprise:0.002393232522758719 oog:172706
  chr2 -> chr5 acc:0.9973446019120723 lift:+0.99626234964505522 surprise:0.0026553980879276892 oog:191625
  chr2 -> chr6 acc:0.99751763755942502 lift:+0.99643538529240794 surprise:0.0024823624405750314 oog:179138
  chr2 -> chr7 acc:0.99751882928407243 lift:+0.99643657701705535 surprise:0.0024811707159276119 oog:179052
  chr2 -> chr8 acc:0.99707941546349477 lift:+0.99599716319647769 surprise:0.0029205845365052351 oog:210762
  chr2 -> chr9 acc:0.99584228056410318 lift:+0.9947600282970861 surprise:0.004157719435896861 oog:300039
  chr2 -> chr10 acc:0.99688128431222955 lift:+0.99579903204521247 surprise:0.003118715687770415 oog:225060
  chr2 -> chr11 acc:0.99700162078709231 lift:+0.99591936852007523 surprise:0.0029983792129077195 oog:216376
  chr2 -> chr12 acc:0.99634123904526173 lift:+0.99525898677824465 surprise:0.0036587609547382841 oog:264032
  chr2 -> chr13 acc:0.99414365722362996 lift:+0.99306140495661288 surprise:0.0058563427763700573 oog:422619
  chr2 -> chr14 acc:0.99409755410849077 lift:+0.99301530184147369 surprise:0.0059024458915091851 oog:425946
  chr2 -> chr15 acc:0.99417889624430889 lift:+0.9930966439772918 surprise:0.0058211037556911262 oog:420076
  chr2 -> chr16 acc:0.99454460328116989 lift:+0.99346235101415281 surprise:0.0054553967188300714 oog:393685
  chr2 -> chr17 acc:0.99451133199188557 lift:+0.99342907972486849 surprise:0.0054886680081144253 oog:396086
  chr2 -> chr18 acc:0.99290714590108875 lift:+0.99182489363407167 surprise:0.0070928540989112889 oog:511851
  chr2 -> chr19 acc:0.9897704989145536 lift:+0.98868824664753652 surprise:0.010229501085446365 oog:738205
  chr2 -> chr20 acc:0.99209544284356255 lift:+0.99101319057654547 surprise:0.007904557156437458 oog:570427
  chr2 -> chr21 acc:0.98191417889180999 lift:+0.9808319266247929 surprise:0.018085821108190014 oog:1305151
  chr2 -> chr22 acc:0.98449587019602114 lift:+0.98341361792900406 surprise:0.015504129803978894 oog:1118845
  chr2 -> chrX acc:0.996582272283834 lift:+0.99550002001681692 surprise:0.0034177277161659986 oog:246638
  chr2 -> chrY acc:0.9717066969978142 lift:+0.97062444473079712 surprise:0.028293303002185802 oog:2041767
  chr3 -> chr1 acc:0.99878825333652677 lift:+0.99768508835466263 surprise:0.0012117466634732131 oog:72014
  chr3 -> chr2 acc:0.99880494526712593 lift:+0.9977017802852618 surprise:0.0011950547328740877 oog:71022
  chr3 -> chr3 acc:0.99824729680746294 lift:+0.9971441318255988 surprise:0.0017527031925370108 oog:104163
  chr3 -> chr4 acc:0.99794155852219468 lift:+0.99683839354033055 surprise:0.0020584414778052683 oog:122333
  chr3 -> chr5 acc:0.99772658260955926 lift:+0.99662341762769513 surprise:0.0022734173904407802 oog:135109
  chr3 -> chr6 acc:0.99785109902733493 lift:+0.9967479340454708 surprise:0.0021489009726650453 oog:127709
  chr3 -> chr7 acc:0.99777453825694584 lift:+0.99667137327508171 surprise:0.0022254617430541796 oog:132259
  chr3 -> chr8 acc:0.99744027898138976 lift:+0.99633711399952563 surprise:0.0025597210186102575 oog:152124
  chr3 -> chr9 acc:0.99636470952995149 lift:+0.99526154454808735 surprise:0.0036352904700484674 oog:216045
  chr3 -> chr10 acc:0.9972290722143734 lift:+0.99612590723250927 surprise:0.0027709277856266122 oog:164676
  chr3 -> chr11 acc:0.99730494309650186 lift:+0.99620177811463773 surprise:0.0026950569034981274 oog:160167
  chr3 -> chr12 acc:0.99681673777956337 lift:+0.99571357279769923 surprise:0.0031832622204366642 oog:189181
  chr3 -> chr13 acc:0.99493260246010118 lift:+0.99382943747823704 surprise:0.0050673975398988465 oog:301155
  chr3 -> chr14 acc:0.99481347053606706 lift:+0.99371030555420292 surprise:0.0051865294639329282 oog:308235
  chr3 -> chr15 acc:0.99474396008717092 lift:+0.99364079510530678 surprise:0.0052560399128290846 oog:312366
  chr3 -> chr16 acc:0.99491168706722344 lift:+0.9938085220853593 surprise:0.005088312932776581 oog:302398
  chr3 -> chr17 acc:0.99486145983653951 lift:+0.99375829485467537 surprise:0.0051385401634604418 oog:305383
  chr3 -> chr18 acc:0.99369854380068601 lift:+0.99259537881882187 surprise:0.0063014561993140353 oog:374495
  chr3 -> chr19 acc:0.98997826246223408 lift:+0.98887509748036995 surprise:0.010021737537765914 oog:595591
  chr3 -> chr20 acc:0.99273958229184045 lift:+0.99163641730997631 surprise:0.0072604177081595639 oog:431486
  chr3 -> chr21 acc:0.98371367321850745 lift:+0.98261050823664331 surprise:0.016286326781492565 oog:967895
  chr3 -> chr22 acc:0.9851030576958264 lift:+0.98399989271396227 surprise:0.014896942304173618 oog:885324
  chr3 -> chrX acc:0.99707951790069893 lift:+0.9959763529188348 surprise:0.0029204820993010356 oog:173564
  chr3 -> chrY acc:0.97404665603251583 lift:+0.9729434910506517 surprise:0.025953343967484121 oog:1542405
  chr4 -> chr1 acc:0.99879312907453099 lift:+0.99766883944539442 surprise:0.0012068709254689659 oog:68702
  chr4 -> chr2 acc:0.99884358078333058 lift:+0.997719291154194 surprise:0.0011564192166694132 oog:65830
  chr4 -> chr3 acc:0.99831431214321165 lift:+0.99719002251407507 surprise:0.0016856878567883978 oog:95959
  chr4 -> chr4 acc:0.99803471973469704 lift:+0.99691043010556046 surprise:0.0019652802653029105 oog:111875
  chr4 -> chr5 acc:0.99782565783134625 lift:+0.99670136820220967 surprise:0.0021743421686537035 oog:123776
  chr4 -> chr6 acc:0.99792842332454867 lift:+0.9968041336954121 surprise:0.0020715766754512716 oog:117926
  chr4 -> chr7 acc:0.9978423462447723 lift:+0.99671805661563573 surprise:0.0021576537552276676 oog:122826
  chr4 -> chr8 acc:0.99753475243520406 lift:+0.99641046280606749 surprise:0.0024652475647959711 oog:140336
  chr4 -> chr9 acc:0.99648533229872194 lift:+0.99536104266958536 surprise:0.0035146677012780321 oog:200075
  chr4 -> chr10 acc:0.99731522074827228 lift:+0.9961909311191357 surprise:0.0026847792517277294 oog:152833
  chr4 -> chr11 acc:0.99735197039131152 lift:+0.99622768076217494 surprise:0.0026480296086885012 oog:150741
  chr4 -> chr12 acc:0.99692409703781892 lift:+0.99579980740868235 surprise:0.0030759029621810863 oog:175098
  chr4 -> chr13 acc:0.99515275370327749 lift:+0.99402846407414092 surprise:0.0048472462967224855 oog:275933
  chr4 -> chr14 acc:0.99497070946292587 lift:+0.9938464198337893 surprise:0.0050292905370740749 oog:286296
  chr4 -> chr15 acc:0.99484856784339837 lift:+0.99372427821426179 surprise:0.0051514321566016822 oog:293249
  chr4 -> chr16 acc:0.99496002887833324 lift:+0.99383573924919666 surprise:0.0050399711216667373 oog:286904
  chr4 -> chr17 acc:0.99488298110855788 lift:+0.99375869147942131 surprise:0.005117018891442099 oog:291290
  chr4 -> chr18 acc:0.99392164066146338 lift:+0.9927973510323268 surprise:0.0060783593385366399 oog:346015
  chr4 -> chr19 acc:0.9899596707801146 lift:+0.98883538115097802 surprise:0.010040329219885359 oog:571553
  chr4 -> chr20 acc:0.99287367856531217 lift:+0.99174938893617559 surprise:0.007126321434687795 oog:405671
  chr4 -> chr21 acc:0.98436002297239156 lift:+0.98323573334325498 surprise:0.015639977027608415 oog:890317
  chr4 -> chr22 acc:0.98512956963234355 lift:+0.98400528000320697 surprise:0.014870430367656463 oog:846510
  chr4 -> chrX acc:0.997174054337439 lift:+0.99604976470830242 surprise:0.0028259456625610185 oog:160869
  chr4 -> chrY acc:0.97502570147418244 lift:+0.97390141184504586 surprise:0.024974298525817583 oog:1421680
  chr5 -> chr1 acc:0.99854404561752563 lift:+0.99750655812983469 surprise:0.0014559543824743651 oog:79174
  chr5 -> chr2 acc:0.99848021635966866 lift:+0.99744272887197771 surprise:0.0015197836403313451 oog:82645
  chr5 -> chr3 acc:0.99777266967994949 lift:+0.99673518219225854 surprise:0.0022273303200504913 oog:121121
  chr5 -> chr4 acc:0.99737321732063822 lift:+0.99633572983294727 surprise:0.0026267826793617316 oog:142843
  chr5 -> chr5 acc:0.99706335762749798 lift:+0.99602587013980703 surprise:0.0029366423725020688 oog:159693
  chr5 -> chr6 acc:0.99730276791503469 lift:+0.99626528042734375 surprise:0.0026972320849653298 oog:146674
  chr5 -> chr7 acc:0.99731306592264057 lift:+0.99627557843494963 surprise:0.0026869340773594788 oog:146114
  chr5 -> chr8 acc:0.99681629739145394 lift:+0.995778809903763 surprise:0.0031837026085460114 oog:173128
  chr5 -> chr9 acc:0.99547043974386573 lift:+0.99443295225617478 surprise:0.004529560256134252 oog:246315
  chr5 -> chr10 acc:0.99661548624313989 lift:+0.99557799875544895 surprise:0.003384513756860105 oog:184048
  chr5 -> chr11 acc:0.99679575654414021 lift:+0.99575826905644926 surprise:0.0032042434558598246 oog:174245
  chr5 -> chr12 acc:0.99600634070395455 lift:+0.9949688532162636 surprise:0.003993659296045486 oog:217173
  chr5 -> chr13 acc:0.99357202043102644 lift:+0.99253453294333549 surprise:0.0064279795689735813 oog:349550
  chr5 -> chr14 acc:0.99356716565601222 lift:+0.99252967816832127 surprise:0.0064328343439877681 oog:349814
  chr5 -> chr15 acc:0.99377312580812927 lift:+0.99273563832043832 surprise:0.0062268741918707488 oog:338614
  chr5 -> chr16 acc:0.99427743395202717 lift:+0.99323994646433622 surprise:0.0057225660479727899 oog:311190
  chr5 -> chr17 acc:0.99426869903486148 lift:+0.99323121154717053 surprise:0.0057313009651384673 oog:311665
  chr5 -> chr18 acc:0.99227686208159771 lift:+0.99123937459390676 surprise:0.0077231379184023027 oog:419980
  chr5 -> chr19 acc:0.98958586396909376 lift:+0.98854837648140281 surprise:0.010414136030906233 oog:566315
  chr5 -> chr20 acc:0.99160541359639687 lift:+0.99056792610870592 surprise:0.0083945864036030823 oog:456493
  chr5 -> chr21 acc:0.9803664255455613 lift:+0.97932893805787036 surprise:0.019633574454438682 oog:1067663
  chr5 -> chr22 acc:0.98399045992575396 lift:+0.98295297243806301 surprise:0.01600954007424606 oog:870590
  chr5 -> chrX acc:0.99624812321110046 lift:+0.99521063572340951 surprise:0.0037518767888995424 oog:204025
  chr5 -> chrY acc:0.96957510659679147 lift:+0.96853761910910052 surprise:0.030424893403208503 oog:1654489
  chr6 -> chr1 acc:0.99858702332174898 lift:+0.99747226223592833 surprise:0.0014129766782510699 oog:72095
  chr6 -> chr2 acc:0.99858686653121664 lift:+0.997472105445396 surprise:0.0014131334687833676 oog:72103
  chr6 -> chr3 acc:0.99790788513110107 lift:+0.99679312404528042 surprise:0.0020921148688989107 oog:106747
  chr6 -> chr4 acc:0.99755377371390652 lift:+0.99643901262808587 surprise:0.0024462262860934498 oog:124815
  chr6 -> chr5 acc:0.99729340343620954 lift:+0.99617864235038889 surprise:0.0027065965637904535 oog:138100
  chr6 -> chr6 acc:0.99745013517205772 lift:+0.99633537408623707 surprise:0.0025498648279422835 oog:130103
  chr6 -> chr7 acc:0.99743827788805273 lift:+0.99632351680223208 surprise:0.0025617221119473032 oog:130708
  chr6 -> chr8 acc:0.99702435088278651 lift:+0.99590958979696587 surprise:0.0029756491172134463 oog:151828
  chr6 -> chr9 acc:0.99574993783745369 lift:+0.99463517675163304 surprise:0.004250062162546352 oog:216853
  chr6 -> chr10 acc:0.99679990523580231 lift:+0.99568514414998166 surprise:0.0032000947641977208 oog:163280
  chr6 -> chr11 acc:0.99690556245575446 lift:+0.99579080136993381 surprise:0.0030944375442455534 oog:157889
  chr6 -> chr12 acc:0.9962450235420004 lift:+0.99513026245617975 surprise:0.0037549764579995694 oog:191592
  chr6 -> chr13 acc:0.9940492505324362 lift:+0.99293448944661555 surprise:0.0059507494675638505 oog:303628
  chr6 -> chr14 acc:0.99394569038585345 lift:+0.99283092930003281 surprise:0.0060543096141465356 oog:308912
  chr6 -> chr15 acc:0.99402739785199712 lift:+0.99291263676617647 surprise:0.0059726021480028544 oog:304743
  chr6 -> chr16 acc:0.99436283159703176 lift:+0.99324807051121111 surprise:0.0056371684029682878 oog:287628
  chr6 -> chr17 acc:0.99432682857105281 lift:+0.99321206748523216 surprise:0.0056731714289471663 oog:289465
  chr6 -> chr18 acc:0.99273910884455585 lift:+0.9916243477587352 surprise:0.0072608911554441135 oog:370476
  chr6 -> chr19 acc:0.98944141197400282 lift:+0.98832665088818217 surprise:0.010558588025997203 oog:538736
  chr6 -> chr20 acc:0.99183762208029325 lift:+0.9907228609944726 surprise:0.008162377919706745 oog:416473
  chr6 -> chr21 acc:0.98171091357551032 lift:+0.98059615248968968 surprise:0.01828908642448971 oog:933173
  chr6 -> chr22 acc:0.98405730349016318 lift:+0.98294254240434253 surprise:0.01594269650983687 oog:813452
  chr6 -> chrX acc:0.99650856882797645 lift:+0.9953938077421558 surprise:0.0034914311720235362 oog:178145
  chr6 -> chrY acc:0.97140993239407836 lift:+0.97029517130825771 surprise:0.028590067605921657 oog:1458765
  chr7 -> chr1 acc:0.99854802649886243 lift:+0.99738822581297548 surprise:0.0014519735011376267 oog:69246
  chr7 -> chr2 acc:0.99850137194784094 lift:+0.997341571261954 surprise:0.0014986280521590751 oog:71471
  chr7 -> chr3 acc:0.99778396124732505 lift:+0.9966241605614381 surprise:0.0022160387526749571 oog:105685
  chr7 -> chr4 acc:0.99741061999746572 lift:+0.99625081931157877 surprise:0.0025893800025342333 oog:123490
  chr7 -> chr5 acc:0.99710087571535844 lift:+0.99594107502947149 surprise:0.0028991242846415754 oog:138262
  chr7 -> chr6 acc:0.997305967024815 lift:+0.99614616633892805 surprise:0.0026940329751850419 oog:128481
  chr7 -> chr7 acc:0.99733056288474675 lift:+0.9961707621988598 surprise:0.002669437115253285 oog:127308
  chr7 -> chr8 acc:0.99685911078354839 lift:+0.99569931009766144 surprise:0.0031408892164515984 oog:149792
  chr7 -> chr9 acc:0.9955218760254172 lift:+0.99436207533953025 surprise:0.0044781239745827683 oog:213566
  chr7 -> chr10 acc:0.9966382093475884 lift:+0.99547840866170145 surprise:0.00336179065241158 oog:160327
  chr7 -> chr11 acc:0.99681763541189872 lift:+0.99565783472601177 surprise:0.0031823645881012275 oog:151770
  chr7 -> chr12 acc:0.9960346147832273 lift:+0.99487481409734035 surprise:0.0039653852167726659 oog:189113
  chr7 -> chr13 acc:0.99366089413226866 lift:+0.99250109344638171 surprise:0.0063391058677313497 oog:302318
  chr7 -> chr14 acc:0.99362292047298784 lift:+0.99246311978710089 surprise:0.0063770795270121777 oog:304129
  chr7 -> chr15 acc:0.99380744184331982 lift:+0.99264764115743287 surprise:0.0061925581566801566 oog:295329
  chr7 -> chr16 acc:0.99428279405530018 lift:+0.99312299336941323 surprise:0.0057172059446998257 oog:272659
  chr7 -> chr17 acc:0.99426050471249761 lift:+0.99310070402661066 surprise:0.0057394952875024323 oog:273722
  chr7 -> chr18 acc:0.99238211909919272 lift:+0.99122231841330577 surprise:0.0076178809008073294 oog:363304
  chr7 -> chr19 acc:0.98953405271645545 lift:+0.9883742520305685 surprise:0.010465947283544533 oog:499131
  chr7 -> chr20 acc:0.99162098941491061 lift:+0.99046118872902367 surprise:0.0083790105850893772 oog:399603
  chr7 -> chr21 acc:0.98080669513985175 lift:+0.9796468944539648 surprise:0.019193304860148214 oog:915347
  chr7 -> chr22 acc:0.98394261486030699 lift:+0.98278281417442004 surprise:0.016057385139693056 oog:765792
  chr7 -> chrX acc:0.99628585740360442 lift:+0.99512605671771748 surprise:0.0037141425963955889 oog:177131
  chr7 -> chrY acc:0.97034378826525025 lift:+0.9691839875793633 surprise:0.029656211734749777 oog:1414333
  chr8 -> chr1 acc:0.99861014375854917 lift:+0.99755397090484399 surprise:0.001389856241450831 oog:60362
  chr8 -> chr2 acc:0.99856763896046896 lift:+0.99751146610676378 surprise:0.001432361039531051 oog:62208
  chr8 -> chr3 acc:0.99788330250123702 lift:+0.99682712964753184 surprise:0.0021166974987630208 oog:91929
  chr8 -> chr4 acc:0.99749019068237266 lift:+0.99643401782866747 surprise:0.0025098093176273728 oog:109002
  chr8 -> chr5 acc:0.99719981797999468 lift:+0.9961436451262895 surprise:0.0028001820200053 oog:121613
  chr8 -> chr6 acc:0.99741395374497088 lift:+0.9963577808912657 surprise:0.0025860462550291109 oog:112313
  chr8 -> chr7 acc:0.99741469055620524 lift:+0.99635851770250006 surprise:0.002585309443794784 oog:112281
  chr8 -> chr8 acc:0.99694953241383433 lift:+0.99589335956012914 surprise:0.0030504675861656415 oog:132483
  chr8 -> chr9 acc:0.99564309701931997 lift:+0.99458692416561478 surprise:0.0043569029806800495 oog:189222
  chr8 -> chr10 acc:0.99676130016881492 lift:+0.99570512731510974 surprise:0.0032386998311850334 oog:140658
  chr8 -> chr11 acc:0.99692901682602852 lift:+0.99587284397232334 surprise:0.0030709831739714247 oog:133374
  chr8 -> chr12 acc:0.99616231868600957 lift:+0.99510614583230439 surprise:0.0038376813139904728 oog:166672
  chr8 -> chr13 acc:0.99381737088206279 lift:+0.99276119802835761 surprise:0.0061826291179372531 oog:268514
  chr8 -> chr14 acc:0.99379849009418308 lift:+0.9927423172404779 surprise:0.0062015099058168738 oog:269334
  chr8 -> chr15 acc:0.99395273692101915 lift:+0.99289656406731397 surprise:0.0060472630789807991 oog:262635
  chr8 -> chr16 acc:0.99441520109731452 lift:+0.99335902824360933 surprise:0.0055847989026854492 oog:242550
  chr8 -> chr17 acc:0.99439818536287183 lift:+0.99334201250916665 surprise:0.0056018146371281802 oog:243289
  chr8 -> chr18 acc:0.99256479178370738 lift:+0.99150861893000219 surprise:0.0074352082162925954 oog:322914
  chr8 -> chr19 acc:0.9896151982605913 lift:+0.98855902540688612 surprise:0.010384801739408702 oog:451016
  chr8 -> chr20 acc:0.99181589224006761 lift:+0.99075971938636243 surprise:0.0081841077599324394 oog:355439
  chr8 -> chr21 acc:0.98097977059428265 lift:+0.97992359774057747 surprise:0.0190202294057173 oog:826056
  chr8 -> chr22 acc:0.98418473828614617 lift:+0.98312856543244098 surprise:0.015815261713853786 oog:686863
  chr8 -> chrX acc:0.996400608044261 lift:+0.99534443519055582 surprise:0.0035993919557390122 oog:156323
  chr8 -> chrY acc:0.97035541310231355 lift:+0.96929924024860836 surprise:0.02964458689768646 oog:1287476
  chr9 -> chr1 acc:0.99820083563597872 lift:+0.99725294620828087 surprise:0.0017991643640212888 oog:65736
  chr9 -> chr2 acc:0.99803412774165512 lift:+0.99708623831395726 surprise:0.0019658722583448507 oog:71827
  chr9 -> chr3 acc:0.99705041158047025 lift:+0.9961025221527724 surprise:0.0029495884195297902 oog:107769
  chr9 -> chr4 acc:0.99650386915036893 lift:+0.99555597972267107 surprise:0.0034961308496311216 oog:127738
  chr9 -> chr5 acc:0.99605407805936352 lift:+0.99510618863166567 surprise:0.0039459219406364435 oog:144172
  chr9 -> chr6 acc:0.99644992377855612 lift:+0.99550203435085827 surprise:0.0035500762214439176 oog:129709
  chr9 -> chr7 acc:0.99660842080959 lift:+0.99566053138189214 surprise:0.0033915791904099743 oog:123918
  chr9 -> chr8 acc:0.99583654492127727 lift:+0.99488865549357941 surprise:0.0041634550787227461 oog:152120
  chr9 -> chr9 acc:0.99412173349278465 lift:+0.9931738440650868 surprise:0.0058782665072153505 oog:214774
  chr9 -> chr10 acc:0.9957090028448452 lift:+0.99476111341714735 surprise:0.0042909971551548269 oog:156780
  chr9 -> chr11 acc:0.99609187540004007 lift:+0.99514398597234222 surprise:0.0039081245999598984 oog:142791
  chr9 -> chr12 acc:0.99478213322716869 lift:+0.99383424379947083 surprise:0.005217866772831304 oog:190645
  chr9 -> chr13 acc:0.99147597438451507 lift:+0.99052808495681721 surprise:0.0085240256154849436 oog:311442
  chr9 -> chr14 acc:0.99171003872735775 lift:+0.99076214929965989 surprise:0.0082899612726422076 oog:302890
  chr9 -> chr15 acc:0.99233455698916617 lift:+0.99138666756146832 surprise:0.0076654430108337966 oog:280072
  chr9 -> chr16 acc:0.99340421351944919 lift:+0.99245632409175133 surprise:0.0065957864805508458 oog:240990
  chr9 -> chr17 acc:0.99347058466437355 lift:+0.99252269523667569 surprise:0.006529415335626427 oog:238565
  chr9 -> chr18 acc:0.99014233859947087 lift:+0.98919444917177302 surprise:0.0098576614005291413 oog:360169
  chr9 -> chr19 acc:0.98918831839385002 lift:+0.98824042896615216 surprise:0.010811681606149958 oog:395026
  chr9 -> chr20 acc:0.98991027223336192 lift:+0.98896238280566406 surprise:0.010089727766638069 oog:368648
  chr9 -> chr21 acc:0.97568642953948936 lift:+0.97473854011179151 surprise:0.024313570460510647 oog:888344
  chr9 -> chr22 acc:0.98264617622012473 lift:+0.98169828679242688 surprise:0.017353823779875294 oog:634056
  chr9 -> chrX acc:0.99495428766080773 lift:+0.99400639823310988 surprise:0.0050457123391922949 oog:184355
  chr9 -> chrY acc:0.96354954196793918 lift:+0.96260165254024133 surprise:0.036450458032060797 oog:1331789
  chr10 -> chr1 acc:0.99828182807189769 lift:+0.99708853778216044 surprise:0.0017181719281023214 oog:68690
  chr10 -> chr2 acc:0.99816398984284993 lift:+0.99697069955311268 surprise:0.0018360101571500728 oog:73401
  chr10 -> chr3 acc:0.99729059620165694 lift:+0.99609730591191969 surprise:0.002709403798343096 oog:108318
  chr10 -> chr4 acc:0.99679392970283032 lift:+0.99560063941309307 surprise:0.0032060702971697039 oog:128174
  chr10 -> chr5 acc:0.99639356487707387 lift:+0.99520027458733662 surprise:0.0036064351229260841 oog:144180
  chr10 -> chr6 acc:0.99670183028458492 lift:+0.99550853999484767 surprise:0.0032981697154150489 oog:131856
  chr10 -> chr7 acc:0.99680035815217549 lift:+0.99560706786243824 surprise:0.0031996418478244964 oog:127917
  chr10 -> chr8 acc:0.99614755787586728 lift:+0.99495426758613004 surprise:0.0038524421241327564 oog:154015
  chr10 -> chr9 acc:0.99455445305564838 lift:+0.99336116276591113 surprise:0.0054455469443516653 oog:217705
  chr10 -> chr10 acc:0.99596273370383714 lift:+0.9947694434140999 surprise:0.0040372662961628636 oog:161404
  chr10 -> chr11 acc:0.99625333963571505 lift:+0.9950600493459778 surprise:0.0037466603642849661 oog:149786
  chr10 -> chr12 acc:0.99515389970373358 lift:+0.99396060941399633 surprise:0.0048461002962664696 oog:193740
  chr10 -> chr13 acc:0.99220506743405845 lift:+0.9910117771443212 surprise:0.0077949325659415697 oog:311630
  chr10 -> chr14 acc:0.99227865692033701 lift:+0.99108536663059976 surprise:0.0077213430796629701 oog:308688
  chr10 -> chr15 acc:0.99269635604724604 lift:+0.99150306575750879 surprise:0.0073036439527539489 oog:291989
  chr10 -> chr16 acc:0.99354443610580345 lift:+0.9923511458160662 surprise:0.0064555638941965286 oog:258084
  chr10 -> chr17 acc:0.99356862408446811 lift:+0.99237533379473086 surprise:0.0064313759155318765 oog:257117
  chr10 -> chr18 acc:0.99083180557607697 lift:+0.98963851528633973 surprise:0.0091681944239230158 oog:366531
  chr10 -> chr19 acc:0.98894466798522418 lift:+0.98775137769548693 surprise:0.011055332014775829 oog:441976
  chr10 -> chr20 acc:0.99035174798917724 lift:+0.98915845769944 surprise:0.0096482520108227068 oog:385723
  chr10 -> chr21 acc:0.97716759870427472 lift:+0.97597430841453747 surprise:0.022832401295725255 oog:912806
  chr10 -> chr22 acc:0.98265014049913835 lift:+0.9814568502094011 surprise:0.017349859500861674 oog:693622
  chr10 -> chrX acc:0.99540560976505965 lift:+0.9942123194753224 surprise:0.0045943902349403131 oog:183677
  chr10 -> chrY acc:0.96553558225504854 lift:+0.96434229196531129 surprise:0.0344644177449515 oog:1377837
  chr11 -> chr1 acc:0.99857368858561868 lift:+0.99749960666550208 surprise:0.0014263114143813003 oog:57566
  chr11 -> chr2 acc:0.99855344579602845 lift:+0.99747936387591185 surprise:0.0014465542039715014 oog:58383
  chr11 -> chr3 acc:0.99786630591389258 lift:+0.99679222399377598 surprise:0.0021336940861074257 oog:86116
  chr11 -> chr4 acc:0.99746610819362214 lift:+0.99639202627350554 surprise:0.0025338918063778416 oog:102268
  chr11 -> chr5 acc:0.99719408177145474 lift:+0.99611999985133814 surprise:0.0028059182285453065 oog:113247
  chr11 -> chr6 acc:0.99738934912122257 lift:+0.99631526720110597 surprise:0.002610650878777405 oog:105366
  chr11 -> chr7 acc:0.99735783280744206 lift:+0.99628375088732546 surprise:0.0026421671925579873 oog:106638
  chr11 -> chr8 acc:0.9969202218530453 lift:+0.9958461399329287 surprise:0.0030797781469547236 oog:124300
  chr11 -> chr9 acc:0.99562039690238247 lift:+0.99454631498226587 surprise:0.0043796030976175696 oog:176761
  chr11 -> chr10 acc:0.99670206057722921 lift:+0.99562797865711261 surprise:0.0032979394227707847 oog:133105
  chr11 -> chr11 acc:0.99683243702621771 lift:+0.99575835510610111 surprise:0.0031675629737822424 oog:127843
  chr11 -> chr12 acc:0.9961357580082284 lift:+0.9950616760881118 surprise:0.0038642419917715664 oog:155961
  chr11 -> chr13 acc:0.99381202451434025 lift:+0.99273794259422365 surprise:0.0061879754856597052 oog:249747
  chr11 -> chr14 acc:0.99374019606021302 lift:+0.99266611414009642 surprise:0.0062598039397869926 oog:252646
  chr11 -> chr15 acc:0.99384425936043186 lift:+0.99277017744031526 surprise:0.0061557406395680875 oog:248446
  chr11 -> chr16 acc:0.99426080988502241 lift:+0.99318672796490581 surprise:0.0057391901149775586 oog:231634
  chr11 -> chr17 acc:0.99424002200195494 lift:+0.99316594008183834 surprise:0.0057599779980450965 oog:232473
  chr11 -> chr18 acc:0.99251591611011381 lift:+0.99144183418999721 surprise:0.007484083889886162 oog:302058
  chr11 -> chr19 acc:0.98933088536808056 lift:+0.98825680344796396 surprise:0.010669114631919436 oog:430606
  chr11 -> chr20 acc:0.9916618537390316 lift:+0.990587771818915 surprise:0.0083381462609684581 oog:336528
  chr11 -> chr21 acc:0.9807396175178178 lift:+0.9796655355977012 surprise:0.019260382482182255 oog:777350
  chr11 -> chr22 acc:0.98381015385263393 lift:+0.98273607193251733 surprise:0.016189846147366023 oog:653423
  chr11 -> chrX acc:0.99640639691972632 lift:+0.99533231499960972 surprise:0.0035936030802736865 oog:145038
  chr11 -> chrY acc:0.97001225221475196 lift:+0.96893817029463536 surprise:0.029987747785248035 oog:1210307
  chr12 -> chr1 acc:0.99832558920217096 lift:+0.9973728139560305 surprise:0.0016744107978290295 oog:66878
  chr12 -> chr2 acc:0.99823685879953472 lift:+0.99728408355339426 surprise:0.0017631412004652637 oog:70422
  chr12 -> chr3 acc:0.99736062103670664 lift:+0.99640784579056618 surprise:0.0026393789632934042 oog:105420
  chr12 -> chr4 acc:0.9968874005682451 lift:+0.99593462532210464 surprise:0.0031125994317548786 oog:124321
  chr12 -> chr5 acc:0.99651305040452698 lift:+0.99556027515838652 surprise:0.0034869495954729869 oog:139273
  chr12 -> chr6 acc:0.99680558032111888 lift:+0.99585280507497842 surprise:0.0031944196788810677 oog:127589
  chr12 -> chr7 acc:0.99690082029053995 lift:+0.99594804504439949 surprise:0.0030991797094600078 oog:123785
  chr12 -> chr8 acc:0.9962882950928833 lift:+0.99533551984674284 surprise:0.0037117049071167443 oog:148250
  chr12 -> chr9 acc:0.99472184295650101 lift:+0.99376906771036055 surprise:0.0052781570434989782 oog:210816
  chr12 -> chr10 acc:0.99609080485134982 lift:+0.99513802960520936 surprise:0.0039091951486502135 oog:156138
  chr12 -> chr11 acc:0.99633516397373401 lift:+0.99538238872759355 surprise:0.0036648360262660018 oog:146378
  chr12 -> chr12 acc:0.99532362736896285 lift:+0.99437085212282239 surprise:0.0046763726310372041 oog:186780
  chr12 -> chr13 acc:0.99248362856472017 lift:+0.99153085331857971 surprise:0.007516371435279859 oog:300213
  chr12 -> chr14 acc:0.99253673160760714 lift:+0.99158395636146668 surprise:0.0074632683923928798 oog:298092
  chr12 -> chr15 acc:0.99293313918800763 lift:+0.99198036394186717 surprise:0.0070668608119923444 oog:282259
  chr12 -> chr16 acc:0.99376325917384489 lift:+0.99281048392770443 surprise:0.0062367408261551592 oog:249103
  chr12 -> chr17 acc:0.99378564206886655 lift:+0.99283286682272609 surprise:0.00621435793113349 oog:248209
  chr12 -> chr18 acc:0.9911237800633701 lift:+0.99017100481722964 surprise:0.0088762199366298686 oog:354527
  chr12 -> chr19 acc:0.98938204532290885 lift:+0.9884292700767684 surprise:0.010617954677091188 oog:424094
  chr12 -> chr20 acc:0.99062026507256384 lift:+0.98966748982642339 surprise:0.009379734927436106 oog:374638
  chr12 -> chr21 acc:0.97790705610500472 lift:+0.97695428085886427 surprise:0.02209294389499528 oog:882419
  chr12 -> chr22 acc:0.98325514091784993 lift:+0.98230236567170948 surprise:0.016744859082150083 oog:668810
  chr12 -> chrX acc:0.99557229282014315 lift:+0.99461951757400269 surprise:0.0044277071798568763 oog:176848
  chr12 -> chrY acc:0.96659365436413625 lift:+0.96564087911799579 surprise:0.033406345635863748 oog:1334290
  chr13 -> chr1 acc:0.99847204485739371 lift:+0.99734871852687623 surprise:0.0015279551426063116 oog:44914
  chr13 -> chr2 acc:0.99845466085512558 lift:+0.99733133452460809 surprise:0.0015453391448744648 oog:45425
  chr13 -> chr3 acc:0.99770782914907319 lift:+0.99658450281855571 surprise:0.0022921708509268395 oog:67378
  chr13 -> chr4 acc:0.99731674012740057 lift:+0.99619341379688309 surprise:0.0026832598725994171 oog:78874
  chr13 -> chr5 acc:0.9970423722638142 lift:+0.99591904593329672 surprise:0.0029576277361858245 oog:86939
  chr13 -> chr6 acc:0.99723682814828529 lift:+0.99611350181776781 surprise:0.002763171851714665 oog:81223
  chr13 -> chr7 acc:0.99724305373031097 lift:+0.99611972739979349 surprise:0.0027569462696890837 oog:81040
  chr13 -> chr8 acc:0.99675565529489829 lift:+0.99563232896438081 surprise:0.0032443447051016638 oog:95367
  chr13 -> chr9 acc:0.99537697804261038 lift:+0.9942536517120929 surprise:0.0046230219573896673 oog:135893
  chr13 -> chr10 acc:0.99654840805063694 lift:+0.99542508172011945 surprise:0.003451591949363089 oog:101459
  chr13 -> chr11 acc:0.99669411388569462 lift:+0.99557078755517714 surprise:0.0033058861143053599 oog:97176
  chr13 -> chr12 acc:0.99590564222117606 lift:+0.99478231589065857 surprise:0.0040943577788239175 oog:120353
  chr13 -> chr13 acc:0.99355342682229764 lift:+0.99243010049178015 surprise:0.0064465731777024011 oog:189496
  chr13 -> chr14 acc:0.99348222385410334 lift:+0.99235889752358586 surprise:0.0065177761458966171 oog:191589
  chr13 -> chr15 acc:0.99362837194362197 lift:+0.99250504561310449 surprise:0.006371628056378054 oog:187293
  chr13 -> chr16 acc:0.99409117422709736 lift:+0.99296784789657988 surprise:0.0059088257729026069 oog:173689
  chr13 -> chr17 acc:0.99401918880870321 lift:+0.99289586247818573 surprise:0.0059808111912967588 oog:175805
  chr13 -> chr18 acc:0.9922398970540478 lift:+0.99111657072353032 surprise:0.0077601029459522181 oog:228107
  chr13 -> chr19 acc:0.98911322605510177 lift:+0.98798989972458429 surprise:0.010886773944898225 oog:320015
  chr13 -> chr20 acc:0.99133878658031227 lift:+0.99021546024979479 surprise:0.0086612134196877126 oog:254595
  chr13 -> chr21 acc:0.9806975319003246 lift:+0.97957420556980712 surprise:0.019302468099675448 oog:567393
  chr13 -> chr22 acc:0.98340072724323535 lift:+0.98227740091271787 surprise:0.016599272756764604 oog:487933
  chr13 -> chrX acc:0.99621124005361217 lift:+0.99508791372309469 surprise:0.0037887599463878731 oog:111370
  chr13 -> chrY acc:0.9701803125868137 lift:+0.96905698625629622 surprise:0.029819687413186299 oog:876545
  chr14 -> chr1 acc:0.99828334842822697 lift:+0.99714519540722646 surprise:0.0017166515717729806 oog:46642
  chr14 -> chr2 acc:0.99815037252391725 lift:+0.99701221950291674 surprise:0.0018496274760827396 oog:50255
  chr14 -> chr3 acc:0.99725498425930392 lift:+0.99611683123830341 surprise:0.0027450157406960296 oog:74583
  chr14 -> chr4 acc:0.99675973826749875 lift:+0.99562158524649824 surprise:0.0032402617325012102 oog:88039
  chr14 -> chr5 acc:0.99635547385207157 lift:+0.99521732083107106 surprise:0.0036445261479283878 oog:99023
  chr14 -> chr6 acc:0.99668336821451164 lift:+0.99554521519351113 surprise:0.0033166317854884091 oog:90114
  chr14 -> chr7 acc:0.99678274129550704 lift:+0.99564458827450653 surprise:0.0032172587044930175 oog:87414
  chr14 -> chr8 acc:0.99612400818304203 lift:+0.99498585516204152 surprise:0.0038759918169580234 oog:105312
  chr14 -> chr9 acc:0.99451872807167341 lift:+0.9933805750506729 surprise:0.00548127192832654 oog:148928
  chr14 -> chr10 acc:0.99593722359561543 lift:+0.99479907057461492 surprise:0.0040627764043845464 oog:110387
  chr14 -> chr11 acc:0.99624016427327211 lift:+0.9951020112522716 surprise:0.003759835726727855 oog:102156
  chr14 -> chr12 acc:0.99512111296672956 lift:+0.99398295994572905 surprise:0.0048788870332704022 oog:132561
  chr14 -> chr13 acc:0.99210366776472692 lift:+0.99096551474372641 surprise:0.0078963322352730569 oog:214546
  chr14 -> chr14 acc:0.99221938219681938 lift:+0.99108122917581887 surprise:0.0077806178031806453 oog:211402
  chr14 -> chr15 acc:0.99272209957212154 lift:+0.99158394655112103 surprise:0.0072779004278784041 oog:197743
  chr14 -> chr16 acc:0.99355996186429196 lift:+0.99242180884329145 surprise:0.0064400381357080016 oog:174978
  chr14 -> chr17 acc:0.99360648318813571 lift:+0.9924683301671352 surprise:0.0063935168118642331 oog:173714
  chr14 -> chr18 acc:0.9907650019491846 lift:+0.98962684892818409 surprise:0.0092349980508154191 oog:250918
  chr14 -> chr19 acc:0.98908592812396579 lift:+0.98794777510296528 surprise:0.010914071876034217 oog:296539
  chr14 -> chr20 acc:0.9903264354183916 lift:+0.98918828239739109 surprise:0.0096735645816084133 oog:262834
  chr14 -> chr21 acc:0.97710392687083447 lift:+0.97596577384983396 surprise:0.022896073129165573 oog:622094
  chr14 -> chr22 acc:0.98268578644003524 lift:+0.98154763341903473 surprise:0.017314213559964809 oog:470433
  chr14 -> chrX acc:0.99533207833719828 lift:+0.99419392531619777 surprise:0.0046679216628016671 oog:126829
  chr14 -> chrY acc:0.96529869928734047 lift:+0.96416054626633996 surprise:0.034701300712659568 oog:942846
  chr15 -> chr1 acc:0.99838195164451105 lift:+0.99713291251578873 surprise:0.0016180483554889178 oog:41086
  chr15 -> chr2 acc:0.99833036124034202 lift:+0.99708132211161971 surprise:0.0016696387596579895 oog:42396
  chr15 -> chr3 acc:0.99753161576144345 lift:+0.99628257663272113 surprise:0.0024683842385565492 oog:62678
  chr15 -> chr4 acc:0.99707813217059849 lift:+0.99582909304187617 surprise:0.0029218678294014814 oog:74193
  chr15 -> chr5 acc:0.99672034681038779 lift:+0.99547130768166547 surprise:0.0032796531896121814 oog:83278
  chr15 -> chr6 acc:0.99698377292755336 lift:+0.99573473379883104 surprise:0.0030162270724465928 oog:76589
  chr15 -> chr7 acc:0.99701263992469535 lift:+0.99576360079597304 surprise:0.0029873600753046619 oog:75856
  chr15 -> chr8 acc:0.99645262805653945 lift:+0.99520358892781713 surprise:0.0035473719434605403 oog:90076
  chr15 -> chr9 acc:0.99497655176748523 lift:+0.99372751263876291 surprise:0.0050234482325147226 oog:127557
  chr15 -> chr10 acc:0.99626048333750061 lift:+0.9950114442087783 surprise:0.0037395166624993961 oog:94955
  chr15 -> chr11 acc:0.99646916849146394 lift:+0.99522012936274162 surprise:0.0035308315085361051 oog:89656
  chr15 -> chr12 acc:0.99554314042762304 lift:+0.99429410129890072 surprise:0.0044568595723769857 oog:113170
  chr15 -> chr13 acc:0.99284275689825729 lift:+0.99159371776953498 surprise:0.0071572431017426965 oog:181739
  chr15 -> chr14 acc:0.99286993046991889 lift:+0.99162089134119658 surprise:0.0071300695300811241 oog:181049
  chr15 -> chr15 acc:0.99320507118707824 lift:+0.99195603205835592 surprise:0.0067949288129217347 oog:172539
  chr15 -> chr16 acc:0.99380214150586244 lift:+0.99255310237714012 surprise:0.0061978584941375378 oog:157378
  chr15 -> chr17 acc:0.99381655531343949 lift:+0.99256751618471717 surprise:0.0061834446865605304 oog:157012
  chr15 -> chr18 acc:0.99149612920348074 lift:+0.99024709007475842 surprise:0.0085038707965192153 oog:215933
  chr15 -> chr19 acc:0.98909473372636825 lift:+0.98784569459764593 surprise:0.010905266273631802 oog:276910
  chr15 -> chr20 acc:0.99081131581562121 lift:+0.98956227668689889 surprise:0.0091886841843787492 oog:233322
  chr15 -> chr21 acc:0.97855638943414347 lift:+0.97730735030542115 surprise:0.021443610565856547 oog:544503
  chr15 -> chr22 acc:0.98312954401683439 lift:+0.98188050488811207 surprise:0.016870455983165618 oog:428380
  chr15 -> chrX acc:0.99582881736796081 lift:+0.99457977823923849 surprise:0.0041711826320392402 oog:105916
  chr15 -> chrY acc:0.96712560991376961 lift:+0.96587657078504729 surprise:0.032874390086230408 oog:834757
  chr16 -> chr1 acc:0.99792451114202085 lift:+0.99626170783362578 surprise:0.0020754888579791251 oog:50936
  chr16 -> chr2 acc:0.99772656224787792 lift:+0.99606375893948285 surprise:0.0022734377521220219 oog:55794
  chr16 -> chr3 acc:0.99661832552023322 lift:+0.99495552221183814 surprise:0.0033816744797668359 oog:82992
  chr16 -> chr4 acc:0.9960130289326472 lift:+0.99435022562425213 surprise:0.0039869710673528245 oog:97847
  chr16 -> chr5 acc:0.99547284604058206 lift:+0.99381004273218698 surprise:0.0045271539594179504 oog:111104
  chr16 -> chr6 acc:0.99594367754980828 lift:+0.9942808742414132 surprise:0.0040563224501916906 oog:99549
  chr16 -> chr7 acc:0.99616530044714124 lift:+0.99450249713874617 surprise:0.0038346995528587926 oog:94110
  chr16 -> chr8 acc:0.9953094913438717 lift:+0.99364668803547662 surprise:0.0046905086561282987 oog:115113
  chr16 -> chr9 acc:0.99333342514989187 lift:+0.99167062184149679 surprise:0.0066665748501081095 oog:163609
  chr16 -> chr10 acc:0.99514532170729253 lift:+0.99348251839889745 surprise:0.004854678292707494 oog:119142
  chr16 -> chr11 acc:0.99554154547152585 lift:+0.99387874216313077 surprise:0.0044584545284741617 oog:109418
  chr16 -> chr12 acc:0.9940503684995099 lift:+0.99238756519111482 surprise:0.0059496315004901046 oog:146014
  chr16 -> chr13 acc:0.99040848371962031 lift:+0.98874568041122524 surprise:0.0095915162803797364 oog:235392
  chr16 -> chr14 acc:0.99064086382322192 lift:+0.98897806051482684 surprise:0.0093591361767780597 oog:229689
  chr16 -> chr15 acc:0.99142626212182305 lift:+0.98976345881342798 surprise:0.0085737378781769215 oog:210414
  chr16 -> chr16 acc:0.99281235259775125 lift:+0.99114954928935617 surprise:0.0071876474022487778 oog:176397
  chr16 -> chr17 acc:0.99277168709829577 lift:+0.9911088837899007 surprise:0.0072283129017042345 oog:177395
  chr16 -> chr18 acc:0.98894460723321065 lift:+0.98728180392481557 surprise:0.01105539276678931 oog:271318
  chr16 -> chr19 acc:0.9884908894612302 lift:+0.98682808615283513 surprise:0.011509110538769787 oog:282453
  chr16 -> chr20 acc:0.98882957847072295 lift:+0.98716677516232787 surprise:0.01117042152927704 oog:274141
  chr16 -> chr21 acc:0.97335737460275751 lift:+0.97169457129436243 surprise:0.02664262539724244 oog:653855
  chr16 -> chr22 acc:0.98132984984569926 lift:+0.97966704653730419 surprise:0.018670150154300715 oog:458197
  chr16 -> chrX acc:0.99427011703514445 lift:+0.99260731372674937 surprise:0.0057298829648555552 oog:140621
  chr16 -> chrY acc:0.96062353168209136 lift:+0.95896072837369628 surprise:0.039376468317908697 oog:966365
  chr17 -> chr1 acc:0.99799033994779429 lift:+0.99622589765679948 surprise:0.0020096600522056555 oog:49992
  chr17 -> chr2 acc:0.99775557409115967 lift:+0.99599113180016485 surprise:0.0022444259088403376 oog:55832
  chr17 -> chr3 acc:0.99662355242629108 lift:+0.99485911013529627 surprise:0.0033764475737089418 oog:83992
  chr17 -> chr4 acc:0.99599953352345882 lift:+0.99423509123246401 surprise:0.0040004664765411627 oog:99515
  chr17 -> chr5 acc:0.99546331061906668 lift:+0.99369886832807186 surprise:0.0045366893809332901 oog:112854
  chr17 -> chr6 acc:0.99595708271102623 lift:+0.99419264042003141 surprise:0.0040429172889737347 oog:100571
  chr17 -> chr7 acc:0.99622678204872528 lift:+0.99446233975773046 surprise:0.0037732179512747484 oog:93862
  chr17 -> chr8 acc:0.99529334657080448 lift:+0.99352890427980967 surprise:0.0047066534291955219 oog:117082
  chr17 -> chr9 acc:0.99335037770972157 lift:+0.99158593541872675 surprise:0.0066496222902784142 oog:165415
  chr17 -> chr10 acc:0.99514754250196646 lift:+0.99338310021097165 surprise:0.0048524574980335347 oog:120709
  chr17 -> chr11 acc:0.99567427829297406 lift:+0.99390983600197924 surprise:0.0043257217070259589 oog:107606
  chr17 -> chr12 acc:0.99409941747113839 lift:+0.99233497518014357 surprise:0.0059005825288616278 oog:146782
  chr17 -> chr13 acc:0.99035003790222398 lift:+0.98858559561122916 surprise:0.0096499620977760405 oog:240051
  chr17 -> chr14 acc:0.99069277997305738 lift:+0.98892833768206256 surprise:0.0093072200269425972 oog:231525
  chr17 -> chr15 acc:0.9915891111897327 lift:+0.98982466889873788 surprise:0.0084108888102673394 oog:209228
  chr17 -> chr16 acc:0.99292960815126352 lift:+0.9911651658602687 surprise:0.0070703918487364991 oog:175882
  chr17 -> chr17 acc:0.99308755250926306 lift:+0.99132311021826824 surprise:0.0069124474907368994 oog:171953
  chr17 -> chr18 acc:0.98898055700531062 lift:+0.98721611471431581 surprise:0.011019442994689347 oog:274118
  chr17 -> chr19 acc:0.98905022296927436 lift:+0.98728578067827955 surprise:0.010949777030725664 oog:272385
  chr17 -> chr20 acc:0.98896512034624429 lift:+0.98720067805524947 surprise:0.011034879653755738 oog:274502
  chr17 -> chr21 acc:0.97358743414144377 lift:+0.97182299185044896 surprise:0.026412565858556225 oog:657035
  chr17 -> chr22 acc:0.98191265753381929 lift:+0.98014821524282447 surprise:0.018087342466180753 oog:449938
  chr17 -> chrX acc:0.99426777353408113 lift:+0.99250333124308632 surprise:0.0057322264659188113 oog:142594
  chr17 -> chrY acc:0.96102444583901436 lift:+0.95926000354801955 surprise:0.038975554160985623 oog:969550
  chr18 -> chr1 acc:0.99844422820317102 lift:+0.99733221346620804 surprise:0.0015557717968290225 oog:37380
  chr18 -> chr2 acc:0.9984007348503704 lift:+0.99728872011340741 surprise:0.0015992651496296198 oog:38425
  chr18 -> chr3 acc:0.99765439724039884 lift:+0.99654238250343585 surprise:0.0023456027596012096 oog:56357
  chr18 -> chr4 acc:0.99724098147640994 lift:+0.99612896673944695 surprise:0.0027590185235900453 oog:66290
  chr18 -> chr5 acc:0.99695001302719566 lift:+0.99583799829023267 surprise:0.0030499869728043763 oog:73281
  chr18 -> chr6 acc:0.99715436935470847 lift:+0.99604235461774548 surprise:0.0028456306452915221 oog:68371
  chr18 -> chr7 acc:0.99716265182093555 lift:+0.99605063708397257 surprise:0.0028373481790644225 oog:68172
  chr18 -> chr8 acc:0.99666487143864357 lift:+0.99555285670168059 surprise:0.0033351285613564268 oog:80132
  chr18 -> chr9 acc:0.99527266794469149 lift:+0.99416065320772851 surprise:0.0047273320553085614 oog:113582
  chr18 -> chr10 acc:0.99646854785475802 lift:+0.99535653311779504 surprise:0.0035314521452419938 oog:84849
  chr18 -> chr11 acc:0.99660177486175772 lift:+0.99548976012479473 surprise:0.0033982251382422691 oog:81648
  chr18 -> chr12 acc:0.99581015422035357 lift:+0.99469813948339059 surprise:0.0041898457796464431 oog:100668
  chr18 -> chr13 acc:0.99337069738365635 lift:+0.99225868264669337 surprise:0.0066293026163436785 oog:159280
  chr18 -> chr14 acc:0.99329877727491045 lift:+0.99218676253794746 surprise:0.0067012227250895463 oog:161008
  chr18 -> chr15 acc:0.99347474846691131 lift:+0.99236273372994832 surprise:0.006525251533088661 oog:156780
  chr18 -> chr16 acc:0.99397227912660358 lift:+0.99286026438964059 surprise:0.0060277208733964692 oog:144826
  chr18 -> chr17 acc:0.9939135110747811 lift:+0.99280149633781811 surprise:0.0060864889252189025 oog:146238
  chr18 -> chr18 acc:0.99201241454284528 lift:+0.99090039980588229 surprise:0.0079875854571546771 oog:191915
  chr18 -> chr19 acc:0.98899776331791434 lift:+0.98788574858095135 surprise:0.01100223668208565 oog:264347
  chr18 -> chr20 acc:0.9911648144186499 lift:+0.99005279968168691 surprise:0.0088351855813500503 oog:212280
  chr18 -> chr21 acc:0.98032643738247427 lift:+0.97921442264551128 surprise:0.019673562617525699 oog:472690
  chr18 -> chr22 acc:0.98326330001756379 lift:+0.98215128528060081 surprise:0.016736699982436178 oog:402127
  chr18 -> chrX acc:0.99606936627895848 lift:+0.99495735154199549 surprise:0.0039306337210415427 oog:94440
  chr18 -> chrY acc:0.96962503319229554 lift:+0.96851301845533255 surprise:0.030374966807704441 oog:729809
  chr19 -> chr1 acc:0.99782177823638818 lift:+0.99556404558905387 surprise:0.002178221763611861 oog:38189
  chr19 -> chr2 acc:0.9974921560003539 lift:+0.99523442335301959 surprise:0.0025078439996461368 oog:43968
  chr19 -> chr3 acc:0.99629795272022759 lift:+0.99404022007289328 surprise:0.0037020472797723914 oog:64905
  chr19 -> chr4 acc:0.99563482966846528 lift:+0.99337709702113097 surprise:0.0043651703315347179 oog:76531
  chr19 -> chr5 acc:0.99499326695676538 lift:+0.99273553430943107 surprise:0.0050067330432345845 oog:87779
  chr19 -> chr6 acc:0.99561389674570622 lift:+0.99335616409837191 surprise:0.0043861032542937732 oog:76898
  chr19 -> chr7 acc:0.99593273881170929 lift:+0.99367500616437499 surprise:0.0040672611882907276 oog:71308
  chr19 -> chr8 acc:0.99491261531430952 lift:+0.99265488266697521 surprise:0.0050873846856904536 oog:89193
  chr19 -> chr9 acc:0.9928448760340336 lift:+0.99058714338669929 surprise:0.0071551239659663757 oog:125445
  chr19 -> chr10 acc:0.99478399476711155 lift:+0.99252626211977724 surprise:0.0052160052328884621 oog:91448
  chr19 -> chr11 acc:0.99539960521762516 lift:+0.99314187257029085 surprise:0.0046003947823748895 oog:80655
  chr19 -> chr12 acc:0.99359281449762893 lift:+0.99133508185029462 surprise:0.0064071855023710381 oog:112332
  chr19 -> chr13 acc:0.98960147080305028 lift:+0.98734373815571597 surprise:0.010398529196949771 oog:182309
  chr19 -> chr14 acc:0.9900362709943098 lift:+0.98777853834697549 surprise:0.0099637290056901612 oog:174686
  chr19 -> chr15 acc:0.99111628432521637 lift:+0.98885855167788206 surprise:0.0088837156747836026 oog:155751
  chr19 -> chr16 acc:0.99268391497674191 lift:+0.9904261823294076 surprise:0.0073160850232580742 oog:128267
  chr19 -> chr17 acc:0.99286409781869245 lift:+0.99060636517135814 surprise:0.0071359021813075163 oog:125108
  chr19 -> chr18 acc:0.98821938455952252 lift:+0.98596165191218821 surprise:0.011780615440477463 oog:206540
  chr19 -> chr19 acc:0.98938421330226212 lift:+0.98712648065492781 surprise:0.010615786697737892 oog:186118
  chr19 -> chr20 acc:0.98854387338125627 lift:+0.98628614073392196 surprise:0.011456126618743772 oog:200851
  chr19 -> chr21 acc:0.97215561934044636 lift:+0.96989788669311205 surprise:0.027844380659553618 oog:488173
  chr19 -> chr22 acc:0.98189216624436726 lift:+0.97963443359703295 surprise:0.018107833755632709 oog:317470
  chr19 -> chrX acc:0.99380048962505596 lift:+0.99154275697772165 surprise:0.00619951037494401 oog:108691
  chr19 -> chrY acc:0.95974530507909706 lift:+0.95748757243176275 surprise:0.040254694920902924 oog:705753
  chr20 -> chr1 acc:0.99786596128755667 lift:+0.99650985597780017 surprise:0.002134038712443327 oog:40937
  chr20 -> chr2 acc:0.99766687747968552 lift:+0.99631077216992903 surprise:0.002333122520314472 oog:44756
  chr20 -> chr3 acc:0.99647200972367234 lift:+0.99511590441391584 surprise:0.0035279902763276998 oog:67677
  chr20 -> chr4 acc:0.99584817208848142 lift:+0.99449206677872493 surprise:0.0041518279115185857 oog:79644
  chr20 -> chr5 acc:0.99528605616801147 lift:+0.99392995085825497 surprise:0.0047139438319884885 oog:90427
  chr20 -> chr6 acc:0.99579140270728961 lift:+0.99443529739753311 surprise:0.0042085972927104363 oog:80733
  chr20 -> chr7 acc:0.99601446623540701 lift:+0.99465836092565052 surprise:0.003985533764592963 oog:76454
  chr20 -> chr8 acc:0.99512502713357476 lift:+0.99376892182381826 surprise:0.0048749728664252432 oog:93516
  chr20 -> chr9 acc:0.99305609857458288 lift:+0.99169999326482638 surprise:0.0069439014254171275 oog:133204
  chr20 -> chr10 acc:0.99495821168838294 lift:+0.99360210637862645 surprise:0.0050417883116170899 oog:96716
  chr20 -> chr11 acc:0.99545594727297404 lift:+0.99409984196321755 surprise:0.0045440527270259158 oog:87168
  chr20 -> chr12 acc:0.99380077314788462 lift:+0.99244466783812813 surprise:0.0061992268521153969 oog:118919
  chr20 -> chr13 acc:0.9899914903271021 lift:+0.9886353850173456 surprise:0.010008509672897849 oog:191992
  chr20 -> chr14 acc:0.9902409315474906 lift:+0.9888848262377341 surprise:0.0097590684525094146 oog:187207
  chr20 -> chr15 acc:0.99113339417926694 lift:+0.98977728886951044 surprise:0.0088666058207330332 oog:170087
  chr20 -> chr16 acc:0.9925256254588728 lift:+0.9911695201491163 surprise:0.007474374541127201 oog:143380
  chr20 -> chr17 acc:0.99264614961802389 lift:+0.99129004430826739 surprise:0.0073538503819760917 oog:141068
  chr20 -> chr18 acc:0.98852174199530873 lift:+0.98716563668555224 surprise:0.011478258004691268 oog:220186
  chr20 -> chr19 acc:0.98837353689822105 lift:+0.98701743158846456 surprise:0.0116264631017789 oog:223029
  chr20 -> chr20 acc:0.98845089756092885 lift:+0.98709479225117236 surprise:0.011549102439071181 oog:221545
  chr20 -> chr21 acc:0.97222090159994778 lift:+0.97086479629019129 surprise:0.027779098400052212 oog:532883
  chr20 -> chr22 acc:0.98093846824636721 lift:+0.97958236293661072 surprise:0.01906153175363277 oog:365655
  chr20 -> chrX acc:0.99405063140688599 lift:+0.99269452609712949 surprise:0.0059493685931139833 oog:114126
  chr20 -> chrY acc:0.95900969176884632 lift:+0.95765358645908982 surprise:0.040990308231153662 oog:786312
  chr21 -> chr1 acc:0.9977338106405631 lift:+0.99676701737417384 surprise:0.00226618935943689 oog:27254
  chr21 -> chr2 acc:0.99748768454883596 lift:+0.9965208912824467 surprise:0.0025123154511640933 oog:30214
  chr21 -> chr3 acc:0.99618995146992151 lift:+0.99522315820353224 surprise:0.0038100485300784376 oog:45821
  chr21 -> chr4 acc:0.99555401486535078 lift:+0.99458722159896151 surprise:0.0044459851346492652 oog:53469
  chr21 -> chr5 acc:0.99499615677433795 lift:+0.99402936350794868 surprise:0.0050038432256620377 oog:60178
  chr21 -> chr6 acc:0.99543352949139374 lift:+0.99446673622500448 surprise:0.0045664705086062643 oog:54918
  chr21 -> chr7 acc:0.99576704697582541 lift:+0.99480025370943614 surprise:0.0042329530241745714 oog:50907
  chr21 -> chr8 acc:0.99477214877058351 lift:+0.99380535550419424 surprise:0.0052278512294164584 oog:62872
  chr21 -> chr9 acc:0.99260657176621081 lift:+0.99163977849982154 surprise:0.0073934282337891873 oog:88916
  chr21 -> chr10 acc:0.99463312078904031 lift:+0.99366632752265105 surprise:0.0053668792109596627 oog:64544
  chr21 -> chr11 acc:0.99515114969156082 lift:+0.99418435642517156 surprise:0.0048488503084392317 oog:58314
  chr21 -> chr12 acc:0.9933488581246056 lift:+0.99238206485821634 surprise:0.0066511418753943423 oog:79989
  chr21 -> chr13 acc:0.98921285882440202 lift:+0.98824606555801275 surprise:0.010787141175597995 oog:129730
  chr21 -> chr14 acc:0.98953914219735384 lift:+0.98857234893096457 surprise:0.010460857802646122 oog:125806
  chr21 -> chr15 acc:0.99054992218756865 lift:+0.98958312892117939 surprise:0.009450077812431297 oog:113650
  chr21 -> chr16 acc:0.9921379343834491 lift:+0.99117114111705984 surprise:0.0078620656165508482 oog:94552
  chr21 -> chr17 acc:0.99219846809790102 lift:+0.99123167483151176 surprise:0.0078015319020990235 oog:93824
  chr21 -> chr18 acc:0.98776478926783806 lift:+0.9867979960014488 surprise:0.012235210732161928 oog:147145
  chr21 -> chr19 acc:0.98796443411453971 lift:+0.98699764084815045 surprise:0.012035565885460234 oog:144744
  chr21 -> chr20 acc:0.98772994912174561 lift:+0.98676315585535634 surprise:0.012270050878254394 oog:147564
  chr21 -> chr21 acc:0.97125297139050271 lift:+0.97028617812411344 surprise:0.028747028609497342 oog:345722
  chr21 -> chr22 acc:0.98009771205841567 lift:+0.97913091879202641 surprise:0.019902287941584301 oog:239352
  chr21 -> chrX acc:0.99355582023349387 lift:+0.9925890269671046 surprise:0.0064441797665061636 oog:77500
  chr21 -> chrY acc:0.95728789335689046 lift:+0.9563211000905012 surprise:0.042712106643109517 oog:513671
  chr22 -> chr1 acc:0.9975415648844792 lift:+0.99590473621385323 surprise:0.0024584351155207433 oog:28881
  chr22 -> chr2 acc:0.99718370811962864 lift:+0.99554687944900266 surprise:0.0028162918803713096 oog:33085
  chr22 -> chr3 acc:0.99573253254228034 lift:+0.99409570387165436 surprise:0.0042674674577196569 oog:50133
  chr22 -> chr4 acc:0.99489134782528388 lift:+0.9932545191546579 surprise:0.0051086521747161599 oog:60015
  chr22 -> chr5 acc:0.99419631916567275 lift:+0.99255949049504677 surprise:0.0058036808343272144 oog:68180
  chr22 -> chr6 acc:0.99486359775265276 lift:+0.99322676908202678 surprise:0.0051364022473472928 oog:60341
  chr22 -> chr7 acc:0.99531483436313628 lift:+0.9936780056925103 surprise:0.0046851656368637412 oog:55040
  chr22 -> chr8 acc:0.99411775070849939 lift:+0.99248092203787341 surprise:0.0058822492915006378 oog:69103
  chr22 -> chr9 acc:0.99166101805142226 lift:+0.99002418938079628 surprise:0.0083389819485777533 oog:97964
  chr22 -> chr10 acc:0.99396921120929282 lift:+0.99233238253866685 surprise:0.0060307887907071643 oog:70848
  chr22 -> chr11 acc:0.99472552837287453 lift:+0.99308869970224856 surprise:0.0052744716271255088 oog:61963
  chr22 -> chr12 acc:0.99248560379859341 lift:+0.99084877512796743 surprise:0.0075143962014066219 oog:88277
  chr22 -> chr13 acc:0.98767130668878045 lift:+0.98603447801815447 surprise:0.012328693311219533 oog:144834
  chr22 -> chr14 acc:0.98826061267904219 lift:+0.98662378400841622 surprise:0.011739387320957766 oog:137911
  chr22 -> chr15 acc:0.9896698226557552 lift:+0.98803299398512923 surprise:0.010330177344244844 oog:121356
  chr22 -> chr16 acc:0.99170162168530274 lift:+0.99006479301467676 surprise:0.0082983783146972304 oog:97487
  chr22 -> chr17 acc:0.99186897335031143 lift:+0.99023214467968546 surprise:0.0081310266496886167 oog:95521
  chr22 -> chr18 acc:0.98617212178332181 lift:+0.98453529311269583 surprise:0.013827878216678186 oog:162446
  chr22 -> chr19 acc:0.98825150452636878 lift:+0.98661467585574281 surprise:0.011748495473631174 oog:138018
  chr22 -> chr20 acc:0.98675291548136546 lift:+0.98511608681073948 surprise:0.013247084518634556 oog:155623
  chr22 -> chr21 acc:0.96733143980230374 lift:+0.96569461113167776 surprise:0.032668560197696282 oog:383781
  chr22 -> chr22 acc:0.97976611115163903 lift:+0.97812928248101305 surprise:0.020233888848360918 oog:237702
  chr22 -> chrX acc:0.99260247757074838 lift:+0.9909656489001224 surprise:0.0073975224292515728 oog:86904
  chr22 -> chrY acc:0.95279806280658619 lift:+0.95116123413596021 surprise:0.047201937193413833 oog:554515
  chrX -> chr1 acc:0.9987660047777206 lift:+0.99766222885908107 surprise:0.0012339952222793586 oog:57341
  chrX -> chr2 acc:0.99876970626842065 lift:+0.99766593034978113 surprise:0.0012302937315793001 oog:57169
  chrX -> chr3 acc:0.99819440422839356 lift:+0.99709062830975403 surprise:0.0018055957716064028 oog:83902
  chrX -> chr4 acc:0.99789258209427545 lift:+0.99678880617563592 surprise:0.0021074179057245382 oog:97927
  chrX -> chr5 acc:0.99764748745716525 lift:+0.99654371153852572 surprise:0.0023525125428348016 oog:109316
  chrX -> chr6 acc:0.9977884669081889 lift:+0.99668469098954937 surprise:0.0022115330918110652 oog:102765
  chrX -> chr7 acc:0.99773509657716486 lift:+0.99663132065852533 surprise:0.0022649034228351631 oog:105245
  chrX -> chr8 acc:0.99737461011950967 lift:+0.99627083420087015 surprise:0.0026253898804902711 oog:121996
  chrX -> chr9 acc:0.99627003794996383 lift:+0.9951662620313243 surprise:0.0037299620500361916 oog:173323
  chrX -> chr10 acc:0.99716498092817674 lift:+0.99606120500953721 surprise:0.0028350190718232308 oog:131737
  chrX -> chr11 acc:0.99726720232832378 lift:+0.99616342640968425 surprise:0.0027327976716762683 oog:126987
  chrX -> chr12 acc:0.99672538586695525 lift:+0.99562160994831572 surprise:0.0032746141330447032 oog:152164
  chrX -> chr13 acc:0.99478853781756016 lift:+0.99368476189892063 surprise:0.0052114621824398055 oog:242165
  chrX -> chr14 acc:0.99467385616674264 lift:+0.99357008024810312 surprise:0.0053261438332573132 oog:247494
  chrX -> chr15 acc:0.99464964583512894 lift:+0.99354586991648941 surprise:0.0053503541648710672 oog:248619
  chrX -> chr16 acc:0.99483900290879068 lift:+0.99373522699015115 surprise:0.0051609970912093574 oog:239820
  chrX -> chr17 acc:0.9948012347914732 lift:+0.99369745887283367 surprise:0.005198765208526814 oog:241575
  chrX -> chr18 acc:0.99356086956194256 lift:+0.99245709364330303 surprise:0.0064391304380574362 oog:299212
  chrX -> chr19 acc:0.99002938919054961 lift:+0.98892561327191009 surprise:0.0099706108094503795 oog:463312
  chrX -> chr20 acc:0.99260500262924201 lift:+0.99150122671060248 surprise:0.0073949973707579863 oog:343629
  chrX -> chr21 acc:0.98327718150421051 lift:+0.98217340558557098 surprise:0.0167228184957895 oog:777072
  chrX -> chr22 acc:0.98503031079717307 lift:+0.98392653487853354 surprise:0.014969689202826949 oog:695608
  chrX -> chrX acc:0.99701586680573084 lift:+0.99591209088709132 surprise:0.0029841331942691883 oog:138666
  chrX -> chrY acc:0.97369367775704296 lift:+0.97258990183840344 surprise:0.026306322242957026 oog:1222396
  chrY -> chr1 acc:0.99875155345971001 lift:+0.99721020846394515 surprise:0.0012484465402900062 oog:9893
  chrY -> chr2 acc:0.99883307539087618 lift:+0.99729173039511132 surprise:0.0011669246091237932 oog:9247
  chrY -> chr3 acc:0.99825964558403524 lift:+0.99671830058827038 surprise:0.0017403544159647704 oog:13791
  chrY -> chr4 acc:0.99792775289213564 lift:+0.99638640789637078 surprise:0.0020722471078643678 oog:16421
  chrY -> chr5 acc:0.99770842608661414 lift:+0.99616708109084928 surprise:0.0022915739133858508 oog:18159
  chrY -> chr6 acc:0.99782755410986634 lift:+0.99628620911410148 surprise:0.0021724458901336758 oog:17215
  chrY -> chr7 acc:0.9977778333035513 lift:+0.99623648830778644 surprise:0.0022221666964486724 oog:17609
  chrY -> chr8 acc:0.99743622360128048 lift:+0.99589487860551562 surprise:0.0025637763987194748 oog:20316
  chrY -> chr9 acc:0.99621415180342665 lift:+0.99467280680766179 surprise:0.0037858481965733532 oog:30000
  chrY -> chr10 acc:0.99732857931755792 lift:+0.99578723432179306 surprise:0.0026714206824420437 oog:21169
  chrY -> chr11 acc:0.99719342453694026 lift:+0.99565207954117541 surprise:0.0028065754630597125 oog:22240
  chrY -> chr12 acc:0.99676196403747086 lift:+0.995220619041706 surprise:0.0032380359625291889 oog:25659
  chrY -> chr13 acc:0.99480834017309905 lift:+0.99326699517733419 surprise:0.0051916598269009248 oog:41140
  chrY -> chr14 acc:0.99457096749117391 lift:+0.99302962249540905 surprise:0.0054290325088260745 oog:43021
  chrY -> chr15 acc:0.99440148768690728 lift:+0.99286014269114242 surprise:0.0055985123130926741 oog:44364
  chrY -> chr16 acc:0.99488683342570805 lift:+0.99334548842994319 surprise:0.0051131665742919705 oog:40518
  chrY -> chr17 acc:0.99481477611503322 lift:+0.99327343111926836 surprise:0.0051852238849667501 oog:41089
  chrY -> chr18 acc:0.99342322451291276 lift:+0.9918818795171479 surprise:0.006576775487087229 oog:52116
  chrY -> chr19 acc:0.98965416024334418 lift:+0.98811281524757932 surprise:0.010345839756655774 oog:81983
  chrY -> chr20 acc:0.99278240660817274 lift:+0.99124106161240788 surprise:0.0072175933918272117 oog:57194
  chrY -> chr21 acc:0.98324484544148538 lift:+0.98170350044572052 surprise:0.016755154558514576 oog:132772
  chrY -> chr22 acc:0.98494570084126598 lift:+0.98340435584550112 surprise:0.015054299158734052 oog:119294
  chrY -> chrX acc:0.99698898873432529 lift:+0.99544764373856043 surprise:0.0030110112656746733 oog:23860
  chrY -> chrY acc:0.97819300960797795 lift:+0.97665166461221309 surprise:0.021806990392022055 oog:172804
PS H:\kdna_opencl_with_inspector_krun>
PS H:\kdna_opencl_with_inspector_krun> .\build_vs\Release\kdna_genome_matrix.exe `
>>   --a .\GenomeOutFull\human_chr1_22_XY_full_k16.kgenome
file: KGENOME sources:24 matrix:576 record_bytes:256 payload:147456 train:0.69999999999999996 bins:32
cell:chr1->chr1 acc:0.99866178571606767 lift:+0.99745834884150941 surprise:0.001338214283932281 oog:92529 entropy:16.436490449558402 edges:2377244 unique:528881
cell:chr1->chr2 acc:0.99864129214496755 lift:+0.99743785527040929 surprise:0.0013587078550324986 oog:93946 entropy:16.436490449558402 edges:2370549 unique:528881
cell:chr1->chr3 acc:0.9979889399797971 lift:+0.99678550310523883 surprise:0.0020110600202028718 oog:139052 entropy:16.436490449558402 edges:2306226 unique:528881
cell:chr1->chr4 acc:0.99763907408107777 lift:+0.99643563720651951 surprise:0.002360925918922255 oog:163243 entropy:16.436490449558402 edges:2277542 unique:528881
cell:chr1->chr5 acc:0.99738082905245007 lift:+0.99617739217789181 surprise:0.0026191709475499804 oog:181099 entropy:16.436490449558402 edges:2259125 unique:528881
cell:chr1->chr6 acc:0.99754833543246602 lift:+0.99634489855790775 surprise:0.0024516645675339457 oog:169517 entropy:16.436490449558402 edges:2272646 unique:528881
cell:chr1->chr7 acc:0.99752941828991204 lift:+0.99632598141535378 surprise:0.0024705817100879931 oog:170825 entropy:16.436490449558402 edges:2273356 unique:528881
cell:chr1->chr8 acc:0.99709934254975163 lift:+0.99589590567519337 surprise:0.0029006574502483127 oog:200562 entropy:16.436490449558402 edges:2241038 unique:528881
cell:chr1->chr9 acc:0.9958796930476681 lift:+0.99467625617310984 surprise:0.0041203069523319102 oog:284893 entropy:16.436490449558402 edges:2163846 unique:528881
cell:chr1->chr10 acc:0.99691380124866158 lift:+0.99571036437410332 surprise:0.0030861987513384277 oog:213391 entropy:16.436490449558402 edges:2227379 unique:528881
cell:chr1->chr11 acc:0.99702513470690401 lift:+0.99582169783234575 surprise:0.0029748652930960311 oog:205693 entropy:16.436490449558402 edges:2238941 unique:528881
cell:chr1->chr12 acc:0.99637686100824752 lift:+0.99517342413368926 surprise:0.0036231389917524585 oog:250517 entropy:16.436490449558402 edges:2192315 unique:528881
cell:chr1->chr13 acc:0.99422071171120807 lift:+0.99301727483664981 surprise:0.0057792882887918754 oog:399601 entropy:16.436490449558402 edges:2079703 unique:528881
cell:chr1->chr14 acc:0.9941524769416592 lift:+0.99294904006710094 surprise:0.0058475230583408004 oog:404319 entropy:16.436490449558402 edges:2077162 unique:528881
cell:chr1->chr15 acc:0.99420078218334917 lift:+0.99299734530879091 surprise:0.0057992178166508023 oog:400979 entropy:16.436490449558402 edges:2087345 unique:528881
cell:chr1->chr16 acc:0.99453805111634641 lift:+0.99333461424178815 surprise:0.0054619488836535716 oog:377659 entropy:16.436490449558402 edges:2121650 unique:528881
cell:chr1->chr17 acc:0.99451198942606933 lift:+0.99330855255151107 surprise:0.0054880105739306302 oog:379461 entropy:16.436490449558402 edges:2125568 unique:528881
cell:chr1->chr18 acc:0.99294671158089964 lift:+0.99174327470634138 surprise:0.0070532884191003261 oog:487690 entropy:16.436490449558402 edges:2027957 unique:528881
cell:chr1->chr19 acc:0.98973118783818637 lift:+0.9885277509636281 surprise:0.010268812161813592 oog:710023 entropy:16.436490449558402 edges:2014057 unique:528881
cell:chr1->chr20 acc:0.9921049131998918 lift:+0.99090147632533354 surprise:0.0078950868001082097 oog:545895 entropy:16.436490449558402 edges:2008213 unique:528881
cell:chr1->chr21 acc:0.98192108355309926 lift:+0.980717646678541 surprise:0.018078916446900715 oog:1250042 entropy:16.436490449558402 edges:1742929 unique:528881
cell:chr1->chr22 acc:0.98444759231995826 lift:+0.9832441554454 surprise:0.015552407680041699 oog:1075350 entropy:16.436490449558402 edges:1843749 unique:528881
cell:chr1->chrX acc:0.99662948006710961 lift:+0.99542604319255135 surprise:0.0033705199328904244 oog:233050 entropy:16.436490449558402 edges:2209384 unique:528881
cell:chr1->chrY acc:0.97169461802232415 lift:+0.97049118114776589 surprise:0.028305381977675893 oog:1957137 entropy:16.436490449558402 edges:1581904 unique:528881
cell:chr2->chr1 acc:0.99864596522705451 lift:+0.99756371296003743 surprise:0.0013540347729454837 oog:97713 entropy:16.412533326243775 edges:2377244 unique:528775
cell:chr2->chr2 acc:0.99862677291732571 lift:+0.99754452065030863 surprise:0.0013732270826742761 oog:99098 entropy:16.412533326243775 edges:2370549 unique:528775
cell:chr2->chr3 acc:0.99796266357165608 lift:+0.996880411304639 surprise:0.0020373364283438628 oog:147023 entropy:16.412533326243775 edges:2306226 unique:528775
cell:chr2->chr4 acc:0.99760676747724131 lift:+0.99652451521022423 surprise:0.002393232522758719 oog:172706 entropy:16.412533326243775 edges:2277542 unique:528775
cell:chr2->chr5 acc:0.9973446019120723 lift:+0.99626234964505522 surprise:0.0026553980879276892 oog:191625 entropy:16.412533326243775 edges:2259125 unique:528775
cell:chr2->chr6 acc:0.99751763755942502 lift:+0.99643538529240794 surprise:0.0024823624405750314 oog:179138 entropy:16.412533326243775 edges:2272646 unique:528775
cell:chr2->chr7 acc:0.99751882928407243 lift:+0.99643657701705535 surprise:0.0024811707159276119 oog:179052 entropy:16.412533326243775 edges:2273356 unique:528775
cell:chr2->chr8 acc:0.99707941546349477 lift:+0.99599716319647769 surprise:0.0029205845365052351 oog:210762 entropy:16.412533326243775 edges:2241038 unique:528775
PS H:\kdna_opencl_with_inspector_krun>
PS H:\kdna_opencl_with_inspector_krun> .\build_vs\Release\kdna_probe.exe `
>>   .\GenomeOutFull\human_chr1_22_XY_full_k16.kgenome.\build_vs\Release\kdna_genome_matrix.exe `
>>   --a .\GenomeOutFull\human_chr1_22_XY_full_k16.kgenome
file: .\GenomeOutFull\human_chr1_22_XY_full_k16.kgenome.\build_vs\Release\kdna_genome_matrix.exe
  size:0 fnv1a64:0x0000000000000000
  error: cannot read magic
file: --a
  size:0 fnv1a64:0x0000000000000000
  error: cannot read magic
file: .\GenomeOutFull\human_chr1_22_XY_full_k16.kgenome
  size:147584 fnv1a64:0x13e193787d66b3ef
  magic: KGENOME1
  type: KGENOME rc:ok sources:24 cells:576 record_bytes:256 payload:147456 train:0.69999999999999996 bins:32
PS H:\kdna_opencl_with_inspector_krun>
PS H:\kdna_opencl_with_inspector_krun> .\build_vs\Release\kdna_probe.exe `
>>   .\GenomeOutFull\human_chr1_22_XY_full_k16.kgenome
file: .\GenomeOutFull\human_chr1_22_XY_full_k16.kgenome
  size:147584 fnv1a64:0x13e193787d66b3ef
  magic: KGENOME1
  type: KGENOME rc:ok sources:24 cells:576 record_bytes:256 payload:147456 train:0.69999999999999996 bins:32
PS H:\kdna_opencl_with_inspector_krun>
PS H:\kdna_opencl_with_inspector_krun> Get-Content .\GenomeOutFull\human_chr1_22_XY_full_k16.csv -TotalCount 40
row,col,n,train_n,unique_variants,grammar_edges,test_transitions,entropy_raw,baseline_accuracy,kgram_accuracy,lift,out_of_grammar,surprise_rate,compression_ratio
chr1,chr1,230478786,161335150,528881,2377244,69143635,16.436490449558402,0.0012034368745583016,0.99866178571606767,0.99745834884150941,92529,0.001338214283932281,435.78571739200311
chr1,chr2,230478786,161335150,528881,2370549,69143635,16.436490449558402,0.0012034368745583016,0.99864129214496755,0.99743785527040929,93946,0.0013587078550324986,435.78571739200311
chr1,chr3,230478786,161335150,528881,2306226,69143635,16.436490449558402,0.0012034368745583016,0.9979889399797971,0.99678550310523883,139052,0.0020110600202028718,435.78571739200311
chr1,chr4,230478786,161335150,528881,2277542,69143635,16.436490449558402,0.0012034368745583016,0.99763907408107777,0.99643563720651951,163243,0.002360925918922255,435.78571739200311
chr1,chr5,230478786,161335150,528881,2259125,69143635,16.436490449558402,0.0012034368745583016,0.99738082905245007,0.99617739217789181,181099,0.0026191709475499804,435.78571739200311
chr1,chr6,230478786,161335150,528881,2272646,69143635,16.436490449558402,0.0012034368745583016,0.99754833543246602,0.99634489855790775,169517,0.0024516645675339457,435.78571739200311
chr1,chr7,230478786,161335150,528881,2273356,69143635,16.436490449558402,0.0012034368745583016,0.99752941828991204,0.99632598141535378,170825,0.0024705817100879931,435.78571739200311
chr1,chr8,230478786,161335150,528881,2241038,69143635,16.436490449558402,0.0012034368745583016,0.99709934254975163,0.99589590567519337,200562,0.0029006574502483127,435.78571739200311
chr1,chr9,230478786,161335150,528881,2163846,69143635,16.436490449558402,0.0012034368745583016,0.9958796930476681,0.99467625617310984,284893,0.0041203069523319102,435.78571739200311
chr1,chr10,230478786,161335150,528881,2227379,69143635,16.436490449558402,0.0012034368745583016,0.99691380124866158,0.99571036437410332,213391,0.0030861987513384277,435.78571739200311
chr1,chr11,230478786,161335150,528881,2238941,69143635,16.436490449558402,0.0012034368745583016,0.99702513470690401,0.99582169783234575,205693,0.0029748652930960311,435.78571739200311
chr1,chr12,230478786,161335150,528881,2192315,69143635,16.436490449558402,0.0012034368745583016,0.99637686100824752,0.99517342413368926,250517,0.0036231389917524585,435.78571739200311
chr1,chr13,230478786,161335150,528881,2079703,69143635,16.436490449558402,0.0012034368745583016,0.99422071171120807,0.99301727483664981,399601,0.0057792882887918754,435.78571739200311
chr1,chr14,230478786,161335150,528881,2077162,69143635,16.436490449558402,0.0012034368745583016,0.9941524769416592,0.99294904006710094,404319,0.0058475230583408004,435.78571739200311
chr1,chr15,230478786,161335150,528881,2087345,69143635,16.436490449558402,0.0012034368745583016,0.99420078218334917,0.99299734530879091,400979,0.0057992178166508023,435.78571739200311
chr1,chr16,230478786,161335150,528881,2121650,69143635,16.436490449558402,0.0012034368745583016,0.99453805111634641,0.99333461424178815,377659,0.0054619488836535716,435.78571739200311
chr1,chr17,230478786,161335150,528881,2125568,69143635,16.436490449558402,0.0012034368745583016,0.99451198942606933,0.99330855255151107,379461,0.0054880105739306302,435.78571739200311
chr1,chr18,230478786,161335150,528881,2027957,69143635,16.436490449558402,0.0012034368745583016,0.99294671158089964,0.99174327470634138,487690,0.0070532884191003261,435.78571739200311
chr1,chr19,230478786,161335150,528881,2014057,69143635,16.436490449558402,0.0012034368745583016,0.98973118783818637,0.9885277509636281,710023,0.010268812161813592,435.78571739200311
chr1,chr20,230478786,161335150,528881,2008213,69143635,16.436490449558402,0.0012034368745583016,0.9921049131998918,0.99090147632533354,545895,0.0078950868001082097,435.78571739200311
chr1,chr21,230478786,161335150,528881,1742929,69143635,16.436490449558402,0.0012034368745583016,0.98192108355309926,0.980717646678541,1250042,0.018078916446900715,435.78571739200311
chr1,chr22,230478786,161335150,528881,1843749,69143635,16.436490449558402,0.0012034368745583016,0.98444759231995826,0.9832441554454,1075350,0.015552407680041699,435.78571739200311
chr1,chrX,230478786,161335150,528881,2209384,69143635,16.436490449558402,0.0012034368745583016,0.99662948006710961,0.99542604319255135,233050,0.0033705199328904244,435.78571739200311
chr1,chrY,230478786,161335150,528881,1581904,69143635,16.436490449558402,0.0012034368745583016,0.97169461802232415,0.97049118114776589,1957137,0.028305381977675893,435.78571739200311
chr2,chr1,240547740,168383418,528775,2377244,72164321,16.412533326243775,0.0010822522670171039,0.99864596522705451,0.99756371296003743,97713,0.0013540347729454837,454.91511512458038
chr2,chr2,240547740,168383418,528775,2370549,72164321,16.412533326243775,0.0010822522670171039,0.99862677291732571,0.99754452065030863,99098,0.0013732270826742761,454.91511512458038
chr2,chr3,240547740,168383418,528775,2306226,72164321,16.412533326243775,0.0010822522670171039,0.99796266357165608,0.996880411304639,147023,0.0020373364283438628,454.91511512458038
chr2,chr4,240547740,168383418,528775,2277542,72164321,16.412533326243775,0.0010822522670171039,0.99760676747724131,0.99652451521022423,172706,0.002393232522758719,454.91511512458038
chr2,chr5,240547740,168383418,528775,2259125,72164321,16.412533326243775,0.0010822522670171039,0.9973446019120723,0.99626234964505522,191625,0.0026553980879276892,454.91511512458038
chr2,chr6,240547740,168383418,528775,2272646,72164321,16.412533326243775,0.0010822522670171039,0.99751763755942502,0.99643538529240794,179138,0.0024823624405750314,454.91511512458038
chr2,chr7,240547740,168383418,528775,2273356,72164321,16.412533326243775,0.0010822522670171039,0.99751882928407243,0.99643657701705535,179052,0.0024811707159276119,454.91511512458038
chr2,chr8,240547740,168383418,528775,2241038,72164321,16.412533326243775,0.0010822522670171039,0.99707941546349477,0.99599716319647769,210762,0.0029205845365052351,454.91511512458038
chr2,chr9,240547740,168383418,528775,2163846,72164321,16.412533326243775,0.0010822522670171039,0.99584228056410318,0.9947600282970861,300039,0.004157719435896861,454.91511512458038
chr2,chr10,240547740,168383418,528775,2227379,72164321,16.412533326243775,0.0010822522670171039,0.99688128431222955,0.99579903204521247,225060,0.003118715687770415,454.91511512458038
chr2,chr11,240547740,168383418,528775,2238941,72164321,16.412533326243775,0.0010822522670171039,0.99700162078709231,0.99591936852007523,216376,0.0029983792129077195,454.91511512458038
chr2,chr12,240547740,168383418,528775,2192315,72164321,16.412533326243775,0.0010822522670171039,0.99634123904526173,0.99525898677824465,264032,0.0036587609547382841,454.91511512458038
chr2,chr13,240547740,168383418,528775,2079703,72164321,16.412533326243775,0.0010822522670171039,0.99414365722362996,0.99306140495661288,422619,0.0058563427763700573,454.91511512458038
chr2,chr14,240547740,168383418,528775,2077162,72164321,16.412533326243775,0.0010822522670171039,0.99409755410849077,0.99301530184147369,425946,0.0059024458915091851,454.91511512458038
chr2,chr15,240547740,168383418,528775,2087345,72164321,16.412533326243775,0.0010822522670171039,0.99417889624430889,0.9930966439772918,420076,0.0058211037556911262,454.91511512458038
PS H:\kdna_opencl_with_inspector_krun> .\build_vs\Release\kdna_genome_library.exe `
>>   --dir .\GenomeOutFull `
>>   --human24 `
>>   --matrix .\GenomeOutFull\human_chr1_22_XY_full_k16.kgenome `
>>   --matrix-csv .\GenomeOutFull\human_chr1_22_XY_full_k16.csv `
>>   --out .\GenomeOutFull\human_kdna_library.kglib `
>>   --json .\GenomeOutFull\human_kdna_library.json `
>>   --csv .\GenomeOutFull\human_kdna_library.csv
kdna_genome_library: wrote .\GenomeOutFull\human_kdna_library.kglib .\GenomeOutFull\human_kdna_library.json .\GenomeOutFull\human_kdna_library.csv chroms=24 complete=yes total_raw_symbols=2937624999 total_kdna_symbols=2937624999 total_kgram_rules=51119828 artifact_bytes=60088935167
PS H:\kdna_opencl_with_inspector_krun> .\build_vs\Release\kdna_genome_library.exe `
>>   --a .\GenomeOutFull\human_kdna_library.kglib
file: KGLIB chroms:24 record_bytes:1024 payload:24576 flags:0x1f raw_symbols:2937624999 kdna_symbols:2937624999 kgram_rules:51119828 artifact_bytes:60088935167 matrix_hash:0x13e193787d66b3ef csv_hash:0x7da655d65d261121
chr1 complete:yes raw:230478786 kdna:230478786 kfsum:230478786 rules:2377244 source_n:230478786 status:0xff
chr2 complete:yes raw:240547740 kdna:240547740 kfsum:240547740 rules:2370549 source_n:240547740 status:0xff
chr3 complete:yes raw:198099715 kdna:198099715 kfsum:198099715 rules:2306226 source_n:198099715 status:0xff
chr4 complete:yes raw:189752412 kdna:189752412 kfsum:189752412 rules:2277542 source_n:189752412 status:0xff
chr5 complete:yes raw:181264838 kdna:181264838 kfsum:181264838 rules:2259125 source_n:181264838 status:0xff
chr6 complete:yes raw:170078297 kdna:170078297 kfsum:170078297 rules:2272646 source_n:170078297 status:0xff
chr7 complete:yes raw:158969846 kdna:158969846 kfsum:158969846 rules:2273356 source_n:158969846 status:0xff
chr8 complete:yes raw:144767971 kdna:144767971 kfsum:144767971 rules:2241038 source_n:144767971 status:0xff
chr9 complete:yes raw:121789875 kdna:121789875 kfsum:121789875 rules:2163846 source_n:121789875 status:0xff
chr10 complete:yes raw:133261791 kdna:133261791 kfsum:133261791 rules:2227379 source_n:133261791 status:0xff
chr11 complete:yes raw:134533502 kdna:134533502 kfsum:134533502 rules:2238941 source_n:134533502 status:0xff
chr12 complete:yes raw:133137381 kdna:133137381 kfsum:133137381 rules:2192315 source_n:133137381 status:0xff
chr13 complete:yes raw:97982809 kdna:97982809 kfsum:97982809 rules:2079703 source_n:97982809 status:0xff
chr14 complete:yes raw:90567789 kdna:90567789 kfsum:90567789 rules:2077162 source_n:90567789 status:0xff
chr15 complete:yes raw:84641066 kdna:84641066 kfsum:84641066 rules:2087345 source_n:84641066 status:0xff
chr16 complete:yes raw:81805628 kdna:81805628 kfsum:81805628 rules:2121650 source_n:81805628 status:0xff
chr17 complete:yes raw:82919499 kdna:82919499 kfsum:82919499 rules:2125568 source_n:82919499 status:0xff
chr18 complete:yes raw:80088870 kdna:80088870 kfsum:80088870 rules:2027957 source_n:80088870 status:0xff
chr19 complete:yes raw:58440638 kdna:58440638 kfsum:58440638 rules:2014057 source_n:58440638 status:0xff
chr20 complete:yes raw:63942922 kdna:63942922 kfsum:63942922 rules:2008213 source_n:63942922 status:0xff
chr21 complete:yes raw:40087854 kdna:40087854 kfsum:40087854 rules:1742929 source_n:40087854 status:0xff
chr22 complete:yes raw:39159057 kdna:39159057 kfsum:39159057 rules:1843749 source_n:39159057 status:0xff
chrX complete:yes raw:154892552 kdna:154892552 kfsum:154892552 rules:2209384 source_n:154892552 status:0xff
chrY complete:yes raw:26414161 kdna:26414161 kfsum:26414161 rules:1581904 source_n:26414161 status:0xff
PS H:\kdna_opencl_with_inspector_krun>
PS H:\kdna_opencl_with_inspector_krun> Get-Content .\GenomeOutFull\human_kdna_library.csv -TotalCount 30
name,status_flags,raw_symbols,kdna_symbols,kfsum_symbols,kgram_rules,kgram_source_n,raw_bytes,kdna_bytes,kgram_bytes,raw_hash,kfsum_hash,kdna_hash,kgram_hash,bases_total,bases_valid,bases_invalid,resets,contigs
chr1,0xff,230478786,230478786,230478786,2377244,230478786,1843830288,1843830288,608574592,0xe2e88054f28e5a4b,0x825e25763fe5ed9b,0xec3a63f28956c9ad,0xa01bde7628a92ab8,248956422,230481012,18475410,167,1
chr2,0xff,240547740,240547740,240547740,2370549,240547740,1924381920,1924381920,606860672,0xe7547cda73709059,0x615d009a157068e8,0x42d684190f252364,0x4dd7e7f26d3fa1f7,242193529,240548228,1645301,34,1
chr3,0xff,198099715,198099715,198099715,2306226,198099715,1584797720,1584797720,590393984,0x88a1893f74ff9905,0x979aabc431d30cc2,0x64d63d0fe4c885f9,0x8ab3d37ca46c699c,198295559,198100135,195424,28,1
chr4,0xff,189752412,189752412,189752412,2277542,189752412,1518019296,1518019296,583050880,0x71139e7bc8827bb6,0x9eeb63969db9e535,0x9a43c14c8593fbf2,0x528ce7f73b3c3d55,190214555,189752667,461888,17,1
chr5,0xff,181264838,181264838,181264838,2259125,181264838,1450118704,1450118704,578336128,0xfd2ec7d1229e4268,0x4ee8d840baa79d84,0x463aee3b00135817,0xec21c88ae07eeac9,181538259,181265378,272881,36,1
chr6,0xff,170078297,170078297,170078297,2272646,170078297,1360626376,1360626376,581797504,0x7b6a6e11d75845ab,0xa87f2ad7ae147ae8,0xfd2090286c9561d5,0x63fb9a5ac300101c,170805979,170078522,727457,15,1
chr7,0xff,158969846,158969846,158969846,2273356,158969846,1271758768,1271758768,581979264,0x77e2eaef98708326,0xe4bc274240797ecf,0x027fa7aecf0c6548,0xa76e66e8a314eae4,159345973,158970131,375842,19,1
chr8,0xff,144767971,144767971,144767971,2241038,144767971,1158143768,1158143768,573705856,0x7c1289a25c1d3bdb,0xc56b0c14634390fc,0x65d5ae911dbc2e50,0x16787ab894e456f6,145138636,144768136,370500,11,1
chr9,0xff,121789875,121789875,121789875,2163846,121789875,974319000,974319000,553944704,0x8034c5e9f53752c4,0x3218d1e0fa977003,0x6a77475bcb1f9a6b,0x5e3b89f8380d633b,138394717,121790550,16604167,45,1
chr10,0xff,133261791,133261791,133261791,2227379,133261791,1066094328,1066094328,570209152,0x83bc9b459ed5e7dc,0x14db11af97df5041,0xd19ece02bfeaf7e3,0x7809c7632f32970d,133797422,133262962,534460,79,1
chr11,0xff,134533502,134533502,134533502,2238941,134533502,1076268016,1076268016,573169024,0x511e90a9adb9324c,0x5bfd36dbb6040da5,0x494203f5316ad402,0x5bc1fe0c228e0ad5,135086622,134533742,552880,16,1
chr12,0xff,133137381,133137381,133137381,2192315,133137381,1065099048,1065099048,561232768,0x107f69d71db200df,0x481ce7928f984dee,0x58249cb687c8bd40,0x7fb5dc20e521523b,133275309,133137816,137493,29,1
chr13,0xff,97982809,97982809,97982809,2079703,97982809,783862472,783862472,532404096,0xcc3e68a8c26eaf5d,0xb547a05f13619d6b,0x8a29b1b6ffc74364,0xfb02a60591017b00,114364328,97983125,16381203,22,1
chr14,0xff,90567789,90567789,90567789,2077162,90567789,724542312,724542312,531753600,0xdda80d9fdb1a4436,0x3fab0dcf720edda6,0x83e8b8d5174b90d7,0x92888e4f23b5c9c6,107043718,90568149,16475569,24,1
chr15,0xff,84641066,84641066,84641066,2087345,84641066,677128528,677128528,534360448,0x54d3f635e845f097,0x67de657e53f21abd,0xde744eb0e5dd2281,0xf51715253de041ee,101991189,84641325,17349864,18,1
chr16,0xff,81805628,81805628,81805628,2121650,81805628,654445024,654445024,543142528,0xdc1e3b0e3d10d08d,0x8954b0b7344e0897,0x9c690542c713a963,0x4dc6f87e74508c3a,90338345,81805943,8532402,21,1
chr17,0xff,82919499,82919499,82919499,2125568,82919499,663355992,663355992,544145536,0x753f3a1de130e7e2,0x808b5d0efd185e1b,0x0db7c4bd398552eb,0x10fb7101c5fcd9c5,83257441,82920204,337237,47,1
chr18,0xff,80088870,80088870,80088870,2027957,80088870,640710960,640710960,519157120,0x1d0ada43ff47d3f7,0x7e6d49e16a1c0273,0xf3a4b0be93e38f84,0x3620bbca250de685,80373285,80089605,283680,60,1
chr19,0xff,58440638,58440638,58440638,2014057,58440638,467525104,467525104,515598720,0xce9b99107b56588f,0x2e93bdad59a30305,0x103111193d22f03a,0xa8dec3ae245d5c18,58617616,58440758,176858,8,1
chr20,0xff,63942922,63942922,63942922,2008213,63942922,511543376,511543376,514102656,0x57a12a8a856ba150,0xe92325bfecc2fdae,0x3e15b11169f09cf5,0x73391f7de079ccec,64444167,63944257,499910,89,1
chr21,0xff,40087854,40087854,40087854,1742929,40087854,320702832,320702832,446189952,0x6a19fbae27bd6baa,0x951c83acce2548f1,0x8a3ce6763db45f28,0x41c5613f05c64fd2,46709983,40088619,6621364,51,1
chr22,0xff,39159057,39159057,39159057,1843749,39159057,313272456,313272456,471999872,0x7df2ca46e1ddd2f2,0x9febc5b838f50e43,0x119a42c98dac927d,0x1f0b9f12f75d894c,50818468,39159777,11658691,48,1
chrX,0xff,154892552,154892552,154892552,2209384,154892552,1239140416,1239140416,565602432,0x2c4baff783d22971,0xedc58b7a542424c6,0xac067ac9ea54f3ae,0xab6a17c0691a44ac,156040895,154893029,1147866,33,1
chrY,0xff,26414161,26414161,26414161,1581904,26414161,211313288,211313288,404967552,0xc0fddc4c9e27c60a,0x35691903b6d619f8,0x46afc2dd1437a609,0xb2330204dd427c3c,57227415,26415043,30812372,60,1
PS H:\kdna_opencl_with_inspector_krun> Get-Content .\GenomeOutFull\human_kdna_library.json -TotalCount 80
{
  "magic":"KGLIB001",
  "version":1,
  "chrom_count":24,
  "flags":"0x1f",
  "total_raw_symbols":2937624999,
  "total_kdna_symbols":2937624999,
  "total_kgram_rules":51119828,
  "total_artifact_bytes":60088935167,
  "matrix":{"path":".\GenomeOutFull\human_chr1_22_XY_full_k16.kgenome","hash":"0x13e193787d66b3ef","present":true},
  "matrix_csv":{"path":".\GenomeOutFull\human_chr1_22_XY_full_k16.csv","hash":"0x7da655d65d261121","present":true},
  "chromosomes":[
    {"name":"chr1","complete":true,"status":"0xff","raw_symbols":230478786,"kdna_symbols":230478786,"kfsum_symbols":230478786,"kgram_rules":2377244,"kgram_source_n":230478786,"bases_total":248956422,"bases_valid":230481012,"bases_invalid":18475410,"raw_hash":"0xe2e88054f28e5a4b","kdna_hash":"0xec3a63f28956c9ad","kgram_hash":"0xa01bde7628a92ab8"},
    {"name":"chr2","complete":true,"status":"0xff","raw_symbols":240547740,"kdna_symbols":240547740,"kfsum_symbols":240547740,"kgram_rules":2370549,"kgram_source_n":240547740,"bases_total":242193529,"bases_valid":240548228,"bases_invalid":1645301,"raw_hash":"0xe7547cda73709059","kdna_hash":"0x42d684190f252364","kgram_hash":"0x4dd7e7f26d3fa1f7"},
    {"name":"chr3","complete":true,"status":"0xff","raw_symbols":198099715,"kdna_symbols":198099715,"kfsum_symbols":198099715,"kgram_rules":2306226,"kgram_source_n":198099715,"bases_total":198295559,"bases_valid":198100135,"bases_invalid":195424,"raw_hash":"0x88a1893f74ff9905","kdna_hash":"0x64d63d0fe4c885f9","kgram_hash":"0x8ab3d37ca46c699c"},
    {"name":"chr4","complete":true,"status":"0xff","raw_symbols":189752412,"kdna_symbols":189752412,"kfsum_symbols":189752412,"kgram_rules":2277542,"kgram_source_n":189752412,"bases_total":190214555,"bases_valid":189752667,"bases_invalid":461888,"raw_hash":"0x71139e7bc8827bb6","kdna_hash":"0x9a43c14c8593fbf2","kgram_hash":"0x528ce7f73b3c3d55"},
    {"name":"chr5","complete":true,"status":"0xff","raw_symbols":181264838,"kdna_symbols":181264838,"kfsum_symbols":181264838,"kgram_rules":2259125,"kgram_source_n":181264838,"bases_total":181538259,"bases_valid":181265378,"bases_invalid":272881,"raw_hash":"0xfd2ec7d1229e4268","kdna_hash":"0x463aee3b00135817","kgram_hash":"0xec21c88ae07eeac9"},
    {"name":"chr6","complete":true,"status":"0xff","raw_symbols":170078297,"kdna_symbols":170078297,"kfsum_symbols":170078297,"kgram_rules":2272646,"kgram_source_n":170078297,"bases_total":170805979,"bases_valid":170078522,"bases_invalid":727457,"raw_hash":"0x7b6a6e11d75845ab","kdna_hash":"0xfd2090286c9561d5","kgram_hash":"0x63fb9a5ac300101c"},
    {"name":"chr7","complete":true,"status":"0xff","raw_symbols":158969846,"kdna_symbols":158969846,"kfsum_symbols":158969846,"kgram_rules":2273356,"kgram_source_n":158969846,"bases_total":159345973,"bases_valid":158970131,"bases_invalid":375842,"raw_hash":"0x77e2eaef98708326","kdna_hash":"0x027fa7aecf0c6548","kgram_hash":"0xa76e66e8a314eae4"},
    {"name":"chr8","complete":true,"status":"0xff","raw_symbols":144767971,"kdna_symbols":144767971,"kfsum_symbols":144767971,"kgram_rules":2241038,"kgram_source_n":144767971,"bases_total":145138636,"bases_valid":144768136,"bases_invalid":370500,"raw_hash":"0x7c1289a25c1d3bdb","kdna_hash":"0x65d5ae911dbc2e50","kgram_hash":"0x16787ab894e456f6"},
    {"name":"chr9","complete":true,"status":"0xff","raw_symbols":121789875,"kdna_symbols":121789875,"kfsum_symbols":121789875,"kgram_rules":2163846,"kgram_source_n":121789875,"bases_total":138394717,"bases_valid":121790550,"bases_invalid":16604167,"raw_hash":"0x8034c5e9f53752c4","kdna_hash":"0x6a77475bcb1f9a6b","kgram_hash":"0x5e3b89f8380d633b"},
    {"name":"chr10","complete":true,"status":"0xff","raw_symbols":133261791,"kdna_symbols":133261791,"kfsum_symbols":133261791,"kgram_rules":2227379,"kgram_source_n":133261791,"bases_total":133797422,"bases_valid":133262962,"bases_invalid":534460,"raw_hash":"0x83bc9b459ed5e7dc","kdna_hash":"0xd19ece02bfeaf7e3","kgram_hash":"0x7809c7632f32970d"},
    {"name":"chr11","complete":true,"status":"0xff","raw_symbols":134533502,"kdna_symbols":134533502,"kfsum_symbols":134533502,"kgram_rules":2238941,"kgram_source_n":134533502,"bases_total":135086622,"bases_valid":134533742,"bases_invalid":552880,"raw_hash":"0x511e90a9adb9324c","kdna_hash":"0x494203f5316ad402","kgram_hash":"0x5bc1fe0c228e0ad5"},
    {"name":"chr12","complete":true,"status":"0xff","raw_symbols":133137381,"kdna_symbols":133137381,"kfsum_symbols":133137381,"kgram_rules":2192315,"kgram_source_n":133137381,"bases_total":133275309,"bases_valid":133137816,"bases_invalid":137493,"raw_hash":"0x107f69d71db200df","kdna_hash":"0x58249cb687c8bd40","kgram_hash":"0x7fb5dc20e521523b"},
    {"name":"chr13","complete":true,"status":"0xff","raw_symbols":97982809,"kdna_symbols":97982809,"kfsum_symbols":97982809,"kgram_rules":2079703,"kgram_source_n":97982809,"bases_total":114364328,"bases_valid":97983125,"bases_invalid":16381203,"raw_hash":"0xcc3e68a8c26eaf5d","kdna_hash":"0x8a29b1b6ffc74364","kgram_hash":"0xfb02a60591017b00"},
    {"name":"chr14","complete":true,"status":"0xff","raw_symbols":90567789,"kdna_symbols":90567789,"kfsum_symbols":90567789,"kgram_rules":2077162,"kgram_source_n":90567789,"bases_total":107043718,"bases_valid":90568149,"bases_invalid":16475569,"raw_hash":"0xdda80d9fdb1a4436","kdna_hash":"0x83e8b8d5174b90d7","kgram_hash":"0x92888e4f23b5c9c6"},
    {"name":"chr15","complete":true,"status":"0xff","raw_symbols":84641066,"kdna_symbols":84641066,"kfsum_symbols":84641066,"kgram_rules":2087345,"kgram_source_n":84641066,"bases_total":101991189,"bases_valid":84641325,"bases_invalid":17349864,"raw_hash":"0x54d3f635e845f097","kdna_hash":"0xde744eb0e5dd2281","kgram_hash":"0xf51715253de041ee"},
    {"name":"chr16","complete":true,"status":"0xff","raw_symbols":81805628,"kdna_symbols":81805628,"kfsum_symbols":81805628,"kgram_rules":2121650,"kgram_source_n":81805628,"bases_total":90338345,"bases_valid":81805943,"bases_invalid":8532402,"raw_hash":"0xdc1e3b0e3d10d08d","kdna_hash":"0x9c690542c713a963","kgram_hash":"0x4dc6f87e74508c3a"},
    {"name":"chr17","complete":true,"status":"0xff","raw_symbols":82919499,"kdna_symbols":82919499,"kfsum_symbols":82919499,"kgram_rules":2125568,"kgram_source_n":82919499,"bases_total":83257441,"bases_valid":82920204,"bases_invalid":337237,"raw_hash":"0x753f3a1de130e7e2","kdna_hash":"0x0db7c4bd398552eb","kgram_hash":"0x10fb7101c5fcd9c5"},
    {"name":"chr18","complete":true,"status":"0xff","raw_symbols":80088870,"kdna_symbols":80088870,"kfsum_symbols":80088870,"kgram_rules":2027957,"kgram_source_n":80088870,"bases_total":80373285,"bases_valid":80089605,"bases_invalid":283680,"raw_hash":"0x1d0ada43ff47d3f7","kdna_hash":"0xf3a4b0be93e38f84","kgram_hash":"0x3620bbca250de685"},
    {"name":"chr19","complete":true,"status":"0xff","raw_symbols":58440638,"kdna_symbols":58440638,"kfsum_symbols":58440638,"kgram_rules":2014057,"kgram_source_n":58440638,"bases_total":58617616,"bases_valid":58440758,"bases_invalid":176858,"raw_hash":"0xce9b99107b56588f","kdna_hash":"0x103111193d22f03a","kgram_hash":"0xa8dec3ae245d5c18"},
    {"name":"chr20","complete":true,"status":"0xff","raw_symbols":63942922,"kdna_symbols":63942922,"kfsum_symbols":63942922,"kgram_rules":2008213,"kgram_source_n":63942922,"bases_total":64444167,"bases_valid":63944257,"bases_invalid":499910,"raw_hash":"0x57a12a8a856ba150","kdna_hash":"0x3e15b11169f09cf5","kgram_hash":"0x73391f7de079ccec"},
    {"name":"chr21","complete":true,"status":"0xff","raw_symbols":40087854,"kdna_symbols":40087854,"kfsum_symbols":40087854,"kgram_rules":1742929,"kgram_source_n":40087854,"bases_total":46709983,"bases_valid":40088619,"bases_invalid":6621364,"raw_hash":"0x6a19fbae27bd6baa","kdna_hash":"0x8a3ce6763db45f28","kgram_hash":"0x41c5613f05c64fd2"},
    {"name":"chr22","complete":true,"status":"0xff","raw_symbols":39159057,"kdna_symbols":39159057,"kfsum_symbols":39159057,"kgram_rules":1843749,"kgram_source_n":39159057,"bases_total":50818468,"bases_valid":39159777,"bases_invalid":11658691,"raw_hash":"0x7df2ca46e1ddd2f2","kdna_hash":"0x119a42c98dac927d","kgram_hash":"0x1f0b9f12f75d894c"},
    {"name":"chrX","complete":true,"status":"0xff","raw_symbols":154892552,"kdna_symbols":154892552,"kfsum_symbols":154892552,"kgram_rules":2209384,"kgram_source_n":154892552,"bases_total":156040895,"bases_valid":154893029,"bases_invalid":1147866,"raw_hash":"0x2c4baff783d22971","kdna_hash":"0xac067ac9ea54f3ae","kgram_hash":"0xab6a17c0691a44ac"},
    {"name":"chrY","complete":true,"status":"0xff","raw_symbols":26414161,"kdna_symbols":26414161,"kfsum_symbols":26414161,"kgram_rules":1581904,"kgram_source_n":26414161,"bases_total":57227415,"bases_valid":26415043,"bases_invalid":30812372,"raw_hash":"0xc0fddc4c9e27c60a","kdna_hash":"0x46afc2dd1437a609","kgram_hash":"0xb2330204dd427c3c"}
  ]
}
PS H:\kdna_opencl_with_inspector_krun>




PS H:\kdna_opencl_with_inspector_krun> $N = [UInt64]((Get-Item ".\GenomeOutFull\chr2_k16_kdna.u64").Length / 8)
PS H:\kdna_opencl_with_inspector_krun>
PS H:\kdna_opencl_with_inspector_krun> .\build_vs\Release\kdna_symbol_gram.exe `
>>   --symbols ".\GenomeOutFull\chr2_k16_kdna.u64" `
>>   --n $N `
>>   --out ".\GenomeOutFull\chr2_k16_self.kgram" `
>>   --train 0.70
kdna_symbol_gram: source=.\GenomeOutFull\chr2_k16_kdna.u64 out=.\GenomeOutFull\chr2_k16_self.kgram n=240547740 train_n=168383418 transitions=168383417 unique_edges=2370549 payload_bytes=606860544
PS H:\kdna_opencl_with_inspector_krun>
PS H:\kdna_opencl_with_inspector_krun> .\build_vs\Release\kdna_probe.exe `
>>   ".\GenomeOutFull\chr2_k16_self.kgram"
file: .\GenomeOutFull\chr2_k16_self.kgram
  size:606860672 fnv1a64:0x4dd7e7f26d3fa1f7
  magic: KGRAM01
  type: KGRAM rc:ok rules:2370549 source_words:2370550 source_n:240547740 payload:606860544
PS H:\kdna_opencl_with_inspector_krun> $Chroms = @(
>>   "chr1","chr2","chr3","chr4","chr5","chr6",
>>   "chr7","chr8","chr9","chr10","chr11","chr12",
>>   "chr13","chr14","chr15","chr16","chr17","chr18",
>>   "chr19","chr20","chr21","chr22","chrX","chrY"
>> )
PS H:\kdna_opencl_with_inspector_krun>
PS H:\kdna_opencl_with_inspector_krun> $MatrixArgs = @()
PS H:\kdna_opencl_with_inspector_krun>
PS H:\kdna_opencl_with_inspector_krun> foreach ($C in $Chroms) {
>>   $MatrixArgs += "--entry"
>>   $MatrixArgs += $C
>>   $MatrixArgs += ".\GenomeOutFull\$C`_k16_kdna.u64"
>>   $MatrixArgs += ".\GenomeOutFull\$C`_k16_self.kgram"
>> }
PS H:\kdna_opencl_with_inspector_krun>
PS H:\kdna_opencl_with_inspector_krun> $MatrixArgs += "--out"
PS H:\kdna_opencl_with_inspector_krun> $MatrixArgs += ".\GenomeOutFull\human_chr1_22_XY_full_k16.kgenome"
PS H:\kdna_opencl_with_inspector_krun> $MatrixArgs += "--csv"
PS H:\kdna_opencl_with_inspector_krun> $MatrixArgs += ".\GenomeOutFull\human_chr1_22_XY_full_k16.csv"
PS H:\kdna_opencl_with_inspector_krun> $MatrixArgs += "--train"
PS H:\kdna_opencl_with_inspector_krun> $MatrixArgs += "0.70"
PS H:\kdna_opencl_with_inspector_krun> $MatrixArgs += "--bins"
PS H:\kdna_opencl_with_inspector_krun> $MatrixArgs += "32"
PS H:\kdna_opencl_with_inspector_krun>
PS H:\kdna_opencl_with_inspector_krun> & .\build_vs\Release\kdna_genome_matrix.exe @MatrixArgs
kdna_genome_matrix: wrote .\GenomeOutFull\human_chr1_22_XY_full_k16.kgenome and .\GenomeOutFull\human_chr1_22_XY_full_k16.csv entries=24 cells=576 train=0.69999999999999996
  chr1 -> chr1 acc:0.99866178571606767 lift:+0.99745834884150941 surprise:0.001338214283932281 oog:92529
  chr1 -> chr2 acc:0.99864129214496755 lift:+0.99743785527040929 surprise:0.0013587078550324986 oog:93946
  chr1 -> chr3 acc:0.9979889399797971 lift:+0.99678550310523883 surprise:0.0020110600202028718 oog:139052
  chr1 -> chr4 acc:0.99763907408107777 lift:+0.99643563720651951 surprise:0.002360925918922255 oog:163243
  chr1 -> chr5 acc:0.99738082905245007 lift:+0.99617739217789181 surprise:0.0026191709475499804 oog:181099
  chr1 -> chr6 acc:0.99754833543246602 lift:+0.99634489855790775 surprise:0.0024516645675339457 oog:169517
  chr1 -> chr7 acc:0.99752941828991204 lift:+0.99632598141535378 surprise:0.0024705817100879931 oog:170825
  chr1 -> chr8 acc:0.99709934254975163 lift:+0.99589590567519337 surprise:0.0029006574502483127 oog:200562
  chr1 -> chr9 acc:0.9958796930476681 lift:+0.99467625617310984 surprise:0.0041203069523319102 oog:284893
  chr1 -> chr10 acc:0.99691380124866158 lift:+0.99571036437410332 surprise:0.0030861987513384277 oog:213391
  chr1 -> chr11 acc:0.99702513470690401 lift:+0.99582169783234575 surprise:0.0029748652930960311 oog:205693
  chr1 -> chr12 acc:0.99637686100824752 lift:+0.99517342413368926 surprise:0.0036231389917524585 oog:250517
  chr1 -> chr13 acc:0.99422071171120807 lift:+0.99301727483664981 surprise:0.0057792882887918754 oog:399601
  chr1 -> chr14 acc:0.9941524769416592 lift:+0.99294904006710094 surprise:0.0058475230583408004 oog:404319
  chr1 -> chr15 acc:0.99420078218334917 lift:+0.99299734530879091 surprise:0.0057992178166508023 oog:400979
  chr1 -> chr16 acc:0.99453805111634641 lift:+0.99333461424178815 surprise:0.0054619488836535716 oog:377659
  chr1 -> chr17 acc:0.99451198942606933 lift:+0.99330855255151107 surprise:0.0054880105739306302 oog:379461
  chr1 -> chr18 acc:0.99294671158089964 lift:+0.99174327470634138 surprise:0.0070532884191003261 oog:487690
  chr1 -> chr19 acc:0.98973118783818637 lift:+0.9885277509636281 surprise:0.010268812161813592 oog:710023
  chr1 -> chr20 acc:0.9921049131998918 lift:+0.99090147632533354 surprise:0.0078950868001082097 oog:545895
  chr1 -> chr21 acc:0.98192108355309926 lift:+0.980717646678541 surprise:0.018078916446900715 oog:1250042
  chr1 -> chr22 acc:0.98444759231995826 lift:+0.9832441554454 surprise:0.015552407680041699 oog:1075350
  chr1 -> chrX acc:0.99662948006710961 lift:+0.99542604319255135 surprise:0.0033705199328904244 oog:233050
  chr1 -> chrY acc:0.97169461802232415 lift:+0.97049118114776589 surprise:0.028305381977675893 oog:1957137
  chr2 -> chr1 acc:0.99864596522705451 lift:+0.99756371296003743 surprise:0.0013540347729454837 oog:97713
  chr2 -> chr2 acc:0.99862677291732571 lift:+0.99754452065030863 surprise:0.0013732270826742761 oog:99098
  chr2 -> chr3 acc:0.99796266357165608 lift:+0.996880411304639 surprise:0.0020373364283438628 oog:147023
  chr2 -> chr4 acc:0.99760676747724131 lift:+0.99652451521022423 surprise:0.002393232522758719 oog:172706
  chr2 -> chr5 acc:0.9973446019120723 lift:+0.99626234964505522 surprise:0.0026553980879276892 oog:191625
  chr2 -> chr6 acc:0.99751763755942502 lift:+0.99643538529240794 surprise:0.0024823624405750314 oog:179138
  chr2 -> chr7 acc:0.99751882928407243 lift:+0.99643657701705535 surprise:0.0024811707159276119 oog:179052
  chr2 -> chr8 acc:0.99707941546349477 lift:+0.99599716319647769 surprise:0.0029205845365052351 oog:210762
  chr2 -> chr9 acc:0.99584228056410318 lift:+0.9947600282970861 surprise:0.004157719435896861 oog:300039
  chr2 -> chr10 acc:0.99688128431222955 lift:+0.99579903204521247 surprise:0.003118715687770415 oog:225060
  chr2 -> chr11 acc:0.99700162078709231 lift:+0.99591936852007523 surprise:0.0029983792129077195 oog:216376
  chr2 -> chr12 acc:0.99634123904526173 lift:+0.99525898677824465 surprise:0.0036587609547382841 oog:264032
  chr2 -> chr13 acc:0.99414365722362996 lift:+0.99306140495661288 surprise:0.0058563427763700573 oog:422619
  chr2 -> chr14 acc:0.99409755410849077 lift:+0.99301530184147369 surprise:0.0059024458915091851 oog:425946
  chr2 -> chr15 acc:0.99417889624430889 lift:+0.9930966439772918 surprise:0.0058211037556911262 oog:420076
  chr2 -> chr16 acc:0.99454460328116989 lift:+0.99346235101415281 surprise:0.0054553967188300714 oog:393685
  chr2 -> chr17 acc:0.99451133199188557 lift:+0.99342907972486849 surprise:0.0054886680081144253 oog:396086
  chr2 -> chr18 acc:0.99290714590108875 lift:+0.99182489363407167 surprise:0.0070928540989112889 oog:511851
  chr2 -> chr19 acc:0.9897704989145536 lift:+0.98868824664753652 surprise:0.010229501085446365 oog:738205
  chr2 -> chr20 acc:0.99209544284356255 lift:+0.99101319057654547 surprise:0.007904557156437458 oog:570427
  chr2 -> chr21 acc:0.98191417889180999 lift:+0.9808319266247929 surprise:0.018085821108190014 oog:1305151
  chr2 -> chr22 acc:0.98449587019602114 lift:+0.98341361792900406 surprise:0.015504129803978894 oog:1118845
  chr2 -> chrX acc:0.996582272283834 lift:+0.99550002001681692 surprise:0.0034177277161659986 oog:246638
  chr2 -> chrY acc:0.9717066969978142 lift:+0.97062444473079712 surprise:0.028293303002185802 oog:2041767
  chr3 -> chr1 acc:0.99878825333652677 lift:+0.99768508835466263 surprise:0.0012117466634732131 oog:72014
  chr3 -> chr2 acc:0.99880494526712593 lift:+0.9977017802852618 surprise:0.0011950547328740877 oog:71022
  chr3 -> chr3 acc:0.99824729680746294 lift:+0.9971441318255988 surprise:0.0017527031925370108 oog:104163
  chr3 -> chr4 acc:0.99794155852219468 lift:+0.99683839354033055 surprise:0.0020584414778052683 oog:122333
  chr3 -> chr5 acc:0.99772658260955926 lift:+0.99662341762769513 surprise:0.0022734173904407802 oog:135109
  chr3 -> chr6 acc:0.99785109902733493 lift:+0.9967479340454708 surprise:0.0021489009726650453 oog:127709
  chr3 -> chr7 acc:0.99777453825694584 lift:+0.99667137327508171 surprise:0.0022254617430541796 oog:132259
  chr3 -> chr8 acc:0.99744027898138976 lift:+0.99633711399952563 surprise:0.0025597210186102575 oog:152124
  chr3 -> chr9 acc:0.99636470952995149 lift:+0.99526154454808735 surprise:0.0036352904700484674 oog:216045
  chr3 -> chr10 acc:0.9972290722143734 lift:+0.99612590723250927 surprise:0.0027709277856266122 oog:164676
  chr3 -> chr11 acc:0.99730494309650186 lift:+0.99620177811463773 surprise:0.0026950569034981274 oog:160167
  chr3 -> chr12 acc:0.99681673777956337 lift:+0.99571357279769923 surprise:0.0031832622204366642 oog:189181
  chr3 -> chr13 acc:0.99493260246010118 lift:+0.99382943747823704 surprise:0.0050673975398988465 oog:301155
  chr3 -> chr14 acc:0.99481347053606706 lift:+0.99371030555420292 surprise:0.0051865294639329282 oog:308235
  chr3 -> chr15 acc:0.99474396008717092 lift:+0.99364079510530678 surprise:0.0052560399128290846 oog:312366
  chr3 -> chr16 acc:0.99491168706722344 lift:+0.9938085220853593 surprise:0.005088312932776581 oog:302398
  chr3 -> chr17 acc:0.99486145983653951 lift:+0.99375829485467537 surprise:0.0051385401634604418 oog:305383
  chr3 -> chr18 acc:0.99369854380068601 lift:+0.99259537881882187 surprise:0.0063014561993140353 oog:374495
  chr3 -> chr19 acc:0.98997826246223408 lift:+0.98887509748036995 surprise:0.010021737537765914 oog:595591
  chr3 -> chr20 acc:0.99273958229184045 lift:+0.99163641730997631 surprise:0.0072604177081595639 oog:431486
  chr3 -> chr21 acc:0.98371367321850745 lift:+0.98261050823664331 surprise:0.016286326781492565 oog:967895
  chr3 -> chr22 acc:0.9851030576958264 lift:+0.98399989271396227 surprise:0.014896942304173618 oog:885324
  chr3 -> chrX acc:0.99707951790069893 lift:+0.9959763529188348 surprise:0.0029204820993010356 oog:173564
  chr3 -> chrY acc:0.97404665603251583 lift:+0.9729434910506517 surprise:0.025953343967484121 oog:1542405
  chr4 -> chr1 acc:0.99879312907453099 lift:+0.99766883944539442 surprise:0.0012068709254689659 oog:68702
  chr4 -> chr2 acc:0.99884358078333058 lift:+0.997719291154194 surprise:0.0011564192166694132 oog:65830
  chr4 -> chr3 acc:0.99831431214321165 lift:+0.99719002251407507 surprise:0.0016856878567883978 oog:95959
  chr4 -> chr4 acc:0.99803471973469704 lift:+0.99691043010556046 surprise:0.0019652802653029105 oog:111875
  chr4 -> chr5 acc:0.99782565783134625 lift:+0.99670136820220967 surprise:0.0021743421686537035 oog:123776
  chr4 -> chr6 acc:0.99792842332454867 lift:+0.9968041336954121 surprise:0.0020715766754512716 oog:117926
  chr4 -> chr7 acc:0.9978423462447723 lift:+0.99671805661563573 surprise:0.0021576537552276676 oog:122826
  chr4 -> chr8 acc:0.99753475243520406 lift:+0.99641046280606749 surprise:0.0024652475647959711 oog:140336
  chr4 -> chr9 acc:0.99648533229872194 lift:+0.99536104266958536 surprise:0.0035146677012780321 oog:200075
  chr4 -> chr10 acc:0.99731522074827228 lift:+0.9961909311191357 surprise:0.0026847792517277294 oog:152833
  chr4 -> chr11 acc:0.99735197039131152 lift:+0.99622768076217494 surprise:0.0026480296086885012 oog:150741
  chr4 -> chr12 acc:0.99692409703781892 lift:+0.99579980740868235 surprise:0.0030759029621810863 oog:175098
  chr4 -> chr13 acc:0.99515275370327749 lift:+0.99402846407414092 surprise:0.0048472462967224855 oog:275933
  chr4 -> chr14 acc:0.99497070946292587 lift:+0.9938464198337893 surprise:0.0050292905370740749 oog:286296
  chr4 -> chr15 acc:0.99484856784339837 lift:+0.99372427821426179 surprise:0.0051514321566016822 oog:293249
  chr4 -> chr16 acc:0.99496002887833324 lift:+0.99383573924919666 surprise:0.0050399711216667373 oog:286904
  chr4 -> chr17 acc:0.99488298110855788 lift:+0.99375869147942131 surprise:0.005117018891442099 oog:291290
  chr4 -> chr18 acc:0.99392164066146338 lift:+0.9927973510323268 surprise:0.0060783593385366399 oog:346015
  chr4 -> chr19 acc:0.9899596707801146 lift:+0.98883538115097802 surprise:0.010040329219885359 oog:571553
  chr4 -> chr20 acc:0.99287367856531217 lift:+0.99174938893617559 surprise:0.007126321434687795 oog:405671
  chr4 -> chr21 acc:0.98436002297239156 lift:+0.98323573334325498 surprise:0.015639977027608415 oog:890317
  chr4 -> chr22 acc:0.98512956963234355 lift:+0.98400528000320697 surprise:0.014870430367656463 oog:846510
  chr4 -> chrX acc:0.997174054337439 lift:+0.99604976470830242 surprise:0.0028259456625610185 oog:160869
  chr4 -> chrY acc:0.97502570147418244 lift:+0.97390141184504586 surprise:0.024974298525817583 oog:1421680
  chr5 -> chr1 acc:0.99854404561752563 lift:+0.99750655812983469 surprise:0.0014559543824743651 oog:79174
  chr5 -> chr2 acc:0.99848021635966866 lift:+0.99744272887197771 surprise:0.0015197836403313451 oog:82645
  chr5 -> chr3 acc:0.99777266967994949 lift:+0.99673518219225854 surprise:0.0022273303200504913 oog:121121
  chr5 -> chr4 acc:0.99737321732063822 lift:+0.99633572983294727 surprise:0.0026267826793617316 oog:142843
  chr5 -> chr5 acc:0.99706335762749798 lift:+0.99602587013980703 surprise:0.0029366423725020688 oog:159693
  chr5 -> chr6 acc:0.99730276791503469 lift:+0.99626528042734375 surprise:0.0026972320849653298 oog:146674
  chr5 -> chr7 acc:0.99731306592264057 lift:+0.99627557843494963 surprise:0.0026869340773594788 oog:146114
  chr5 -> chr8 acc:0.99681629739145394 lift:+0.995778809903763 surprise:0.0031837026085460114 oog:173128
  chr5 -> chr9 acc:0.99547043974386573 lift:+0.99443295225617478 surprise:0.004529560256134252 oog:246315
  chr5 -> chr10 acc:0.99661548624313989 lift:+0.99557799875544895 surprise:0.003384513756860105 oog:184048
  chr5 -> chr11 acc:0.99679575654414021 lift:+0.99575826905644926 surprise:0.0032042434558598246 oog:174245
  chr5 -> chr12 acc:0.99600634070395455 lift:+0.9949688532162636 surprise:0.003993659296045486 oog:217173
  chr5 -> chr13 acc:0.99357202043102644 lift:+0.99253453294333549 surprise:0.0064279795689735813 oog:349550
  chr5 -> chr14 acc:0.99356716565601222 lift:+0.99252967816832127 surprise:0.0064328343439877681 oog:349814
  chr5 -> chr15 acc:0.99377312580812927 lift:+0.99273563832043832 surprise:0.0062268741918707488 oog:338614
  chr5 -> chr16 acc:0.99427743395202717 lift:+0.99323994646433622 surprise:0.0057225660479727899 oog:311190
  chr5 -> chr17 acc:0.99426869903486148 lift:+0.99323121154717053 surprise:0.0057313009651384673 oog:311665
  chr5 -> chr18 acc:0.99227686208159771 lift:+0.99123937459390676 surprise:0.0077231379184023027 oog:419980
  chr5 -> chr19 acc:0.98958586396909376 lift:+0.98854837648140281 surprise:0.010414136030906233 oog:566315
  chr5 -> chr20 acc:0.99160541359639687 lift:+0.99056792610870592 surprise:0.0083945864036030823 oog:456493
  chr5 -> chr21 acc:0.9803664255455613 lift:+0.97932893805787036 surprise:0.019633574454438682 oog:1067663
  chr5 -> chr22 acc:0.98399045992575396 lift:+0.98295297243806301 surprise:0.01600954007424606 oog:870590
  chr5 -> chrX acc:0.99624812321110046 lift:+0.99521063572340951 surprise:0.0037518767888995424 oog:204025
  chr5 -> chrY acc:0.96957510659679147 lift:+0.96853761910910052 surprise:0.030424893403208503 oog:1654489
  chr6 -> chr1 acc:0.99858702332174898 lift:+0.99747226223592833 surprise:0.0014129766782510699 oog:72095
  chr6 -> chr2 acc:0.99858686653121664 lift:+0.997472105445396 surprise:0.0014131334687833676 oog:72103
  chr6 -> chr3 acc:0.99790788513110107 lift:+0.99679312404528042 surprise:0.0020921148688989107 oog:106747
  chr6 -> chr4 acc:0.99755377371390652 lift:+0.99643901262808587 surprise:0.0024462262860934498 oog:124815
  chr6 -> chr5 acc:0.99729340343620954 lift:+0.99617864235038889 surprise:0.0027065965637904535 oog:138100
  chr6 -> chr6 acc:0.99745013517205772 lift:+0.99633537408623707 surprise:0.0025498648279422835 oog:130103
  chr6 -> chr7 acc:0.99743827788805273 lift:+0.99632351680223208 surprise:0.0025617221119473032 oog:130708
  chr6 -> chr8 acc:0.99702435088278651 lift:+0.99590958979696587 surprise:0.0029756491172134463 oog:151828
  chr6 -> chr9 acc:0.99574993783745369 lift:+0.99463517675163304 surprise:0.004250062162546352 oog:216853
  chr6 -> chr10 acc:0.99679990523580231 lift:+0.99568514414998166 surprise:0.0032000947641977208 oog:163280
  chr6 -> chr11 acc:0.99690556245575446 lift:+0.99579080136993381 surprise:0.0030944375442455534 oog:157889
  chr6 -> chr12 acc:0.9962450235420004 lift:+0.99513026245617975 surprise:0.0037549764579995694 oog:191592
  chr6 -> chr13 acc:0.9940492505324362 lift:+0.99293448944661555 surprise:0.0059507494675638505 oog:303628
  chr6 -> chr14 acc:0.99394569038585345 lift:+0.99283092930003281 surprise:0.0060543096141465356 oog:308912
  chr6 -> chr15 acc:0.99402739785199712 lift:+0.99291263676617647 surprise:0.0059726021480028544 oog:304743
  chr6 -> chr16 acc:0.99436283159703176 lift:+0.99324807051121111 surprise:0.0056371684029682878 oog:287628
  chr6 -> chr17 acc:0.99432682857105281 lift:+0.99321206748523216 surprise:0.0056731714289471663 oog:289465
  chr6 -> chr18 acc:0.99273910884455585 lift:+0.9916243477587352 surprise:0.0072608911554441135 oog:370476
  chr6 -> chr19 acc:0.98944141197400282 lift:+0.98832665088818217 surprise:0.010558588025997203 oog:538736
  chr6 -> chr20 acc:0.99183762208029325 lift:+0.9907228609944726 surprise:0.008162377919706745 oog:416473
  chr6 -> chr21 acc:0.98171091357551032 lift:+0.98059615248968968 surprise:0.01828908642448971 oog:933173
  chr6 -> chr22 acc:0.98405730349016318 lift:+0.98294254240434253 surprise:0.01594269650983687 oog:813452
  chr6 -> chrX acc:0.99650856882797645 lift:+0.9953938077421558 surprise:0.0034914311720235362 oog:178145
  chr6 -> chrY acc:0.97140993239407836 lift:+0.97029517130825771 surprise:0.028590067605921657 oog:1458765
  chr7 -> chr1 acc:0.99854802649886243 lift:+0.99738822581297548 surprise:0.0014519735011376267 oog:69246
  chr7 -> chr2 acc:0.99850137194784094 lift:+0.997341571261954 surprise:0.0014986280521590751 oog:71471
  chr7 -> chr3 acc:0.99778396124732505 lift:+0.9966241605614381 surprise:0.0022160387526749571 oog:105685
  chr7 -> chr4 acc:0.99741061999746572 lift:+0.99625081931157877 surprise:0.0025893800025342333 oog:123490
  chr7 -> chr5 acc:0.99710087571535844 lift:+0.99594107502947149 surprise:0.0028991242846415754 oog:138262
  chr7 -> chr6 acc:0.997305967024815 lift:+0.99614616633892805 surprise:0.0026940329751850419 oog:128481
  chr7 -> chr7 acc:0.99733056288474675 lift:+0.9961707621988598 surprise:0.002669437115253285 oog:127308
  chr7 -> chr8 acc:0.99685911078354839 lift:+0.99569931009766144 surprise:0.0031408892164515984 oog:149792
  chr7 -> chr9 acc:0.9955218760254172 lift:+0.99436207533953025 surprise:0.0044781239745827683 oog:213566
  chr7 -> chr10 acc:0.9966382093475884 lift:+0.99547840866170145 surprise:0.00336179065241158 oog:160327
  chr7 -> chr11 acc:0.99681763541189872 lift:+0.99565783472601177 surprise:0.0031823645881012275 oog:151770
  chr7 -> chr12 acc:0.9960346147832273 lift:+0.99487481409734035 surprise:0.0039653852167726659 oog:189113
  chr7 -> chr13 acc:0.99366089413226866 lift:+0.99250109344638171 surprise:0.0063391058677313497 oog:302318
  chr7 -> chr14 acc:0.99362292047298784 lift:+0.99246311978710089 surprise:0.0063770795270121777 oog:304129
  chr7 -> chr15 acc:0.99380744184331982 lift:+0.99264764115743287 surprise:0.0061925581566801566 oog:295329
  chr7 -> chr16 acc:0.99428279405530018 lift:+0.99312299336941323 surprise:0.0057172059446998257 oog:272659
  chr7 -> chr17 acc:0.99426050471249761 lift:+0.99310070402661066 surprise:0.0057394952875024323 oog:273722
  chr7 -> chr18 acc:0.99238211909919272 lift:+0.99122231841330577 surprise:0.0076178809008073294 oog:363304
  chr7 -> chr19 acc:0.98953405271645545 lift:+0.9883742520305685 surprise:0.010465947283544533 oog:499131
  chr7 -> chr20 acc:0.99162098941491061 lift:+0.99046118872902367 surprise:0.0083790105850893772 oog:399603
  chr7 -> chr21 acc:0.98080669513985175 lift:+0.9796468944539648 surprise:0.019193304860148214 oog:915347
  chr7 -> chr22 acc:0.98394261486030699 lift:+0.98278281417442004 surprise:0.016057385139693056 oog:765792
  chr7 -> chrX acc:0.99628585740360442 lift:+0.99512605671771748 surprise:0.0037141425963955889 oog:177131
  chr7 -> chrY acc:0.97034378826525025 lift:+0.9691839875793633 surprise:0.029656211734749777 oog:1414333
  chr8 -> chr1 acc:0.99861014375854917 lift:+0.99755397090484399 surprise:0.001389856241450831 oog:60362
  chr8 -> chr2 acc:0.99856763896046896 lift:+0.99751146610676378 surprise:0.001432361039531051 oog:62208
  chr8 -> chr3 acc:0.99788330250123702 lift:+0.99682712964753184 surprise:0.0021166974987630208 oog:91929
  chr8 -> chr4 acc:0.99749019068237266 lift:+0.99643401782866747 surprise:0.0025098093176273728 oog:109002
  chr8 -> chr5 acc:0.99719981797999468 lift:+0.9961436451262895 surprise:0.0028001820200053 oog:121613
  chr8 -> chr6 acc:0.99741395374497088 lift:+0.9963577808912657 surprise:0.0025860462550291109 oog:112313
  chr8 -> chr7 acc:0.99741469055620524 lift:+0.99635851770250006 surprise:0.002585309443794784 oog:112281
  chr8 -> chr8 acc:0.99694953241383433 lift:+0.99589335956012914 surprise:0.0030504675861656415 oog:132483
  chr8 -> chr9 acc:0.99564309701931997 lift:+0.99458692416561478 surprise:0.0043569029806800495 oog:189222
  chr8 -> chr10 acc:0.99676130016881492 lift:+0.99570512731510974 surprise:0.0032386998311850334 oog:140658
  chr8 -> chr11 acc:0.99692901682602852 lift:+0.99587284397232334 surprise:0.0030709831739714247 oog:133374
  chr8 -> chr12 acc:0.99616231868600957 lift:+0.99510614583230439 surprise:0.0038376813139904728 oog:166672
  chr8 -> chr13 acc:0.99381737088206279 lift:+0.99276119802835761 surprise:0.0061826291179372531 oog:268514
  chr8 -> chr14 acc:0.99379849009418308 lift:+0.9927423172404779 surprise:0.0062015099058168738 oog:269334
  chr8 -> chr15 acc:0.99395273692101915 lift:+0.99289656406731397 surprise:0.0060472630789807991 oog:262635
  chr8 -> chr16 acc:0.99441520109731452 lift:+0.99335902824360933 surprise:0.0055847989026854492 oog:242550
  chr8 -> chr17 acc:0.99439818536287183 lift:+0.99334201250916665 surprise:0.0056018146371281802 oog:243289
  chr8 -> chr18 acc:0.99256479178370738 lift:+0.99150861893000219 surprise:0.0074352082162925954 oog:322914
  chr8 -> chr19 acc:0.9896151982605913 lift:+0.98855902540688612 surprise:0.010384801739408702 oog:451016
  chr8 -> chr20 acc:0.99181589224006761 lift:+0.99075971938636243 surprise:0.0081841077599324394 oog:355439
  chr8 -> chr21 acc:0.98097977059428265 lift:+0.97992359774057747 surprise:0.0190202294057173 oog:826056
  chr8 -> chr22 acc:0.98418473828614617 lift:+0.98312856543244098 surprise:0.015815261713853786 oog:686863
  chr8 -> chrX acc:0.996400608044261 lift:+0.99534443519055582 surprise:0.0035993919557390122 oog:156323
  chr8 -> chrY acc:0.97035541310231355 lift:+0.96929924024860836 surprise:0.02964458689768646 oog:1287476
  chr9 -> chr1 acc:0.99820083563597872 lift:+0.99725294620828087 surprise:0.0017991643640212888 oog:65736
  chr9 -> chr2 acc:0.99803412774165512 lift:+0.99708623831395726 surprise:0.0019658722583448507 oog:71827
  chr9 -> chr3 acc:0.99705041158047025 lift:+0.9961025221527724 surprise:0.0029495884195297902 oog:107769
  chr9 -> chr4 acc:0.99650386915036893 lift:+0.99555597972267107 surprise:0.0034961308496311216 oog:127738
  chr9 -> chr5 acc:0.99605407805936352 lift:+0.99510618863166567 surprise:0.0039459219406364435 oog:144172
  chr9 -> chr6 acc:0.99644992377855612 lift:+0.99550203435085827 surprise:0.0035500762214439176 oog:129709
  chr9 -> chr7 acc:0.99660842080959 lift:+0.99566053138189214 surprise:0.0033915791904099743 oog:123918
  chr9 -> chr8 acc:0.99583654492127727 lift:+0.99488865549357941 surprise:0.0041634550787227461 oog:152120
  chr9 -> chr9 acc:0.99412173349278465 lift:+0.9931738440650868 surprise:0.0058782665072153505 oog:214774
  chr9 -> chr10 acc:0.9957090028448452 lift:+0.99476111341714735 surprise:0.0042909971551548269 oog:156780
  chr9 -> chr11 acc:0.99609187540004007 lift:+0.99514398597234222 surprise:0.0039081245999598984 oog:142791
  chr9 -> chr12 acc:0.99478213322716869 lift:+0.99383424379947083 surprise:0.005217866772831304 oog:190645
  chr9 -> chr13 acc:0.99147597438451507 lift:+0.99052808495681721 surprise:0.0085240256154849436 oog:311442
  chr9 -> chr14 acc:0.99171003872735775 lift:+0.99076214929965989 surprise:0.0082899612726422076 oog:302890
  chr9 -> chr15 acc:0.99233455698916617 lift:+0.99138666756146832 surprise:0.0076654430108337966 oog:280072
  chr9 -> chr16 acc:0.99340421351944919 lift:+0.99245632409175133 surprise:0.0065957864805508458 oog:240990
  chr9 -> chr17 acc:0.99347058466437355 lift:+0.99252269523667569 surprise:0.006529415335626427 oog:238565
  chr9 -> chr18 acc:0.99014233859947087 lift:+0.98919444917177302 surprise:0.0098576614005291413 oog:360169
  chr9 -> chr19 acc:0.98918831839385002 lift:+0.98824042896615216 surprise:0.010811681606149958 oog:395026
  chr9 -> chr20 acc:0.98991027223336192 lift:+0.98896238280566406 surprise:0.010089727766638069 oog:368648
  chr9 -> chr21 acc:0.97568642953948936 lift:+0.97473854011179151 surprise:0.024313570460510647 oog:888344
  chr9 -> chr22 acc:0.98264617622012473 lift:+0.98169828679242688 surprise:0.017353823779875294 oog:634056
  chr9 -> chrX acc:0.99495428766080773 lift:+0.99400639823310988 surprise:0.0050457123391922949 oog:184355
  chr9 -> chrY acc:0.96354954196793918 lift:+0.96260165254024133 surprise:0.036450458032060797 oog:1331789
  chr10 -> chr1 acc:0.99828182807189769 lift:+0.99708853778216044 surprise:0.0017181719281023214 oog:68690
  chr10 -> chr2 acc:0.99816398984284993 lift:+0.99697069955311268 surprise:0.0018360101571500728 oog:73401
  chr10 -> chr3 acc:0.99729059620165694 lift:+0.99609730591191969 surprise:0.002709403798343096 oog:108318
  chr10 -> chr4 acc:0.99679392970283032 lift:+0.99560063941309307 surprise:0.0032060702971697039 oog:128174
  chr10 -> chr5 acc:0.99639356487707387 lift:+0.99520027458733662 surprise:0.0036064351229260841 oog:144180
  chr10 -> chr6 acc:0.99670183028458492 lift:+0.99550853999484767 surprise:0.0032981697154150489 oog:131856
  chr10 -> chr7 acc:0.99680035815217549 lift:+0.99560706786243824 surprise:0.0031996418478244964 oog:127917
  chr10 -> chr8 acc:0.99614755787586728 lift:+0.99495426758613004 surprise:0.0038524421241327564 oog:154015
  chr10 -> chr9 acc:0.99455445305564838 lift:+0.99336116276591113 surprise:0.0054455469443516653 oog:217705
  chr10 -> chr10 acc:0.99596273370383714 lift:+0.9947694434140999 surprise:0.0040372662961628636 oog:161404
  chr10 -> chr11 acc:0.99625333963571505 lift:+0.9950600493459778 surprise:0.0037466603642849661 oog:149786
  chr10 -> chr12 acc:0.99515389970373358 lift:+0.99396060941399633 surprise:0.0048461002962664696 oog:193740
  chr10 -> chr13 acc:0.99220506743405845 lift:+0.9910117771443212 surprise:0.0077949325659415697 oog:311630
  chr10 -> chr14 acc:0.99227865692033701 lift:+0.99108536663059976 surprise:0.0077213430796629701 oog:308688
  chr10 -> chr15 acc:0.99269635604724604 lift:+0.99150306575750879 surprise:0.0073036439527539489 oog:291989
  chr10 -> chr16 acc:0.99354443610580345 lift:+0.9923511458160662 surprise:0.0064555638941965286 oog:258084
  chr10 -> chr17 acc:0.99356862408446811 lift:+0.99237533379473086 surprise:0.0064313759155318765 oog:257117
  chr10 -> chr18 acc:0.99083180557607697 lift:+0.98963851528633973 surprise:0.0091681944239230158 oog:366531
  chr10 -> chr19 acc:0.98894466798522418 lift:+0.98775137769548693 surprise:0.011055332014775829 oog:441976
  chr10 -> chr20 acc:0.99035174798917724 lift:+0.98915845769944 surprise:0.0096482520108227068 oog:385723
  chr10 -> chr21 acc:0.97716759870427472 lift:+0.97597430841453747 surprise:0.022832401295725255 oog:912806
  chr10 -> chr22 acc:0.98265014049913835 lift:+0.9814568502094011 surprise:0.017349859500861674 oog:693622
  chr10 -> chrX acc:0.99540560976505965 lift:+0.9942123194753224 surprise:0.0045943902349403131 oog:183677
  chr10 -> chrY acc:0.96553558225504854 lift:+0.96434229196531129 surprise:0.0344644177449515 oog:1377837
  chr11 -> chr1 acc:0.99857368858561868 lift:+0.99749960666550208 surprise:0.0014263114143813003 oog:57566
  chr11 -> chr2 acc:0.99855344579602845 lift:+0.99747936387591185 surprise:0.0014465542039715014 oog:58383
  chr11 -> chr3 acc:0.99786630591389258 lift:+0.99679222399377598 surprise:0.0021336940861074257 oog:86116
  chr11 -> chr4 acc:0.99746610819362214 lift:+0.99639202627350554 surprise:0.0025338918063778416 oog:102268
  chr11 -> chr5 acc:0.99719408177145474 lift:+0.99611999985133814 surprise:0.0028059182285453065 oog:113247
  chr11 -> chr6 acc:0.99738934912122257 lift:+0.99631526720110597 surprise:0.002610650878777405 oog:105366
  chr11 -> chr7 acc:0.99735783280744206 lift:+0.99628375088732546 surprise:0.0026421671925579873 oog:106638
  chr11 -> chr8 acc:0.9969202218530453 lift:+0.9958461399329287 surprise:0.0030797781469547236 oog:124300
  chr11 -> chr9 acc:0.99562039690238247 lift:+0.99454631498226587 surprise:0.0043796030976175696 oog:176761
  chr11 -> chr10 acc:0.99670206057722921 lift:+0.99562797865711261 surprise:0.0032979394227707847 oog:133105
  chr11 -> chr11 acc:0.99683243702621771 lift:+0.99575835510610111 surprise:0.0031675629737822424 oog:127843
  chr11 -> chr12 acc:0.9961357580082284 lift:+0.9950616760881118 surprise:0.0038642419917715664 oog:155961
  chr11 -> chr13 acc:0.99381202451434025 lift:+0.99273794259422365 surprise:0.0061879754856597052 oog:249747
  chr11 -> chr14 acc:0.99374019606021302 lift:+0.99266611414009642 surprise:0.0062598039397869926 oog:252646
  chr11 -> chr15 acc:0.99384425936043186 lift:+0.99277017744031526 surprise:0.0061557406395680875 oog:248446
  chr11 -> chr16 acc:0.99426080988502241 lift:+0.99318672796490581 surprise:0.0057391901149775586 oog:231634
  chr11 -> chr17 acc:0.99424002200195494 lift:+0.99316594008183834 surprise:0.0057599779980450965 oog:232473
  chr11 -> chr18 acc:0.99251591611011381 lift:+0.99144183418999721 surprise:0.007484083889886162 oog:302058
  chr11 -> chr19 acc:0.98933088536808056 lift:+0.98825680344796396 surprise:0.010669114631919436 oog:430606
  chr11 -> chr20 acc:0.9916618537390316 lift:+0.990587771818915 surprise:0.0083381462609684581 oog:336528
  chr11 -> chr21 acc:0.9807396175178178 lift:+0.9796655355977012 surprise:0.019260382482182255 oog:777350
  chr11 -> chr22 acc:0.98381015385263393 lift:+0.98273607193251733 surprise:0.016189846147366023 oog:653423
  chr11 -> chrX acc:0.99640639691972632 lift:+0.99533231499960972 surprise:0.0035936030802736865 oog:145038
  chr11 -> chrY acc:0.97001225221475196 lift:+0.96893817029463536 surprise:0.029987747785248035 oog:1210307
  chr12 -> chr1 acc:0.99832558920217096 lift:+0.9973728139560305 surprise:0.0016744107978290295 oog:66878
  chr12 -> chr2 acc:0.99823685879953472 lift:+0.99728408355339426 surprise:0.0017631412004652637 oog:70422
  chr12 -> chr3 acc:0.99736062103670664 lift:+0.99640784579056618 surprise:0.0026393789632934042 oog:105420
  chr12 -> chr4 acc:0.9968874005682451 lift:+0.99593462532210464 surprise:0.0031125994317548786 oog:124321
  chr12 -> chr5 acc:0.99651305040452698 lift:+0.99556027515838652 surprise:0.0034869495954729869 oog:139273
  chr12 -> chr6 acc:0.99680558032111888 lift:+0.99585280507497842 surprise:0.0031944196788810677 oog:127589
  chr12 -> chr7 acc:0.99690082029053995 lift:+0.99594804504439949 surprise:0.0030991797094600078 oog:123785
  chr12 -> chr8 acc:0.9962882950928833 lift:+0.99533551984674284 surprise:0.0037117049071167443 oog:148250
  chr12 -> chr9 acc:0.99472184295650101 lift:+0.99376906771036055 surprise:0.0052781570434989782 oog:210816
  chr12 -> chr10 acc:0.99609080485134982 lift:+0.99513802960520936 surprise:0.0039091951486502135 oog:156138
  chr12 -> chr11 acc:0.99633516397373401 lift:+0.99538238872759355 surprise:0.0036648360262660018 oog:146378
  chr12 -> chr12 acc:0.99532362736896285 lift:+0.99437085212282239 surprise:0.0046763726310372041 oog:186780
  chr12 -> chr13 acc:0.99248362856472017 lift:+0.99153085331857971 surprise:0.007516371435279859 oog:300213
  chr12 -> chr14 acc:0.99253673160760714 lift:+0.99158395636146668 surprise:0.0074632683923928798 oog:298092
  chr12 -> chr15 acc:0.99293313918800763 lift:+0.99198036394186717 surprise:0.0070668608119923444 oog:282259
  chr12 -> chr16 acc:0.99376325917384489 lift:+0.99281048392770443 surprise:0.0062367408261551592 oog:249103
  chr12 -> chr17 acc:0.99378564206886655 lift:+0.99283286682272609 surprise:0.00621435793113349 oog:248209
  chr12 -> chr18 acc:0.9911237800633701 lift:+0.99017100481722964 surprise:0.0088762199366298686 oog:354527
  chr12 -> chr19 acc:0.98938204532290885 lift:+0.9884292700767684 surprise:0.010617954677091188 oog:424094
  chr12 -> chr20 acc:0.99062026507256384 lift:+0.98966748982642339 surprise:0.009379734927436106 oog:374638
  chr12 -> chr21 acc:0.97790705610500472 lift:+0.97695428085886427 surprise:0.02209294389499528 oog:882419
  chr12 -> chr22 acc:0.98325514091784993 lift:+0.98230236567170948 surprise:0.016744859082150083 oog:668810
  chr12 -> chrX acc:0.99557229282014315 lift:+0.99461951757400269 surprise:0.0044277071798568763 oog:176848
  chr12 -> chrY acc:0.96659365436413625 lift:+0.96564087911799579 surprise:0.033406345635863748 oog:1334290
  chr13 -> chr1 acc:0.99847204485739371 lift:+0.99734871852687623 surprise:0.0015279551426063116 oog:44914
  chr13 -> chr2 acc:0.99845466085512558 lift:+0.99733133452460809 surprise:0.0015453391448744648 oog:45425
  chr13 -> chr3 acc:0.99770782914907319 lift:+0.99658450281855571 surprise:0.0022921708509268395 oog:67378
  chr13 -> chr4 acc:0.99731674012740057 lift:+0.99619341379688309 surprise:0.0026832598725994171 oog:78874
  chr13 -> chr5 acc:0.9970423722638142 lift:+0.99591904593329672 surprise:0.0029576277361858245 oog:86939
  chr13 -> chr6 acc:0.99723682814828529 lift:+0.99611350181776781 surprise:0.002763171851714665 oog:81223
  chr13 -> chr7 acc:0.99724305373031097 lift:+0.99611972739979349 surprise:0.0027569462696890837 oog:81040
  chr13 -> chr8 acc:0.99675565529489829 lift:+0.99563232896438081 surprise:0.0032443447051016638 oog:95367
  chr13 -> chr9 acc:0.99537697804261038 lift:+0.9942536517120929 surprise:0.0046230219573896673 oog:135893
  chr13 -> chr10 acc:0.99654840805063694 lift:+0.99542508172011945 surprise:0.003451591949363089 oog:101459
  chr13 -> chr11 acc:0.99669411388569462 lift:+0.99557078755517714 surprise:0.0033058861143053599 oog:97176
  chr13 -> chr12 acc:0.99590564222117606 lift:+0.99478231589065857 surprise:0.0040943577788239175 oog:120353
  chr13 -> chr13 acc:0.99355342682229764 lift:+0.99243010049178015 surprise:0.0064465731777024011 oog:189496
  chr13 -> chr14 acc:0.99348222385410334 lift:+0.99235889752358586 surprise:0.0065177761458966171 oog:191589
  chr13 -> chr15 acc:0.99362837194362197 lift:+0.99250504561310449 surprise:0.006371628056378054 oog:187293
  chr13 -> chr16 acc:0.99409117422709736 lift:+0.99296784789657988 surprise:0.0059088257729026069 oog:173689
  chr13 -> chr17 acc:0.99401918880870321 lift:+0.99289586247818573 surprise:0.0059808111912967588 oog:175805
  chr13 -> chr18 acc:0.9922398970540478 lift:+0.99111657072353032 surprise:0.0077601029459522181 oog:228107
  chr13 -> chr19 acc:0.98911322605510177 lift:+0.98798989972458429 surprise:0.010886773944898225 oog:320015
  chr13 -> chr20 acc:0.99133878658031227 lift:+0.99021546024979479 surprise:0.0086612134196877126 oog:254595
  chr13 -> chr21 acc:0.9806975319003246 lift:+0.97957420556980712 surprise:0.019302468099675448 oog:567393
  chr13 -> chr22 acc:0.98340072724323535 lift:+0.98227740091271787 surprise:0.016599272756764604 oog:487933
  chr13 -> chrX acc:0.99621124005361217 lift:+0.99508791372309469 surprise:0.0037887599463878731 oog:111370
  chr13 -> chrY acc:0.9701803125868137 lift:+0.96905698625629622 surprise:0.029819687413186299 oog:876545
  chr14 -> chr1 acc:0.99828334842822697 lift:+0.99714519540722646 surprise:0.0017166515717729806 oog:46642
  chr14 -> chr2 acc:0.99815037252391725 lift:+0.99701221950291674 surprise:0.0018496274760827396 oog:50255
  chr14 -> chr3 acc:0.99725498425930392 lift:+0.99611683123830341 surprise:0.0027450157406960296 oog:74583
  chr14 -> chr4 acc:0.99675973826749875 lift:+0.99562158524649824 surprise:0.0032402617325012102 oog:88039
  chr14 -> chr5 acc:0.99635547385207157 lift:+0.99521732083107106 surprise:0.0036445261479283878 oog:99023
  chr14 -> chr6 acc:0.99668336821451164 lift:+0.99554521519351113 surprise:0.0033166317854884091 oog:90114
  chr14 -> chr7 acc:0.99678274129550704 lift:+0.99564458827450653 surprise:0.0032172587044930175 oog:87414
  chr14 -> chr8 acc:0.99612400818304203 lift:+0.99498585516204152 surprise:0.0038759918169580234 oog:105312
  chr14 -> chr9 acc:0.99451872807167341 lift:+0.9933805750506729 surprise:0.00548127192832654 oog:148928
  chr14 -> chr10 acc:0.99593722359561543 lift:+0.99479907057461492 surprise:0.0040627764043845464 oog:110387
  chr14 -> chr11 acc:0.99624016427327211 lift:+0.9951020112522716 surprise:0.003759835726727855 oog:102156
  chr14 -> chr12 acc:0.99512111296672956 lift:+0.99398295994572905 surprise:0.0048788870332704022 oog:132561
  chr14 -> chr13 acc:0.99210366776472692 lift:+0.99096551474372641 surprise:0.0078963322352730569 oog:214546
  chr14 -> chr14 acc:0.99221938219681938 lift:+0.99108122917581887 surprise:0.0077806178031806453 oog:211402
  chr14 -> chr15 acc:0.99272209957212154 lift:+0.99158394655112103 surprise:0.0072779004278784041 oog:197743
  chr14 -> chr16 acc:0.99355996186429196 lift:+0.99242180884329145 surprise:0.0064400381357080016 oog:174978
  chr14 -> chr17 acc:0.99360648318813571 lift:+0.9924683301671352 surprise:0.0063935168118642331 oog:173714
  chr14 -> chr18 acc:0.9907650019491846 lift:+0.98962684892818409 surprise:0.0092349980508154191 oog:250918
  chr14 -> chr19 acc:0.98908592812396579 lift:+0.98794777510296528 surprise:0.010914071876034217 oog:296539
  chr14 -> chr20 acc:0.9903264354183916 lift:+0.98918828239739109 surprise:0.0096735645816084133 oog:262834
  chr14 -> chr21 acc:0.97710392687083447 lift:+0.97596577384983396 surprise:0.022896073129165573 oog:622094
  chr14 -> chr22 acc:0.98268578644003524 lift:+0.98154763341903473 surprise:0.017314213559964809 oog:470433
  chr14 -> chrX acc:0.99533207833719828 lift:+0.99419392531619777 surprise:0.0046679216628016671 oog:126829
  chr14 -> chrY acc:0.96529869928734047 lift:+0.96416054626633996 surprise:0.034701300712659568 oog:942846
  chr15 -> chr1 acc:0.99838195164451105 lift:+0.99713291251578873 surprise:0.0016180483554889178 oog:41086
  chr15 -> chr2 acc:0.99833036124034202 lift:+0.99708132211161971 surprise:0.0016696387596579895 oog:42396
  chr15 -> chr3 acc:0.99753161576144345 lift:+0.99628257663272113 surprise:0.0024683842385565492 oog:62678
  chr15 -> chr4 acc:0.99707813217059849 lift:+0.99582909304187617 surprise:0.0029218678294014814 oog:74193
  chr15 -> chr5 acc:0.99672034681038779 lift:+0.99547130768166547 surprise:0.0032796531896121814 oog:83278
  chr15 -> chr6 acc:0.99698377292755336 lift:+0.99573473379883104 surprise:0.0030162270724465928 oog:76589
  chr15 -> chr7 acc:0.99701263992469535 lift:+0.99576360079597304 surprise:0.0029873600753046619 oog:75856
  chr15 -> chr8 acc:0.99645262805653945 lift:+0.99520358892781713 surprise:0.0035473719434605403 oog:90076
  chr15 -> chr9 acc:0.99497655176748523 lift:+0.99372751263876291 surprise:0.0050234482325147226 oog:127557
  chr15 -> chr10 acc:0.99626048333750061 lift:+0.9950114442087783 surprise:0.0037395166624993961 oog:94955
  chr15 -> chr11 acc:0.99646916849146394 lift:+0.99522012936274162 surprise:0.0035308315085361051 oog:89656
  chr15 -> chr12 acc:0.99554314042762304 lift:+0.99429410129890072 surprise:0.0044568595723769857 oog:113170
  chr15 -> chr13 acc:0.99284275689825729 lift:+0.99159371776953498 surprise:0.0071572431017426965 oog:181739
  chr15 -> chr14 acc:0.99286993046991889 lift:+0.99162089134119658 surprise:0.0071300695300811241 oog:181049
  chr15 -> chr15 acc:0.99320507118707824 lift:+0.99195603205835592 surprise:0.0067949288129217347 oog:172539
  chr15 -> chr16 acc:0.99380214150586244 lift:+0.99255310237714012 surprise:0.0061978584941375378 oog:157378
  chr15 -> chr17 acc:0.99381655531343949 lift:+0.99256751618471717 surprise:0.0061834446865605304 oog:157012
  chr15 -> chr18 acc:0.99149612920348074 lift:+0.99024709007475842 surprise:0.0085038707965192153 oog:215933
  chr15 -> chr19 acc:0.98909473372636825 lift:+0.98784569459764593 surprise:0.010905266273631802 oog:276910
  chr15 -> chr20 acc:0.99081131581562121 lift:+0.98956227668689889 surprise:0.0091886841843787492 oog:233322
  chr15 -> chr21 acc:0.97855638943414347 lift:+0.97730735030542115 surprise:0.021443610565856547 oog:544503
  chr15 -> chr22 acc:0.98312954401683439 lift:+0.98188050488811207 surprise:0.016870455983165618 oog:428380
  chr15 -> chrX acc:0.99582881736796081 lift:+0.99457977823923849 surprise:0.0041711826320392402 oog:105916
  chr15 -> chrY acc:0.96712560991376961 lift:+0.96587657078504729 surprise:0.032874390086230408 oog:834757
  chr16 -> chr1 acc:0.99792451114202085 lift:+0.99626170783362578 surprise:0.0020754888579791251 oog:50936
  chr16 -> chr2 acc:0.99772656224787792 lift:+0.99606375893948285 surprise:0.0022734377521220219 oog:55794
  chr16 -> chr3 acc:0.99661832552023322 lift:+0.99495552221183814 surprise:0.0033816744797668359 oog:82992
  chr16 -> chr4 acc:0.9960130289326472 lift:+0.99435022562425213 surprise:0.0039869710673528245 oog:97847
  chr16 -> chr5 acc:0.99547284604058206 lift:+0.99381004273218698 surprise:0.0045271539594179504 oog:111104
  chr16 -> chr6 acc:0.99594367754980828 lift:+0.9942808742414132 surprise:0.0040563224501916906 oog:99549
  chr16 -> chr7 acc:0.99616530044714124 lift:+0.99450249713874617 surprise:0.0038346995528587926 oog:94110
  chr16 -> chr8 acc:0.9953094913438717 lift:+0.99364668803547662 surprise:0.0046905086561282987 oog:115113
  chr16 -> chr9 acc:0.99333342514989187 lift:+0.99167062184149679 surprise:0.0066665748501081095 oog:163609
  chr16 -> chr10 acc:0.99514532170729253 lift:+0.99348251839889745 surprise:0.004854678292707494 oog:119142
  chr16 -> chr11 acc:0.99554154547152585 lift:+0.99387874216313077 surprise:0.0044584545284741617 oog:109418
  chr16 -> chr12 acc:0.9940503684995099 lift:+0.99238756519111482 surprise:0.0059496315004901046 oog:146014
  chr16 -> chr13 acc:0.99040848371962031 lift:+0.98874568041122524 surprise:0.0095915162803797364 oog:235392
  chr16 -> chr14 acc:0.99064086382322192 lift:+0.98897806051482684 surprise:0.0093591361767780597 oog:229689
  chr16 -> chr15 acc:0.99142626212182305 lift:+0.98976345881342798 surprise:0.0085737378781769215 oog:210414
  chr16 -> chr16 acc:0.99281235259775125 lift:+0.99114954928935617 surprise:0.0071876474022487778 oog:176397
  chr16 -> chr17 acc:0.99277168709829577 lift:+0.9911088837899007 surprise:0.0072283129017042345 oog:177395
  chr16 -> chr18 acc:0.98894460723321065 lift:+0.98728180392481557 surprise:0.01105539276678931 oog:271318
  chr16 -> chr19 acc:0.9884908894612302 lift:+0.98682808615283513 surprise:0.011509110538769787 oog:282453
  chr16 -> chr20 acc:0.98882957847072295 lift:+0.98716677516232787 surprise:0.01117042152927704 oog:274141
  chr16 -> chr21 acc:0.97335737460275751 lift:+0.97169457129436243 surprise:0.02664262539724244 oog:653855
  chr16 -> chr22 acc:0.98132984984569926 lift:+0.97966704653730419 surprise:0.018670150154300715 oog:458197
  chr16 -> chrX acc:0.99427011703514445 lift:+0.99260731372674937 surprise:0.0057298829648555552 oog:140621
  chr16 -> chrY acc:0.96062353168209136 lift:+0.95896072837369628 surprise:0.039376468317908697 oog:966365
  chr17 -> chr1 acc:0.99799033994779429 lift:+0.99622589765679948 surprise:0.0020096600522056555 oog:49992
  chr17 -> chr2 acc:0.99775557409115967 lift:+0.99599113180016485 surprise:0.0022444259088403376 oog:55832
  chr17 -> chr3 acc:0.99662355242629108 lift:+0.99485911013529627 surprise:0.0033764475737089418 oog:83992
  chr17 -> chr4 acc:0.99599953352345882 lift:+0.99423509123246401 surprise:0.0040004664765411627 oog:99515
  chr17 -> chr5 acc:0.99546331061906668 lift:+0.99369886832807186 surprise:0.0045366893809332901 oog:112854
  chr17 -> chr6 acc:0.99595708271102623 lift:+0.99419264042003141 surprise:0.0040429172889737347 oog:100571
  chr17 -> chr7 acc:0.99622678204872528 lift:+0.99446233975773046 surprise:0.0037732179512747484 oog:93862
  chr17 -> chr8 acc:0.99529334657080448 lift:+0.99352890427980967 surprise:0.0047066534291955219 oog:117082
  chr17 -> chr9 acc:0.99335037770972157 lift:+0.99158593541872675 surprise:0.0066496222902784142 oog:165415
  chr17 -> chr10 acc:0.99514754250196646 lift:+0.99338310021097165 surprise:0.0048524574980335347 oog:120709
  chr17 -> chr11 acc:0.99567427829297406 lift:+0.99390983600197924 surprise:0.0043257217070259589 oog:107606
  chr17 -> chr12 acc:0.99409941747113839 lift:+0.99233497518014357 surprise:0.0059005825288616278 oog:146782
  chr17 -> chr13 acc:0.99035003790222398 lift:+0.98858559561122916 surprise:0.0096499620977760405 oog:240051
  chr17 -> chr14 acc:0.99069277997305738 lift:+0.98892833768206256 surprise:0.0093072200269425972 oog:231525
  chr17 -> chr15 acc:0.9915891111897327 lift:+0.98982466889873788 surprise:0.0084108888102673394 oog:209228
  chr17 -> chr16 acc:0.99292960815126352 lift:+0.9911651658602687 surprise:0.0070703918487364991 oog:175882
  chr17 -> chr17 acc:0.99308755250926306 lift:+0.99132311021826824 surprise:0.0069124474907368994 oog:171953
  chr17 -> chr18 acc:0.98898055700531062 lift:+0.98721611471431581 surprise:0.011019442994689347 oog:274118
  chr17 -> chr19 acc:0.98905022296927436 lift:+0.98728578067827955 surprise:0.010949777030725664 oog:272385
  chr17 -> chr20 acc:0.98896512034624429 lift:+0.98720067805524947 surprise:0.011034879653755738 oog:274502
  chr17 -> chr21 acc:0.97358743414144377 lift:+0.97182299185044896 surprise:0.026412565858556225 oog:657035
  chr17 -> chr22 acc:0.98191265753381929 lift:+0.98014821524282447 surprise:0.018087342466180753 oog:449938
  chr17 -> chrX acc:0.99426777353408113 lift:+0.99250333124308632 surprise:0.0057322264659188113 oog:142594
  chr17 -> chrY acc:0.96102444583901436 lift:+0.95926000354801955 surprise:0.038975554160985623 oog:969550
  chr18 -> chr1 acc:0.99844422820317102 lift:+0.99733221346620804 surprise:0.0015557717968290225 oog:37380
  chr18 -> chr2 acc:0.9984007348503704 lift:+0.99728872011340741 surprise:0.0015992651496296198 oog:38425
  chr18 -> chr3 acc:0.99765439724039884 lift:+0.99654238250343585 surprise:0.0023456027596012096 oog:56357
  chr18 -> chr4 acc:0.99724098147640994 lift:+0.99612896673944695 surprise:0.0027590185235900453 oog:66290
  chr18 -> chr5 acc:0.99695001302719566 lift:+0.99583799829023267 surprise:0.0030499869728043763 oog:73281
  chr18 -> chr6 acc:0.99715436935470847 lift:+0.99604235461774548 surprise:0.0028456306452915221 oog:68371
  chr18 -> chr7 acc:0.99716265182093555 lift:+0.99605063708397257 surprise:0.0028373481790644225 oog:68172
  chr18 -> chr8 acc:0.99666487143864357 lift:+0.99555285670168059 surprise:0.0033351285613564268 oog:80132
  chr18 -> chr9 acc:0.99527266794469149 lift:+0.99416065320772851 surprise:0.0047273320553085614 oog:113582
  chr18 -> chr10 acc:0.99646854785475802 lift:+0.99535653311779504 surprise:0.0035314521452419938 oog:84849
  chr18 -> chr11 acc:0.99660177486175772 lift:+0.99548976012479473 surprise:0.0033982251382422691 oog:81648
  chr18 -> chr12 acc:0.99581015422035357 lift:+0.99469813948339059 surprise:0.0041898457796464431 oog:100668
  chr18 -> chr13 acc:0.99337069738365635 lift:+0.99225868264669337 surprise:0.0066293026163436785 oog:159280
  chr18 -> chr14 acc:0.99329877727491045 lift:+0.99218676253794746 surprise:0.0067012227250895463 oog:161008
  chr18 -> chr15 acc:0.99347474846691131 lift:+0.99236273372994832 surprise:0.006525251533088661 oog:156780
  chr18 -> chr16 acc:0.99397227912660358 lift:+0.99286026438964059 surprise:0.0060277208733964692 oog:144826
  chr18 -> chr17 acc:0.9939135110747811 lift:+0.99280149633781811 surprise:0.0060864889252189025 oog:146238
  chr18 -> chr18 acc:0.99201241454284528 lift:+0.99090039980588229 surprise:0.0079875854571546771 oog:191915
  chr18 -> chr19 acc:0.98899776331791434 lift:+0.98788574858095135 surprise:0.01100223668208565 oog:264347
  chr18 -> chr20 acc:0.9911648144186499 lift:+0.99005279968168691 surprise:0.0088351855813500503 oog:212280
  chr18 -> chr21 acc:0.98032643738247427 lift:+0.97921442264551128 surprise:0.019673562617525699 oog:472690
  chr18 -> chr22 acc:0.98326330001756379 lift:+0.98215128528060081 surprise:0.016736699982436178 oog:402127
  chr18 -> chrX acc:0.99606936627895848 lift:+0.99495735154199549 surprise:0.0039306337210415427 oog:94440
  chr18 -> chrY acc:0.96962503319229554 lift:+0.96851301845533255 surprise:0.030374966807704441 oog:729809
  chr19 -> chr1 acc:0.99782177823638818 lift:+0.99556404558905387 surprise:0.002178221763611861 oog:38189
  chr19 -> chr2 acc:0.9974921560003539 lift:+0.99523442335301959 surprise:0.0025078439996461368 oog:43968
  chr19 -> chr3 acc:0.99629795272022759 lift:+0.99404022007289328 surprise:0.0037020472797723914 oog:64905
  chr19 -> chr4 acc:0.99563482966846528 lift:+0.99337709702113097 surprise:0.0043651703315347179 oog:76531
  chr19 -> chr5 acc:0.99499326695676538 lift:+0.99273553430943107 surprise:0.0050067330432345845 oog:87779
  chr19 -> chr6 acc:0.99561389674570622 lift:+0.99335616409837191 surprise:0.0043861032542937732 oog:76898
  chr19 -> chr7 acc:0.99593273881170929 lift:+0.99367500616437499 surprise:0.0040672611882907276 oog:71308
  chr19 -> chr8 acc:0.99491261531430952 lift:+0.99265488266697521 surprise:0.0050873846856904536 oog:89193
  chr19 -> chr9 acc:0.9928448760340336 lift:+0.99058714338669929 surprise:0.0071551239659663757 oog:125445
  chr19 -> chr10 acc:0.99478399476711155 lift:+0.99252626211977724 surprise:0.0052160052328884621 oog:91448
  chr19 -> chr11 acc:0.99539960521762516 lift:+0.99314187257029085 surprise:0.0046003947823748895 oog:80655
  chr19 -> chr12 acc:0.99359281449762893 lift:+0.99133508185029462 surprise:0.0064071855023710381 oog:112332
  chr19 -> chr13 acc:0.98960147080305028 lift:+0.98734373815571597 surprise:0.010398529196949771 oog:182309
  chr19 -> chr14 acc:0.9900362709943098 lift:+0.98777853834697549 surprise:0.0099637290056901612 oog:174686
  chr19 -> chr15 acc:0.99111628432521637 lift:+0.98885855167788206 surprise:0.0088837156747836026 oog:155751
  chr19 -> chr16 acc:0.99268391497674191 lift:+0.9904261823294076 surprise:0.0073160850232580742 oog:128267
  chr19 -> chr17 acc:0.99286409781869245 lift:+0.99060636517135814 surprise:0.0071359021813075163 oog:125108
  chr19 -> chr18 acc:0.98821938455952252 lift:+0.98596165191218821 surprise:0.011780615440477463 oog:206540
  chr19 -> chr19 acc:0.98938421330226212 lift:+0.98712648065492781 surprise:0.010615786697737892 oog:186118
  chr19 -> chr20 acc:0.98854387338125627 lift:+0.98628614073392196 surprise:0.011456126618743772 oog:200851
  chr19 -> chr21 acc:0.97215561934044636 lift:+0.96989788669311205 surprise:0.027844380659553618 oog:488173
  chr19 -> chr22 acc:0.98189216624436726 lift:+0.97963443359703295 surprise:0.018107833755632709 oog:317470
  chr19 -> chrX acc:0.99380048962505596 lift:+0.99154275697772165 surprise:0.00619951037494401 oog:108691
  chr19 -> chrY acc:0.95974530507909706 lift:+0.95748757243176275 surprise:0.040254694920902924 oog:705753
  chr20 -> chr1 acc:0.99786596128755667 lift:+0.99650985597780017 surprise:0.002134038712443327 oog:40937
  chr20 -> chr2 acc:0.99766687747968552 lift:+0.99631077216992903 surprise:0.002333122520314472 oog:44756
  chr20 -> chr3 acc:0.99647200972367234 lift:+0.99511590441391584 surprise:0.0035279902763276998 oog:67677
  chr20 -> chr4 acc:0.99584817208848142 lift:+0.99449206677872493 surprise:0.0041518279115185857 oog:79644
  chr20 -> chr5 acc:0.99528605616801147 lift:+0.99392995085825497 surprise:0.0047139438319884885 oog:90427
  chr20 -> chr6 acc:0.99579140270728961 lift:+0.99443529739753311 surprise:0.0042085972927104363 oog:80733
  chr20 -> chr7 acc:0.99601446623540701 lift:+0.99465836092565052 surprise:0.003985533764592963 oog:76454
  chr20 -> chr8 acc:0.99512502713357476 lift:+0.99376892182381826 surprise:0.0048749728664252432 oog:93516
  chr20 -> chr9 acc:0.99305609857458288 lift:+0.99169999326482638 surprise:0.0069439014254171275 oog:133204
  chr20 -> chr10 acc:0.99495821168838294 lift:+0.99360210637862645 surprise:0.0050417883116170899 oog:96716
  chr20 -> chr11 acc:0.99545594727297404 lift:+0.99409984196321755 surprise:0.0045440527270259158 oog:87168
  chr20 -> chr12 acc:0.99380077314788462 lift:+0.99244466783812813 surprise:0.0061992268521153969 oog:118919
  chr20 -> chr13 acc:0.9899914903271021 lift:+0.9886353850173456 surprise:0.010008509672897849 oog:191992
  chr20 -> chr14 acc:0.9902409315474906 lift:+0.9888848262377341 surprise:0.0097590684525094146 oog:187207
  chr20 -> chr15 acc:0.99113339417926694 lift:+0.98977728886951044 surprise:0.0088666058207330332 oog:170087
  chr20 -> chr16 acc:0.9925256254588728 lift:+0.9911695201491163 surprise:0.007474374541127201 oog:143380
  chr20 -> chr17 acc:0.99264614961802389 lift:+0.99129004430826739 surprise:0.0073538503819760917 oog:141068
  chr20 -> chr18 acc:0.98852174199530873 lift:+0.98716563668555224 surprise:0.011478258004691268 oog:220186
  chr20 -> chr19 acc:0.98837353689822105 lift:+0.98701743158846456 surprise:0.0116264631017789 oog:223029
  chr20 -> chr20 acc:0.98845089756092885 lift:+0.98709479225117236 surprise:0.011549102439071181 oog:221545
  chr20 -> chr21 acc:0.97222090159994778 lift:+0.97086479629019129 surprise:0.027779098400052212 oog:532883
  chr20 -> chr22 acc:0.98093846824636721 lift:+0.97958236293661072 surprise:0.01906153175363277 oog:365655
  chr20 -> chrX acc:0.99405063140688599 lift:+0.99269452609712949 surprise:0.0059493685931139833 oog:114126
  chr20 -> chrY acc:0.95900969176884632 lift:+0.95765358645908982 surprise:0.040990308231153662 oog:786312
  chr21 -> chr1 acc:0.9977338106405631 lift:+0.99676701737417384 surprise:0.00226618935943689 oog:27254
  chr21 -> chr2 acc:0.99748768454883596 lift:+0.9965208912824467 surprise:0.0025123154511640933 oog:30214
  chr21 -> chr3 acc:0.99618995146992151 lift:+0.99522315820353224 surprise:0.0038100485300784376 oog:45821
  chr21 -> chr4 acc:0.99555401486535078 lift:+0.99458722159896151 surprise:0.0044459851346492652 oog:53469
  chr21 -> chr5 acc:0.99499615677433795 lift:+0.99402936350794868 surprise:0.0050038432256620377 oog:60178
  chr21 -> chr6 acc:0.99543352949139374 lift:+0.99446673622500448 surprise:0.0045664705086062643 oog:54918
  chr21 -> chr7 acc:0.99576704697582541 lift:+0.99480025370943614 surprise:0.0042329530241745714 oog:50907
  chr21 -> chr8 acc:0.99477214877058351 lift:+0.99380535550419424 surprise:0.0052278512294164584 oog:62872
  chr21 -> chr9 acc:0.99260657176621081 lift:+0.99163977849982154 surprise:0.0073934282337891873 oog:88916
  chr21 -> chr10 acc:0.99463312078904031 lift:+0.99366632752265105 surprise:0.0053668792109596627 oog:64544
  chr21 -> chr11 acc:0.99515114969156082 lift:+0.99418435642517156 surprise:0.0048488503084392317 oog:58314
  chr21 -> chr12 acc:0.9933488581246056 lift:+0.99238206485821634 surprise:0.0066511418753943423 oog:79989
  chr21 -> chr13 acc:0.98921285882440202 lift:+0.98824606555801275 surprise:0.010787141175597995 oog:129730
  chr21 -> chr14 acc:0.98953914219735384 lift:+0.98857234893096457 surprise:0.010460857802646122 oog:125806
  chr21 -> chr15 acc:0.99054992218756865 lift:+0.98958312892117939 surprise:0.009450077812431297 oog:113650
  chr21 -> chr16 acc:0.9921379343834491 lift:+0.99117114111705984 surprise:0.0078620656165508482 oog:94552
  chr21 -> chr17 acc:0.99219846809790102 lift:+0.99123167483151176 surprise:0.0078015319020990235 oog:93824
  chr21 -> chr18 acc:0.98776478926783806 lift:+0.9867979960014488 surprise:0.012235210732161928 oog:147145
  chr21 -> chr19 acc:0.98796443411453971 lift:+0.98699764084815045 surprise:0.012035565885460234 oog:144744
  chr21 -> chr20 acc:0.98772994912174561 lift:+0.98676315585535634 surprise:0.012270050878254394 oog:147564
  chr21 -> chr21 acc:0.97125297139050271 lift:+0.97028617812411344 surprise:0.028747028609497342 oog:345722
  chr21 -> chr22 acc:0.98009771205841567 lift:+0.97913091879202641 surprise:0.019902287941584301 oog:239352
  chr21 -> chrX acc:0.99355582023349387 lift:+0.9925890269671046 surprise:0.0064441797665061636 oog:77500
  chr21 -> chrY acc:0.95728789335689046 lift:+0.9563211000905012 surprise:0.042712106643109517 oog:513671
  chr22 -> chr1 acc:0.9975415648844792 lift:+0.99590473621385323 surprise:0.0024584351155207433 oog:28881
  chr22 -> chr2 acc:0.99718370811962864 lift:+0.99554687944900266 surprise:0.0028162918803713096 oog:33085
  chr22 -> chr3 acc:0.99573253254228034 lift:+0.99409570387165436 surprise:0.0042674674577196569 oog:50133
  chr22 -> chr4 acc:0.99489134782528388 lift:+0.9932545191546579 surprise:0.0051086521747161599 oog:60015
  chr22 -> chr5 acc:0.99419631916567275 lift:+0.99255949049504677 surprise:0.0058036808343272144 oog:68180
  chr22 -> chr6 acc:0.99486359775265276 lift:+0.99322676908202678 surprise:0.0051364022473472928 oog:60341
  chr22 -> chr7 acc:0.99531483436313628 lift:+0.9936780056925103 surprise:0.0046851656368637412 oog:55040
  chr22 -> chr8 acc:0.99411775070849939 lift:+0.99248092203787341 surprise:0.0058822492915006378 oog:69103
  chr22 -> chr9 acc:0.99166101805142226 lift:+0.99002418938079628 surprise:0.0083389819485777533 oog:97964
  chr22 -> chr10 acc:0.99396921120929282 lift:+0.99233238253866685 surprise:0.0060307887907071643 oog:70848
  chr22 -> chr11 acc:0.99472552837287453 lift:+0.99308869970224856 surprise:0.0052744716271255088 oog:61963
  chr22 -> chr12 acc:0.99248560379859341 lift:+0.99084877512796743 surprise:0.0075143962014066219 oog:88277
  chr22 -> chr13 acc:0.98767130668878045 lift:+0.98603447801815447 surprise:0.012328693311219533 oog:144834
  chr22 -> chr14 acc:0.98826061267904219 lift:+0.98662378400841622 surprise:0.011739387320957766 oog:137911
  chr22 -> chr15 acc:0.9896698226557552 lift:+0.98803299398512923 surprise:0.010330177344244844 oog:121356
  chr22 -> chr16 acc:0.99170162168530274 lift:+0.99006479301467676 surprise:0.0082983783146972304 oog:97487
  chr22 -> chr17 acc:0.99186897335031143 lift:+0.99023214467968546 surprise:0.0081310266496886167 oog:95521
  chr22 -> chr18 acc:0.98617212178332181 lift:+0.98453529311269583 surprise:0.013827878216678186 oog:162446
  chr22 -> chr19 acc:0.98825150452636878 lift:+0.98661467585574281 surprise:0.011748495473631174 oog:138018
  chr22 -> chr20 acc:0.98675291548136546 lift:+0.98511608681073948 surprise:0.013247084518634556 oog:155623
  chr22 -> chr21 acc:0.96733143980230374 lift:+0.96569461113167776 surprise:0.032668560197696282 oog:383781
  chr22 -> chr22 acc:0.97976611115163903 lift:+0.97812928248101305 surprise:0.020233888848360918 oog:237702
  chr22 -> chrX acc:0.99260247757074838 lift:+0.9909656489001224 surprise:0.0073975224292515728 oog:86904
  chr22 -> chrY acc:0.95279806280658619 lift:+0.95116123413596021 surprise:0.047201937193413833 oog:554515
  chrX -> chr1 acc:0.9987660047777206 lift:+0.99766222885908107 surprise:0.0012339952222793586 oog:57341
  chrX -> chr2 acc:0.99876970626842065 lift:+0.99766593034978113 surprise:0.0012302937315793001 oog:57169
  chrX -> chr3 acc:0.99819440422839356 lift:+0.99709062830975403 surprise:0.0018055957716064028 oog:83902
  chrX -> chr4 acc:0.99789258209427545 lift:+0.99678880617563592 surprise:0.0021074179057245382 oog:97927
  chrX -> chr5 acc:0.99764748745716525 lift:+0.99654371153852572 surprise:0.0023525125428348016 oog:109316
  chrX -> chr6 acc:0.9977884669081889 lift:+0.99668469098954937 surprise:0.0022115330918110652 oog:102765
  chrX -> chr7 acc:0.99773509657716486 lift:+0.99663132065852533 surprise:0.0022649034228351631 oog:105245
  chrX -> chr8 acc:0.99737461011950967 lift:+0.99627083420087015 surprise:0.0026253898804902711 oog:121996
  chrX -> chr9 acc:0.99627003794996383 lift:+0.9951662620313243 surprise:0.0037299620500361916 oog:173323
  chrX -> chr10 acc:0.99716498092817674 lift:+0.99606120500953721 surprise:0.0028350190718232308 oog:131737
  chrX -> chr11 acc:0.99726720232832378 lift:+0.99616342640968425 surprise:0.0027327976716762683 oog:126987
  chrX -> chr12 acc:0.99672538586695525 lift:+0.99562160994831572 surprise:0.0032746141330447032 oog:152164
  chrX -> chr13 acc:0.99478853781756016 lift:+0.99368476189892063 surprise:0.0052114621824398055 oog:242165
  chrX -> chr14 acc:0.99467385616674264 lift:+0.99357008024810312 surprise:0.0053261438332573132 oog:247494
  chrX -> chr15 acc:0.99464964583512894 lift:+0.99354586991648941 surprise:0.0053503541648710672 oog:248619
  chrX -> chr16 acc:0.99483900290879068 lift:+0.99373522699015115 surprise:0.0051609970912093574 oog:239820
  chrX -> chr17 acc:0.9948012347914732 lift:+0.99369745887283367 surprise:0.005198765208526814 oog:241575
  chrX -> chr18 acc:0.99356086956194256 lift:+0.99245709364330303 surprise:0.0064391304380574362 oog:299212
  chrX -> chr19 acc:0.99002938919054961 lift:+0.98892561327191009 surprise:0.0099706108094503795 oog:463312
  chrX -> chr20 acc:0.99260500262924201 lift:+0.99150122671060248 surprise:0.0073949973707579863 oog:343629
  chrX -> chr21 acc:0.98327718150421051 lift:+0.98217340558557098 surprise:0.0167228184957895 oog:777072
  chrX -> chr22 acc:0.98503031079717307 lift:+0.98392653487853354 surprise:0.014969689202826949 oog:695608
  chrX -> chrX acc:0.99701586680573084 lift:+0.99591209088709132 surprise:0.0029841331942691883 oog:138666
  chrX -> chrY acc:0.97369367775704296 lift:+0.97258990183840344 surprise:0.026306322242957026 oog:1222396
  chrY -> chr1 acc:0.99875155345971001 lift:+0.99721020846394515 surprise:0.0012484465402900062 oog:9893
  chrY -> chr2 acc:0.99883307539087618 lift:+0.99729173039511132 surprise:0.0011669246091237932 oog:9247
  chrY -> chr3 acc:0.99825964558403524 lift:+0.99671830058827038 surprise:0.0017403544159647704 oog:13791
  chrY -> chr4 acc:0.99792775289213564 lift:+0.99638640789637078 surprise:0.0020722471078643678 oog:16421
  chrY -> chr5 acc:0.99770842608661414 lift:+0.99616708109084928 surprise:0.0022915739133858508 oog:18159
  chrY -> chr6 acc:0.99782755410986634 lift:+0.99628620911410148 surprise:0.0021724458901336758 oog:17215
  chrY -> chr7 acc:0.9977778333035513 lift:+0.99623648830778644 surprise:0.0022221666964486724 oog:17609
  chrY -> chr8 acc:0.99743622360128048 lift:+0.99589487860551562 surprise:0.0025637763987194748 oog:20316
  chrY -> chr9 acc:0.99621415180342665 lift:+0.99467280680766179 surprise:0.0037858481965733532 oog:30000
  chrY -> chr10 acc:0.99732857931755792 lift:+0.99578723432179306 surprise:0.0026714206824420437 oog:21169
  chrY -> chr11 acc:0.99719342453694026 lift:+0.99565207954117541 surprise:0.0028065754630597125 oog:22240
  chrY -> chr12 acc:0.99676196403747086 lift:+0.995220619041706 surprise:0.0032380359625291889 oog:25659
  chrY -> chr13 acc:0.99480834017309905 lift:+0.99326699517733419 surprise:0.0051916598269009248 oog:41140
  chrY -> chr14 acc:0.99457096749117391 lift:+0.99302962249540905 surprise:0.0054290325088260745 oog:43021
  chrY -> chr15 acc:0.99440148768690728 lift:+0.99286014269114242 surprise:0.0055985123130926741 oog:44364
  chrY -> chr16 acc:0.99488683342570805 lift:+0.99334548842994319 surprise:0.0051131665742919705 oog:40518
  chrY -> chr17 acc:0.99481477611503322 lift:+0.99327343111926836 surprise:0.0051852238849667501 oog:41089
  chrY -> chr18 acc:0.99342322451291276 lift:+0.9918818795171479 surprise:0.006576775487087229 oog:52116
  chrY -> chr19 acc:0.98965416024334418 lift:+0.98811281524757932 surprise:0.010345839756655774 oog:81983
  chrY -> chr20 acc:0.99278240660817274 lift:+0.99124106161240788 surprise:0.0072175933918272117 oog:57194
  chrY -> chr21 acc:0.98324484544148538 lift:+0.98170350044572052 surprise:0.016755154558514576 oog:132772
  chrY -> chr22 acc:0.98494570084126598 lift:+0.98340435584550112 surprise:0.015054299158734052 oog:119294
  chrY -> chrX acc:0.99698898873432529 lift:+0.99544764373856043 surprise:0.0030110112656746733 oog:23860
  chrY -> chrY acc:0.97819300960797795 lift:+0.97665166461221309 surprise:0.021806990392022055 oog:172804
PS H:\kdna_opencl_with_inspector_krun>
PS H:\kdna_opencl_with_inspector_krun> .\build_vs\Release\kdna_genome_matrix.exe `
>>   --a .\GenomeOutFull\human_chr1_22_XY_full_k16.kgenome
file: KGENOME sources:24 matrix:576 record_bytes:256 payload:147456 train:0.69999999999999996 bins:32
cell:chr1->chr1 acc:0.99866178571606767 lift:+0.99745834884150941 surprise:0.001338214283932281 oog:92529 entropy:16.436490449558402 edges:2377244 unique:528881
cell:chr1->chr2 acc:0.99864129214496755 lift:+0.99743785527040929 surprise:0.0013587078550324986 oog:93946 entropy:16.436490449558402 edges:2370549 unique:528881
cell:chr1->chr3 acc:0.9979889399797971 lift:+0.99678550310523883 surprise:0.0020110600202028718 oog:139052 entropy:16.436490449558402 edges:2306226 unique:528881
cell:chr1->chr4 acc:0.99763907408107777 lift:+0.99643563720651951 surprise:0.002360925918922255 oog:163243 entropy:16.436490449558402 edges:2277542 unique:528881
cell:chr1->chr5 acc:0.99738082905245007 lift:+0.99617739217789181 surprise:0.0026191709475499804 oog:181099 entropy:16.436490449558402 edges:2259125 unique:528881
cell:chr1->chr6 acc:0.99754833543246602 lift:+0.99634489855790775 surprise:0.0024516645675339457 oog:169517 entropy:16.436490449558402 edges:2272646 unique:528881
cell:chr1->chr7 acc:0.99752941828991204 lift:+0.99632598141535378 surprise:0.0024705817100879931 oog:170825 entropy:16.436490449558402 edges:2273356 unique:528881
cell:chr1->chr8 acc:0.99709934254975163 lift:+0.99589590567519337 surprise:0.0029006574502483127 oog:200562 entropy:16.436490449558402 edges:2241038 unique:528881
cell:chr1->chr9 acc:0.9958796930476681 lift:+0.99467625617310984 surprise:0.0041203069523319102 oog:284893 entropy:16.436490449558402 edges:2163846 unique:528881
cell:chr1->chr10 acc:0.99691380124866158 lift:+0.99571036437410332 surprise:0.0030861987513384277 oog:213391 entropy:16.436490449558402 edges:2227379 unique:528881
cell:chr1->chr11 acc:0.99702513470690401 lift:+0.99582169783234575 surprise:0.0029748652930960311 oog:205693 entropy:16.436490449558402 edges:2238941 unique:528881
cell:chr1->chr12 acc:0.99637686100824752 lift:+0.99517342413368926 surprise:0.0036231389917524585 oog:250517 entropy:16.436490449558402 edges:2192315 unique:528881
cell:chr1->chr13 acc:0.99422071171120807 lift:+0.99301727483664981 surprise:0.0057792882887918754 oog:399601 entropy:16.436490449558402 edges:2079703 unique:528881
cell:chr1->chr14 acc:0.9941524769416592 lift:+0.99294904006710094 surprise:0.0058475230583408004 oog:404319 entropy:16.436490449558402 edges:2077162 unique:528881
cell:chr1->chr15 acc:0.99420078218334917 lift:+0.99299734530879091 surprise:0.0057992178166508023 oog:400979 entropy:16.436490449558402 edges:2087345 unique:528881
cell:chr1->chr16 acc:0.99453805111634641 lift:+0.99333461424178815 surprise:0.0054619488836535716 oog:377659 entropy:16.436490449558402 edges:2121650 unique:528881
cell:chr1->chr17 acc:0.99451198942606933 lift:+0.99330855255151107 surprise:0.0054880105739306302 oog:379461 entropy:16.436490449558402 edges:2125568 unique:528881
cell:chr1->chr18 acc:0.99294671158089964 lift:+0.99174327470634138 surprise:0.0070532884191003261 oog:487690 entropy:16.436490449558402 edges:2027957 unique:528881
cell:chr1->chr19 acc:0.98973118783818637 lift:+0.9885277509636281 surprise:0.010268812161813592 oog:710023 entropy:16.436490449558402 edges:2014057 unique:528881
cell:chr1->chr20 acc:0.9921049131998918 lift:+0.99090147632533354 surprise:0.0078950868001082097 oog:545895 entropy:16.436490449558402 edges:2008213 unique:528881
cell:chr1->chr21 acc:0.98192108355309926 lift:+0.980717646678541 surprise:0.018078916446900715 oog:1250042 entropy:16.436490449558402 edges:1742929 unique:528881
cell:chr1->chr22 acc:0.98444759231995826 lift:+0.9832441554454 surprise:0.015552407680041699 oog:1075350 entropy:16.436490449558402 edges:1843749 unique:528881
cell:chr1->chrX acc:0.99662948006710961 lift:+0.99542604319255135 surprise:0.0033705199328904244 oog:233050 entropy:16.436490449558402 edges:2209384 unique:528881
cell:chr1->chrY acc:0.97169461802232415 lift:+0.97049118114776589 surprise:0.028305381977675893 oog:1957137 entropy:16.436490449558402 edges:1581904 unique:528881
cell:chr2->chr1 acc:0.99864596522705451 lift:+0.99756371296003743 surprise:0.0013540347729454837 oog:97713 entropy:16.412533326243775 edges:2377244 unique:528775
cell:chr2->chr2 acc:0.99862677291732571 lift:+0.99754452065030863 surprise:0.0013732270826742761 oog:99098 entropy:16.412533326243775 edges:2370549 unique:528775
cell:chr2->chr3 acc:0.99796266357165608 lift:+0.996880411304639 surprise:0.0020373364283438628 oog:147023 entropy:16.412533326243775 edges:2306226 unique:528775
cell:chr2->chr4 acc:0.99760676747724131 lift:+0.99652451521022423 surprise:0.002393232522758719 oog:172706 entropy:16.412533326243775 edges:2277542 unique:528775
cell:chr2->chr5 acc:0.9973446019120723 lift:+0.99626234964505522 surprise:0.0026553980879276892 oog:191625 entropy:16.412533326243775 edges:2259125 unique:528775
cell:chr2->chr6 acc:0.99751763755942502 lift:+0.99643538529240794 surprise:0.0024823624405750314 oog:179138 entropy:16.412533326243775 edges:2272646 unique:528775
cell:chr2->chr7 acc:0.99751882928407243 lift:+0.99643657701705535 surprise:0.0024811707159276119 oog:179052 entropy:16.412533326243775 edges:2273356 unique:528775
cell:chr2->chr8 acc:0.99707941546349477 lift:+0.99599716319647769 surprise:0.0029205845365052351 oog:210762 entropy:16.412533326243775 edges:2241038 unique:528775
PS H:\kdna_opencl_with_inspector_krun>
PS H:\kdna_opencl_with_inspector_krun> .\build_vs\Release\kdna_probe.exe `
>>   .\GenomeOutFull\human_chr1_22_XY_full_k16.kgenome.\build_vs\Release\kdna_genome_matrix.exe `
>>   --a .\GenomeOutFull\human_chr1_22_XY_full_k16.kgenome
file: .\GenomeOutFull\human_chr1_22_XY_full_k16.kgenome.\build_vs\Release\kdna_genome_matrix.exe
  size:0 fnv1a64:0x0000000000000000
  error: cannot read magic
file: --a
  size:0 fnv1a64:0x0000000000000000
  error: cannot read magic
file: .\GenomeOutFull\human_chr1_22_XY_full_k16.kgenome
  size:147584 fnv1a64:0x13e193787d66b3ef
  magic: KGENOME1
  type: KGENOME rc:ok sources:24 cells:576 record_bytes:256 payload:147456 train:0.69999999999999996 bins:32
PS H:\kdna_opencl_with_inspector_krun>
PS H:\kdna_opencl_with_inspector_krun> .\build_vs\Release\kdna_probe.exe `
>>   .\GenomeOutFull\human_chr1_22_XY_full_k16.kgenome
file: .\GenomeOutFull\human_chr1_22_XY_full_k16.kgenome
  size:147584 fnv1a64:0x13e193787d66b3ef
  magic: KGENOME1
  type: KGENOME rc:ok sources:24 cells:576 record_bytes:256 payload:147456 train:0.69999999999999996 bins:32
PS H:\kdna_opencl_with_inspector_krun>
PS H:\kdna_opencl_with_inspector_krun> Get-Content .\GenomeOutFull\human_chr1_22_XY_full_k16.csv -TotalCount 40
row,col,n,train_n,unique_variants,grammar_edges,test_transitions,entropy_raw,baseline_accuracy,kgram_accuracy,lift,out_of_grammar,surprise_rate,compression_ratio
chr1,chr1,230478786,161335150,528881,2377244,69143635,16.436490449558402,0.0012034368745583016,0.99866178571606767,0.99745834884150941,92529,0.001338214283932281,435.78571739200311
chr1,chr2,230478786,161335150,528881,2370549,69143635,16.436490449558402,0.0012034368745583016,0.99864129214496755,0.99743785527040929,93946,0.0013587078550324986,435.78571739200311
chr1,chr3,230478786,161335150,528881,2306226,69143635,16.436490449558402,0.0012034368745583016,0.9979889399797971,0.99678550310523883,139052,0.0020110600202028718,435.78571739200311
chr1,chr4,230478786,161335150,528881,2277542,69143635,16.436490449558402,0.0012034368745583016,0.99763907408107777,0.99643563720651951,163243,0.002360925918922255,435.78571739200311
chr1,chr5,230478786,161335150,528881,2259125,69143635,16.436490449558402,0.0012034368745583016,0.99738082905245007,0.99617739217789181,181099,0.0026191709475499804,435.78571739200311
chr1,chr6,230478786,161335150,528881,2272646,69143635,16.436490449558402,0.0012034368745583016,0.99754833543246602,0.99634489855790775,169517,0.0024516645675339457,435.78571739200311
chr1,chr7,230478786,161335150,528881,2273356,69143635,16.436490449558402,0.0012034368745583016,0.99752941828991204,0.99632598141535378,170825,0.0024705817100879931,435.78571739200311
chr1,chr8,230478786,161335150,528881,2241038,69143635,16.436490449558402,0.0012034368745583016,0.99709934254975163,0.99589590567519337,200562,0.0029006574502483127,435.78571739200311
chr1,chr9,230478786,161335150,528881,2163846,69143635,16.436490449558402,0.0012034368745583016,0.9958796930476681,0.99467625617310984,284893,0.0041203069523319102,435.78571739200311
chr1,chr10,230478786,161335150,528881,2227379,69143635,16.436490449558402,0.0012034368745583016,0.99691380124866158,0.99571036437410332,213391,0.0030861987513384277,435.78571739200311
chr1,chr11,230478786,161335150,528881,2238941,69143635,16.436490449558402,0.0012034368745583016,0.99702513470690401,0.99582169783234575,205693,0.0029748652930960311,435.78571739200311
chr1,chr12,230478786,161335150,528881,2192315,69143635,16.436490449558402,0.0012034368745583016,0.99637686100824752,0.99517342413368926,250517,0.0036231389917524585,435.78571739200311
chr1,chr13,230478786,161335150,528881,2079703,69143635,16.436490449558402,0.0012034368745583016,0.99422071171120807,0.99301727483664981,399601,0.0057792882887918754,435.78571739200311
chr1,chr14,230478786,161335150,528881,2077162,69143635,16.436490449558402,0.0012034368745583016,0.9941524769416592,0.99294904006710094,404319,0.0058475230583408004,435.78571739200311
chr1,chr15,230478786,161335150,528881,2087345,69143635,16.436490449558402,0.0012034368745583016,0.99420078218334917,0.99299734530879091,400979,0.0057992178166508023,435.78571739200311
chr1,chr16,230478786,161335150,528881,2121650,69143635,16.436490449558402,0.0012034368745583016,0.99453805111634641,0.99333461424178815,377659,0.0054619488836535716,435.78571739200311
chr1,chr17,230478786,161335150,528881,2125568,69143635,16.436490449558402,0.0012034368745583016,0.99451198942606933,0.99330855255151107,379461,0.0054880105739306302,435.78571739200311
chr1,chr18,230478786,161335150,528881,2027957,69143635,16.436490449558402,0.0012034368745583016,0.99294671158089964,0.99174327470634138,487690,0.0070532884191003261,435.78571739200311
chr1,chr19,230478786,161335150,528881,2014057,69143635,16.436490449558402,0.0012034368745583016,0.98973118783818637,0.9885277509636281,710023,0.010268812161813592,435.78571739200311
chr1,chr20,230478786,161335150,528881,2008213,69143635,16.436490449558402,0.0012034368745583016,0.9921049131998918,0.99090147632533354,545895,0.0078950868001082097,435.78571739200311
chr1,chr21,230478786,161335150,528881,1742929,69143635,16.436490449558402,0.0012034368745583016,0.98192108355309926,0.980717646678541,1250042,0.018078916446900715,435.78571739200311
chr1,chr22,230478786,161335150,528881,1843749,69143635,16.436490449558402,0.0012034368745583016,0.98444759231995826,0.9832441554454,1075350,0.015552407680041699,435.78571739200311
chr1,chrX,230478786,161335150,528881,2209384,69143635,16.436490449558402,0.0012034368745583016,0.99662948006710961,0.99542604319255135,233050,0.0033705199328904244,435.78571739200311
chr1,chrY,230478786,161335150,528881,1581904,69143635,16.436490449558402,0.0012034368745583016,0.97169461802232415,0.97049118114776589,1957137,0.028305381977675893,435.78571739200311
chr2,chr1,240547740,168383418,528775,2377244,72164321,16.412533326243775,0.0010822522670171039,0.99864596522705451,0.99756371296003743,97713,0.0013540347729454837,454.91511512458038
chr2,chr2,240547740,168383418,528775,2370549,72164321,16.412533326243775,0.0010822522670171039,0.99862677291732571,0.99754452065030863,99098,0.0013732270826742761,454.91511512458038
chr2,chr3,240547740,168383418,528775,2306226,72164321,16.412533326243775,0.0010822522670171039,0.99796266357165608,0.996880411304639,147023,0.0020373364283438628,454.91511512458038
chr2,chr4,240547740,168383418,528775,2277542,72164321,16.412533326243775,0.0010822522670171039,0.99760676747724131,0.99652451521022423,172706,0.002393232522758719,454.91511512458038
chr2,chr5,240547740,168383418,528775,2259125,72164321,16.412533326243775,0.0010822522670171039,0.9973446019120723,0.99626234964505522,191625,0.0026553980879276892,454.91511512458038
chr2,chr6,240547740,168383418,528775,2272646,72164321,16.412533326243775,0.0010822522670171039,0.99751763755942502,0.99643538529240794,179138,0.0024823624405750314,454.91511512458038
chr2,chr7,240547740,168383418,528775,2273356,72164321,16.412533326243775,0.0010822522670171039,0.99751882928407243,0.99643657701705535,179052,0.0024811707159276119,454.91511512458038
chr2,chr8,240547740,168383418,528775,2241038,72164321,16.412533326243775,0.0010822522670171039,0.99707941546349477,0.99599716319647769,210762,0.0029205845365052351,454.91511512458038
chr2,chr9,240547740,168383418,528775,2163846,72164321,16.412533326243775,0.0010822522670171039,0.99584228056410318,0.9947600282970861,300039,0.004157719435896861,454.91511512458038
chr2,chr10,240547740,168383418,528775,2227379,72164321,16.412533326243775,0.0010822522670171039,0.99688128431222955,0.99579903204521247,225060,0.003118715687770415,454.91511512458038
chr2,chr11,240547740,168383418,528775,2238941,72164321,16.412533326243775,0.0010822522670171039,0.99700162078709231,0.99591936852007523,216376,0.0029983792129077195,454.91511512458038
chr2,chr12,240547740,168383418,528775,2192315,72164321,16.412533326243775,0.0010822522670171039,0.99634123904526173,0.99525898677824465,264032,0.0036587609547382841,454.91511512458038
chr2,chr13,240547740,168383418,528775,2079703,72164321,16.412533326243775,0.0010822522670171039,0.99414365722362996,0.99306140495661288,422619,0.0058563427763700573,454.91511512458038
chr2,chr14,240547740,168383418,528775,2077162,72164321,16.412533326243775,0.0010822522670171039,0.99409755410849077,0.99301530184147369,425946,0.0059024458915091851,454.91511512458038
chr2,chr15,240547740,168383418,528775,2087345,72164321,16.412533326243775,0.0010822522670171039,0.99417889624430889,0.9930966439772918,420076,0.0058211037556911262,454.91511512458038
PS H:\kdna_opencl_with_inspector_krun> .\build_vs\Release\kdna_genome_library.exe `
>>   --dir .\GenomeOutFull `
>>   --human24 `
>>   --matrix .\GenomeOutFull\human_chr1_22_XY_full_k16.kgenome `
>>   --matrix-csv .\GenomeOutFull\human_chr1_22_XY_full_k16.csv `
>>   --out .\GenomeOutFull\human_kdna_library.kglib `
>>   --json .\GenomeOutFull\human_kdna_library.json `
>>   --csv .\GenomeOutFull\human_kdna_library.csv
kdna_genome_library: wrote .\GenomeOutFull\human_kdna_library.kglib .\GenomeOutFull\human_kdna_library.json .\GenomeOutFull\human_kdna_library.csv chroms=24 complete=yes total_raw_symbols=2937624999 total_kdna_symbols=2937624999 total_kgram_rules=51119828 artifact_bytes=60088935167
PS H:\kdna_opencl_with_inspector_krun> .\build_vs\Release\kdna_genome_library.exe `
>>   --a .\GenomeOutFull\human_kdna_library.kglib
file: KGLIB chroms:24 record_bytes:1024 payload:24576 flags:0x1f raw_symbols:2937624999 kdna_symbols:2937624999 kgram_rules:51119828 artifact_bytes:60088935167 matrix_hash:0x13e193787d66b3ef csv_hash:0x7da655d65d261121
chr1 complete:yes raw:230478786 kdna:230478786 kfsum:230478786 rules:2377244 source_n:230478786 status:0xff
chr2 complete:yes raw:240547740 kdna:240547740 kfsum:240547740 rules:2370549 source_n:240547740 status:0xff
chr3 complete:yes raw:198099715 kdna:198099715 kfsum:198099715 rules:2306226 source_n:198099715 status:0xff
chr4 complete:yes raw:189752412 kdna:189752412 kfsum:189752412 rules:2277542 source_n:189752412 status:0xff
chr5 complete:yes raw:181264838 kdna:181264838 kfsum:181264838 rules:2259125 source_n:181264838 status:0xff
chr6 complete:yes raw:170078297 kdna:170078297 kfsum:170078297 rules:2272646 source_n:170078297 status:0xff
chr7 complete:yes raw:158969846 kdna:158969846 kfsum:158969846 rules:2273356 source_n:158969846 status:0xff
chr8 complete:yes raw:144767971 kdna:144767971 kfsum:144767971 rules:2241038 source_n:144767971 status:0xff
chr9 complete:yes raw:121789875 kdna:121789875 kfsum:121789875 rules:2163846 source_n:121789875 status:0xff
chr10 complete:yes raw:133261791 kdna:133261791 kfsum:133261791 rules:2227379 source_n:133261791 status:0xff
chr11 complete:yes raw:134533502 kdna:134533502 kfsum:134533502 rules:2238941 source_n:134533502 status:0xff
chr12 complete:yes raw:133137381 kdna:133137381 kfsum:133137381 rules:2192315 source_n:133137381 status:0xff
chr13 complete:yes raw:97982809 kdna:97982809 kfsum:97982809 rules:2079703 source_n:97982809 status:0xff
chr14 complete:yes raw:90567789 kdna:90567789 kfsum:90567789 rules:2077162 source_n:90567789 status:0xff
chr15 complete:yes raw:84641066 kdna:84641066 kfsum:84641066 rules:2087345 source_n:84641066 status:0xff
chr16 complete:yes raw:81805628 kdna:81805628 kfsum:81805628 rules:2121650 source_n:81805628 status:0xff
chr17 complete:yes raw:82919499 kdna:82919499 kfsum:82919499 rules:2125568 source_n:82919499 status:0xff
chr18 complete:yes raw:80088870 kdna:80088870 kfsum:80088870 rules:2027957 source_n:80088870 status:0xff
chr19 complete:yes raw:58440638 kdna:58440638 kfsum:58440638 rules:2014057 source_n:58440638 status:0xff
chr20 complete:yes raw:63942922 kdna:63942922 kfsum:63942922 rules:2008213 source_n:63942922 status:0xff
chr21 complete:yes raw:40087854 kdna:40087854 kfsum:40087854 rules:1742929 source_n:40087854 status:0xff
chr22 complete:yes raw:39159057 kdna:39159057 kfsum:39159057 rules:1843749 source_n:39159057 status:0xff
chrX complete:yes raw:154892552 kdna:154892552 kfsum:154892552 rules:2209384 source_n:154892552 status:0xff
chrY complete:yes raw:26414161 kdna:26414161 kfsum:26414161 rules:1581904 source_n:26414161 status:0xff
PS H:\kdna_opencl_with_inspector_krun>
PS H:\kdna_opencl_with_inspector_krun> Get-Content .\GenomeOutFull\human_kdna_library.csv -TotalCount 30
name,status_flags,raw_symbols,kdna_symbols,kfsum_symbols,kgram_rules,kgram_source_n,raw_bytes,kdna_bytes,kgram_bytes,raw_hash,kfsum_hash,kdna_hash,kgram_hash,bases_total,bases_valid,bases_invalid,resets,contigs
chr1,0xff,230478786,230478786,230478786,2377244,230478786,1843830288,1843830288,608574592,0xe2e88054f28e5a4b,0x825e25763fe5ed9b,0xec3a63f28956c9ad,0xa01bde7628a92ab8,248956422,230481012,18475410,167,1
chr2,0xff,240547740,240547740,240547740,2370549,240547740,1924381920,1924381920,606860672,0xe7547cda73709059,0x615d009a157068e8,0x42d684190f252364,0x4dd7e7f26d3fa1f7,242193529,240548228,1645301,34,1
chr3,0xff,198099715,198099715,198099715,2306226,198099715,1584797720,1584797720,590393984,0x88a1893f74ff9905,0x979aabc431d30cc2,0x64d63d0fe4c885f9,0x8ab3d37ca46c699c,198295559,198100135,195424,28,1
chr4,0xff,189752412,189752412,189752412,2277542,189752412,1518019296,1518019296,583050880,0x71139e7bc8827bb6,0x9eeb63969db9e535,0x9a43c14c8593fbf2,0x528ce7f73b3c3d55,190214555,189752667,461888,17,1
chr5,0xff,181264838,181264838,181264838,2259125,181264838,1450118704,1450118704,578336128,0xfd2ec7d1229e4268,0x4ee8d840baa79d84,0x463aee3b00135817,0xec21c88ae07eeac9,181538259,181265378,272881,36,1
chr6,0xff,170078297,170078297,170078297,2272646,170078297,1360626376,1360626376,581797504,0x7b6a6e11d75845ab,0xa87f2ad7ae147ae8,0xfd2090286c9561d5,0x63fb9a5ac300101c,170805979,170078522,727457,15,1
chr7,0xff,158969846,158969846,158969846,2273356,158969846,1271758768,1271758768,581979264,0x77e2eaef98708326,0xe4bc274240797ecf,0x027fa7aecf0c6548,0xa76e66e8a314eae4,159345973,158970131,375842,19,1
chr8,0xff,144767971,144767971,144767971,2241038,144767971,1158143768,1158143768,573705856,0x7c1289a25c1d3bdb,0xc56b0c14634390fc,0x65d5ae911dbc2e50,0x16787ab894e456f6,145138636,144768136,370500,11,1
chr9,0xff,121789875,121789875,121789875,2163846,121789875,974319000,974319000,553944704,0x8034c5e9f53752c4,0x3218d1e0fa977003,0x6a77475bcb1f9a6b,0x5e3b89f8380d633b,138394717,121790550,16604167,45,1
chr10,0xff,133261791,133261791,133261791,2227379,133261791,1066094328,1066094328,570209152,0x83bc9b459ed5e7dc,0x14db11af97df5041,0xd19ece02bfeaf7e3,0x7809c7632f32970d,133797422,133262962,534460,79,1
chr11,0xff,134533502,134533502,134533502,2238941,134533502,1076268016,1076268016,573169024,0x511e90a9adb9324c,0x5bfd36dbb6040da5,0x494203f5316ad402,0x5bc1fe0c228e0ad5,135086622,134533742,552880,16,1
chr12,0xff,133137381,133137381,133137381,2192315,133137381,1065099048,1065099048,561232768,0x107f69d71db200df,0x481ce7928f984dee,0x58249cb687c8bd40,0x7fb5dc20e521523b,133275309,133137816,137493,29,1
chr13,0xff,97982809,97982809,97982809,2079703,97982809,783862472,783862472,532404096,0xcc3e68a8c26eaf5d,0xb547a05f13619d6b,0x8a29b1b6ffc74364,0xfb02a60591017b00,114364328,97983125,16381203,22,1
chr14,0xff,90567789,90567789,90567789,2077162,90567789,724542312,724542312,531753600,0xdda80d9fdb1a4436,0x3fab0dcf720edda6,0x83e8b8d5174b90d7,0x92888e4f23b5c9c6,107043718,90568149,16475569,24,1
chr15,0xff,84641066,84641066,84641066,2087345,84641066,677128528,677128528,534360448,0x54d3f635e845f097,0x67de657e53f21abd,0xde744eb0e5dd2281,0xf51715253de041ee,101991189,84641325,17349864,18,1
chr16,0xff,81805628,81805628,81805628,2121650,81805628,654445024,654445024,543142528,0xdc1e3b0e3d10d08d,0x8954b0b7344e0897,0x9c690542c713a963,0x4dc6f87e74508c3a,90338345,81805943,8532402,21,1
chr17,0xff,82919499,82919499,82919499,2125568,82919499,663355992,663355992,544145536,0x753f3a1de130e7e2,0x808b5d0efd185e1b,0x0db7c4bd398552eb,0x10fb7101c5fcd9c5,83257441,82920204,337237,47,1
chr18,0xff,80088870,80088870,80088870,2027957,80088870,640710960,640710960,519157120,0x1d0ada43ff47d3f7,0x7e6d49e16a1c0273,0xf3a4b0be93e38f84,0x3620bbca250de685,80373285,80089605,283680,60,1
chr19,0xff,58440638,58440638,58440638,2014057,58440638,467525104,467525104,515598720,0xce9b99107b56588f,0x2e93bdad59a30305,0x103111193d22f03a,0xa8dec3ae245d5c18,58617616,58440758,176858,8,1
chr20,0xff,63942922,63942922,63942922,2008213,63942922,511543376,511543376,514102656,0x57a12a8a856ba150,0xe92325bfecc2fdae,0x3e15b11169f09cf5,0x73391f7de079ccec,64444167,63944257,499910,89,1
chr21,0xff,40087854,40087854,40087854,1742929,40087854,320702832,320702832,446189952,0x6a19fbae27bd6baa,0x951c83acce2548f1,0x8a3ce6763db45f28,0x41c5613f05c64fd2,46709983,40088619,6621364,51,1
chr22,0xff,39159057,39159057,39159057,1843749,39159057,313272456,313272456,471999872,0x7df2ca46e1ddd2f2,0x9febc5b838f50e43,0x119a42c98dac927d,0x1f0b9f12f75d894c,50818468,39159777,11658691,48,1
chrX,0xff,154892552,154892552,154892552,2209384,154892552,1239140416,1239140416,565602432,0x2c4baff783d22971,0xedc58b7a542424c6,0xac067ac9ea54f3ae,0xab6a17c0691a44ac,156040895,154893029,1147866,33,1
chrY,0xff,26414161,26414161,26414161,1581904,26414161,211313288,211313288,404967552,0xc0fddc4c9e27c60a,0x35691903b6d619f8,0x46afc2dd1437a609,0xb2330204dd427c3c,57227415,26415043,30812372,60,1
PS H:\kdna_opencl_with_inspector_krun> Get-Content .\GenomeOutFull\human_kdna_library.json -TotalCount 80
{
  "magic":"KGLIB001",
  "version":1,
  "chrom_count":24,
  "flags":"0x1f",
  "total_raw_symbols":2937624999,
  "total_kdna_symbols":2937624999,
  "total_kgram_rules":51119828,
  "total_artifact_bytes":60088935167,
  "matrix":{"path":".\GenomeOutFull\human_chr1_22_XY_full_k16.kgenome","hash":"0x13e193787d66b3ef","present":true},
  "matrix_csv":{"path":".\GenomeOutFull\human_chr1_22_XY_full_k16.csv","hash":"0x7da655d65d261121","present":true},
  "chromosomes":[
    {"name":"chr1","complete":true,"status":"0xff","raw_symbols":230478786,"kdna_symbols":230478786,"kfsum_symbols":230478786,"kgram_rules":2377244,"kgram_source_n":230478786,"bases_total":248956422,"bases_valid":230481012,"bases_invalid":18475410,"raw_hash":"0xe2e88054f28e5a4b","kdna_hash":"0xec3a63f28956c9ad","kgram_hash":"0xa01bde7628a92ab8"},
    {"name":"chr2","complete":true,"status":"0xff","raw_symbols":240547740,"kdna_symbols":240547740,"kfsum_symbols":240547740,"kgram_rules":2370549,"kgram_source_n":240547740,"bases_total":242193529,"bases_valid":240548228,"bases_invalid":1645301,"raw_hash":"0xe7547cda73709059","kdna_hash":"0x42d684190f252364","kgram_hash":"0x4dd7e7f26d3fa1f7"},
    {"name":"chr3","complete":true,"status":"0xff","raw_symbols":198099715,"kdna_symbols":198099715,"kfsum_symbols":198099715,"kgram_rules":2306226,"kgram_source_n":198099715,"bases_total":198295559,"bases_valid":198100135,"bases_invalid":195424,"raw_hash":"0x88a1893f74ff9905","kdna_hash":"0x64d63d0fe4c885f9","kgram_hash":"0x8ab3d37ca46c699c"},
    {"name":"chr4","complete":true,"status":"0xff","raw_symbols":189752412,"kdna_symbols":189752412,"kfsum_symbols":189752412,"kgram_rules":2277542,"kgram_source_n":189752412,"bases_total":190214555,"bases_valid":189752667,"bases_invalid":461888,"raw_hash":"0x71139e7bc8827bb6","kdna_hash":"0x9a43c14c8593fbf2","kgram_hash":"0x528ce7f73b3c3d55"},
    {"name":"chr5","complete":true,"status":"0xff","raw_symbols":181264838,"kdna_symbols":181264838,"kfsum_symbols":181264838,"kgram_rules":2259125,"kgram_source_n":181264838,"bases_total":181538259,"bases_valid":181265378,"bases_invalid":272881,"raw_hash":"0xfd2ec7d1229e4268","kdna_hash":"0x463aee3b00135817","kgram_hash":"0xec21c88ae07eeac9"},
    {"name":"chr6","complete":true,"status":"0xff","raw_symbols":170078297,"kdna_symbols":170078297,"kfsum_symbols":170078297,"kgram_rules":2272646,"kgram_source_n":170078297,"bases_total":170805979,"bases_valid":170078522,"bases_invalid":727457,"raw_hash":"0x7b6a6e11d75845ab","kdna_hash":"0xfd2090286c9561d5","kgram_hash":"0x63fb9a5ac300101c"},
    {"name":"chr7","complete":true,"status":"0xff","raw_symbols":158969846,"kdna_symbols":158969846,"kfsum_symbols":158969846,"kgram_rules":2273356,"kgram_source_n":158969846,"bases_total":159345973,"bases_valid":158970131,"bases_invalid":375842,"raw_hash":"0x77e2eaef98708326","kdna_hash":"0x027fa7aecf0c6548","kgram_hash":"0xa76e66e8a314eae4"},
    {"name":"chr8","complete":true,"status":"0xff","raw_symbols":144767971,"kdna_symbols":144767971,"kfsum_symbols":144767971,"kgram_rules":2241038,"kgram_source_n":144767971,"bases_total":145138636,"bases_valid":144768136,"bases_invalid":370500,"raw_hash":"0x7c1289a25c1d3bdb","kdna_hash":"0x65d5ae911dbc2e50","kgram_hash":"0x16787ab894e456f6"},
    {"name":"chr9","complete":true,"status":"0xff","raw_symbols":121789875,"kdna_symbols":121789875,"kfsum_symbols":121789875,"kgram_rules":2163846,"kgram_source_n":121789875,"bases_total":138394717,"bases_valid":121790550,"bases_invalid":16604167,"raw_hash":"0x8034c5e9f53752c4","kdna_hash":"0x6a77475bcb1f9a6b","kgram_hash":"0x5e3b89f8380d633b"},
    {"name":"chr10","complete":true,"status":"0xff","raw_symbols":133261791,"kdna_symbols":133261791,"kfsum_symbols":133261791,"kgram_rules":2227379,"kgram_source_n":133261791,"bases_total":133797422,"bases_valid":133262962,"bases_invalid":534460,"raw_hash":"0x83bc9b459ed5e7dc","kdna_hash":"0xd19ece02bfeaf7e3","kgram_hash":"0x7809c7632f32970d"},
    {"name":"chr11","complete":true,"status":"0xff","raw_symbols":134533502,"kdna_symbols":134533502,"kfsum_symbols":134533502,"kgram_rules":2238941,"kgram_source_n":134533502,"bases_total":135086622,"bases_valid":134533742,"bases_invalid":552880,"raw_hash":"0x511e90a9adb9324c","kdna_hash":"0x494203f5316ad402","kgram_hash":"0x5bc1fe0c228e0ad5"},
    {"name":"chr12","complete":true,"status":"0xff","raw_symbols":133137381,"kdna_symbols":133137381,"kfsum_symbols":133137381,"kgram_rules":2192315,"kgram_source_n":133137381,"bases_total":133275309,"bases_valid":133137816,"bases_invalid":137493,"raw_hash":"0x107f69d71db200df","kdna_hash":"0x58249cb687c8bd40","kgram_hash":"0x7fb5dc20e521523b"},
    {"name":"chr13","complete":true,"status":"0xff","raw_symbols":97982809,"kdna_symbols":97982809,"kfsum_symbols":97982809,"kgram_rules":2079703,"kgram_source_n":97982809,"bases_total":114364328,"bases_valid":97983125,"bases_invalid":16381203,"raw_hash":"0xcc3e68a8c26eaf5d","kdna_hash":"0x8a29b1b6ffc74364","kgram_hash":"0xfb02a60591017b00"},
    {"name":"chr14","complete":true,"status":"0xff","raw_symbols":90567789,"kdna_symbols":90567789,"kfsum_symbols":90567789,"kgram_rules":2077162,"kgram_source_n":90567789,"bases_total":107043718,"bases_valid":90568149,"bases_invalid":16475569,"raw_hash":"0xdda80d9fdb1a4436","kdna_hash":"0x83e8b8d5174b90d7","kgram_hash":"0x92888e4f23b5c9c6"},
    {"name":"chr15","complete":true,"status":"0xff","raw_symbols":84641066,"kdna_symbols":84641066,"kfsum_symbols":84641066,"kgram_rules":2087345,"kgram_source_n":84641066,"bases_total":101991189,"bases_valid":84641325,"bases_invalid":17349864,"raw_hash":"0x54d3f635e845f097","kdna_hash":"0xde744eb0e5dd2281","kgram_hash":"0xf51715253de041ee"},
    {"name":"chr16","complete":true,"status":"0xff","raw_symbols":81805628,"kdna_symbols":81805628,"kfsum_symbols":81805628,"kgram_rules":2121650,"kgram_source_n":81805628,"bases_total":90338345,"bases_valid":81805943,"bases_invalid":8532402,"raw_hash":"0xdc1e3b0e3d10d08d","kdna_hash":"0x9c690542c713a963","kgram_hash":"0x4dc6f87e74508c3a"},
    {"name":"chr17","complete":true,"status":"0xff","raw_symbols":82919499,"kdna_symbols":82919499,"kfsum_symbols":82919499,"kgram_rules":2125568,"kgram_source_n":82919499,"bases_total":83257441,"bases_valid":82920204,"bases_invalid":337237,"raw_hash":"0x753f3a1de130e7e2","kdna_hash":"0x0db7c4bd398552eb","kgram_hash":"0x10fb7101c5fcd9c5"},
    {"name":"chr18","complete":true,"status":"0xff","raw_symbols":80088870,"kdna_symbols":80088870,"kfsum_symbols":80088870,"kgram_rules":2027957,"kgram_source_n":80088870,"bases_total":80373285,"bases_valid":80089605,"bases_invalid":283680,"raw_hash":"0x1d0ada43ff47d3f7","kdna_hash":"0xf3a4b0be93e38f84","kgram_hash":"0x3620bbca250de685"},
    {"name":"chr19","complete":true,"status":"0xff","raw_symbols":58440638,"kdna_symbols":58440638,"kfsum_symbols":58440638,"kgram_rules":2014057,"kgram_source_n":58440638,"bases_total":58617616,"bases_valid":58440758,"bases_invalid":176858,"raw_hash":"0xce9b99107b56588f","kdna_hash":"0x103111193d22f03a","kgram_hash":"0xa8dec3ae245d5c18"},
    {"name":"chr20","complete":true,"status":"0xff","raw_symbols":63942922,"kdna_symbols":63942922,"kfsum_symbols":63942922,"kgram_rules":2008213,"kgram_source_n":63942922,"bases_total":64444167,"bases_valid":63944257,"bases_invalid":499910,"raw_hash":"0x57a12a8a856ba150","kdna_hash":"0x3e15b11169f09cf5","kgram_hash":"0x73391f7de079ccec"},
    {"name":"chr21","complete":true,"status":"0xff","raw_symbols":40087854,"kdna_symbols":40087854,"kfsum_symbols":40087854,"kgram_rules":1742929,"kgram_source_n":40087854,"bases_total":46709983,"bases_valid":40088619,"bases_invalid":6621364,"raw_hash":"0x6a19fbae27bd6baa","kdna_hash":"0x8a3ce6763db45f28","kgram_hash":"0x41c5613f05c64fd2"},
    {"name":"chr22","complete":true,"status":"0xff","raw_symbols":39159057,"kdna_symbols":39159057,"kfsum_symbols":39159057,"kgram_rules":1843749,"kgram_source_n":39159057,"bases_total":50818468,"bases_valid":39159777,"bases_invalid":11658691,"raw_hash":"0x7df2ca46e1ddd2f2","kdna_hash":"0x119a42c98dac927d","kgram_hash":"0x1f0b9f12f75d894c"},
    {"name":"chrX","complete":true,"status":"0xff","raw_symbols":154892552,"kdna_symbols":154892552,"kfsum_symbols":154892552,"kgram_rules":2209384,"kgram_source_n":154892552,"bases_total":156040895,"bases_valid":154893029,"bases_invalid":1147866,"raw_hash":"0x2c4baff783d22971","kdna_hash":"0xac067ac9ea54f3ae","kgram_hash":"0xab6a17c0691a44ac"},
    {"name":"chrY","complete":true,"status":"0xff","raw_symbols":26414161,"kdna_symbols":26414161,"kfsum_symbols":26414161,"kgram_rules":1581904,"kgram_source_n":26414161,"bases_total":57227415,"bases_valid":26415043,"bases_invalid":30812372,"raw_hash":"0xc0fddc4c9e27c60a","kdna_hash":"0x46afc2dd1437a609","kgram_hash":"0xb2330204dd427c3c"}
  ]
}
PS H:\kdna_opencl_with_inspector_krun> .\scripts\kgenome_report.ps1 `
>>   -Dir .\GenomeOutFull `
>>   -LibraryJson .\GenomeOutFull\human_kdna_library.json `
>>   -LibraryCsv .\GenomeOutFull\human_kdna_library.csv `
>>   -MatrixCsv .\GenomeOutFull\human_chr1_22_XY_full_k16.csv `
>>   -OutDir .\GenomeOutFull\Report `
>>   -Top 50
KGENOME report written:
  .\GenomeOutFull\Report\KGENOME_REPORT.md
  .\GenomeOutFull\Report\KGENOME_REPORT.html
  .\GenomeOutFull\Report\report_manifest.json
  .\GenomeOutFull\Report\figures\lift_heatmap.svg
  .\GenomeOutFull\Report\figures\accuracy_heatmap.svg
  .\GenomeOutFull\Report\figures\surprise_heatmap.svg
PS H:\kdna_opencl_with_inspector_krun> Start-Process .\GenomeOutFull\ReportV2\KGENOME_REPORT_V2.html
PS H:\kdna_opencl_with_inspector_krun> Start-Process .\GenomeOutFull\Report\KGENOME_REPORT.html
PS H:\kdna_opencl_with_inspector_krun>



PS H:\kdna_opencl_with_inspector_krun> .\scripts\apply_kgenome_report_v3_cmake_patch.ps1
CMakeLists.txt erweitert: kdna_null_matrix.
PS H:\kdna_opencl_with_inspector_krun> $CMAKE_EXE  = "C:\Program Files\CMake\bin\cmake.exe"
PS H:\kdna_opencl_with_inspector_krun>
PS H:\kdna_opencl_with_inspector_krun> & $CMAKE_EXE -S . -B build_vs `
>>   -G "Visual Studio 17 2022" `
>>   -A x64
-- Selecting Windows SDK version 10.0.26100.0 to target Windows 10.0.29599.
-- Configuring done (0.0s)
-- Generating done (0.6s)
-- Build files have been written to: H:/kdna_opencl_with_inspector_krun/build_vs
PS H:\kdna_opencl_with_inspector_krun>
PS H:\kdna_opencl_with_inspector_krun> & $CMAKE_EXE --build build_vs --config Release --parallel
MSBuild-Version 17.14.40+3e7442088 für .NET Framework

  kdna.vcxproj -> H:\kdna_opencl_with_inspector_krun\build_vs\Release\kdna.
  lib
  kdna_library.vcxproj -> H:\kdna_opencl_with_inspector_krun\build_vs\Relea
  se\kdna_library.exe
  kdna_benchmark.vcxproj -> H:\kdna_opencl_with_inspector_krun\build_vs\Rel
  ease\kdna_benchmark.exe
  kdna_genesis.vcxproj -> H:\kdna_opencl_with_inspector_krun\build_vs\Relea
  se\kdna_genesis.exe
  kdna_demo.vcxproj -> H:\kdna_opencl_with_inspector_krun\build_vs\Release\
  kdna_demo.exe
  kdna_genome_matrix.vcxproj -> H:\kdna_opencl_with_inspector_krun\build_vs
  \Release\kdna_genome_matrix.exe
  kdna_genesis_export.vcxproj -> H:\kdna_opencl_with_inspector_krun\build_v
  s\Release\kdna_genesis_export.exe
  kdna_gram.vcxproj -> H:\kdna_opencl_with_inspector_krun\build_vs\Release\
  kdna_gram.exe
  kdna_dynamics.vcxproj -> H:\kdna_opencl_with_inspector_krun\build_vs\Rele
  ase\kdna_dynamics.exe
  kdna_fasta_symbols.vcxproj -> H:\kdna_opencl_with_inspector_krun\build_vs
  \Release\kdna_fasta_symbols.exe
  kdna_experiment.vcxproj -> H:\kdna_opencl_with_inspector_krun\build_vs\Re
  lease\kdna_experiment.exe
  kdna_genome_library.vcxproj -> H:\kdna_opencl_with_inspector_krun\build_v
  s\Release\kdna_genome_library.exe
  kdna_inspect.vcxproj -> H:\kdna_opencl_with_inspector_krun\build_vs\Relea
  se\kdna_inspect.exe
  kdna_manifest.vcxproj -> H:\kdna_opencl_with_inspector_krun\build_vs\Rele
  ase\kdna_manifest.exe
  kdna_project.vcxproj -> H:\kdna_opencl_with_inspector_krun\build_vs\Relea
  se\kdna_project.exe
  kdna_probe.vcxproj -> H:\kdna_opencl_with_inspector_krun\build_vs\Release
  \kdna_probe.exe
  Building Custom Rule H:/kdna_opencl_with_inspector_krun/CMakeLists.txt
  kdna_query.vcxproj -> H:\kdna_opencl_with_inspector_krun\build_vs\Release
  \kdna_query.exe
  kdna_region.vcxproj -> H:\kdna_opencl_with_inspector_krun\build_vs\Releas
  e\kdna_region.exe
  kdna_reinject.vcxproj -> H:\kdna_opencl_with_inspector_krun\build_vs\Rele
  ase\kdna_reinject.exe
  kdna_run.vcxproj -> H:\kdna_opencl_with_inspector_krun\build_vs\Release\k
  dna_run.exe
  kdna_scan.vcxproj -> H:\kdna_opencl_with_inspector_krun\build_vs\Release\
  kdna_scan.exe
  kdna_symbol_gram.vcxproj -> H:\kdna_opencl_with_inspector_krun\build_vs\R
  elease\kdna_symbol_gram.exe
  kdna_sweep.vcxproj -> H:\kdna_opencl_with_inspector_krun\build_vs\Release
  \kdna_sweep.exe
  kdna_variant_gram.vcxproj -> H:\kdna_opencl_with_inspector_krun\build_vs\
  Release\kdna_variant_gram.exe
  kdna_null_matrix.c
  kdna_variants.vcxproj -> H:\kdna_opencl_with_inspector_krun\build_vs\Rele
  ase\kdna_variants.exe
  test_cpu_invariants.vcxproj -> H:\kdna_opencl_with_inspector_krun\build_v
  s\Release\test_cpu_invariants.exe
  test_fasta_symbols.vcxproj -> H:\kdna_opencl_with_inspector_krun\build_vs
  \Release\test_fasta_symbols.exe
  test_kexp.vcxproj -> H:\kdna_opencl_with_inspector_krun\build_vs\Release\
  test_kexp.exe
  test_kexp_sweep.vcxproj -> H:\kdna_opencl_with_inspector_krun\build_vs\Re
  lease\test_kexp_sweep.exe
  test_kgen.vcxproj -> H:\kdna_opencl_with_inspector_krun\build_vs\Release\
  test_kgen.exe
  test_kgen_export_ksoa.vcxproj -> H:\kdna_opencl_with_inspector_krun\build
  _vs\Release\test_kgen_export_ksoa.exe
  test_kglib.vcxproj -> H:\kdna_opencl_with_inspector_krun\build_vs\Release
  \test_kglib.exe
  test_kgen_opencl_diff.vcxproj -> H:\kdna_opencl_with_inspector_krun\build
  _vs\Release\test_kgen_opencl_diff.exe
  test_kgram.vcxproj -> H:\kdna_opencl_with_inspector_krun\build_vs\Release
  \test_kgram.exe
  test_kgenome.vcxproj -> H:\kdna_opencl_with_inspector_krun\build_vs\Relea
  se\test_kgenome.exe
  test_klib.vcxproj -> H:\kdna_opencl_with_inspector_krun\build_vs\Release\
  test_klib.exe
  kdna_null_matrix.vcxproj -> H:\kdna_opencl_with_inspector_krun\build_vs\R
  elease\kdna_null_matrix.exe
  test_kreg.vcxproj -> H:\kdna_opencl_with_inspector_krun\build_vs\Release\
  test_kreg.exe
  test_kmap.vcxproj -> H:\kdna_opencl_with_inspector_krun\build_vs\Release\
  test_kmap.exe
  test_krun.vcxproj -> H:\kdna_opencl_with_inspector_krun\build_vs\Release\
  test_krun.exe
  test_ksieve.vcxproj -> H:\kdna_opencl_with_inspector_krun\build_vs\Releas
  e\test_ksieve.exe
  test_kvar.vcxproj -> H:\kdna_opencl_with_inspector_krun\build_vs\Release\
  test_kvar.exe
  test_opencl_diff.vcxproj -> H:\kdna_opencl_with_inspector_krun\build_vs\R
  elease\test_opencl_diff.exe
  test_reinject.vcxproj -> H:\kdna_opencl_with_inspector_krun\build_vs\Rele
  ase\test_reinject.exe
  test_scan_ksoa.vcxproj -> H:\kdna_opencl_with_inspector_krun\build_vs\Rel
  ease\test_scan_ksoa.exe
  test_symbol_gram.vcxproj -> H:\kdna_opencl_with_inspector_krun\build_vs\R
  elease\test_symbol_gram.exe
PS H:\kdna_opencl_with_inspector_krun>
PS H:\kdna_opencl_with_inspector_krun> Test-Path .\build_vs\Release\kdna_null_matrix.exem
False
PS H:\kdna_opencl_with_inspector_krun> .\scripts\kgenome_report_v3.ps1 `
>>   -Dir .\GenomeOutFull `
>>   -MatrixCsv .\GenomeOutFull\human_chr1_22_XY_full_k16.csv `
>>   -OutDir .\GenomeOutFull\ReportV3 `
>>   -SamplePerCell 200000 `
>>   -Train 0.70 `
>>   -Seed 0x4b444e414e554c4c `
>>   -BlockSize 4096 `
>>   -RotationOffset 4096
kdna_null_matrix: row=chr1 n=230478786
kdna_null_matrix: row=chr2 n=240547740
kdna_null_matrix: row=chr3 n=198099715
kdna_null_matrix: row=chr4 n=189752412
kdna_null_matrix: row=chr5 n=181264838
kdna_null_matrix: row=chr6 n=170078297
kdna_null_matrix: row=chr7 n=158969846
kdna_null_matrix: row=chr8 n=144767971
kdna_null_matrix: row=chr9 n=121789875
kdna_null_matrix: row=chr10 n=133261791
kdna_null_matrix: row=chr11 n=134533502
kdna_null_matrix: row=chr12 n=133137381
kdna_null_matrix: row=chr13 n=97982809
kdna_null_matrix: row=chr14 n=90567789
kdna_null_matrix: row=chr15 n=84641066
kdna_null_matrix: row=chr16 n=81805628
kdna_null_matrix: row=chr17 n=82919499
kdna_null_matrix: row=chr18 n=80088870
kdna_null_matrix: row=chr19 n=58440638
kdna_null_matrix: row=chr20 n=63942922
kdna_null_matrix: row=chr21 n=40087854
kdna_null_matrix: row=chr22 n=39159057
kdna_null_matrix: row=chrX n=154892552
kdna_null_matrix: row=chrY n=26414161
kdna_null_matrix: wrote .\GenomeOutFull\ReportV3\null_models.csv modes=all sample_per_cell=200000 train=0.69999999999999996
KGENOME_REPORT v3 written:
  .\GenomeOutFull\ReportV3\KGENOME_REPORT_V3.md
  .\GenomeOutFull\ReportV3\KGENOME_REPORT_V3.html
  .\GenomeOutFull\ReportV3\controls\null_summary.csv
PS H:\kdna_opencl_with_inspector_krun> .\scripts\kgenome_report_v2_0_4_fixed.ps1 `
>>   -Dir .\GenomeOutFull `
>>   -LibraryJson .\GenomeOutFull\human_kdna_library.json `
>>   -LibraryCsv .\GenomeOutFull\human_kdna_library.csv `
>>   -MatrixCsv .\GenomeOutFull\human_chr1_22_XY_full_k16.csv `
>>   -OutDir .\GenomeOutFull\ReportV2 `
>>   -Top 50 `
>>   -PermutationRounds 10000 `
>>   -HistogramBins 32
KGENOME report v2.0.4 written:
  .\GenomeOutFull\ReportV2\KGENOME_REPORT_V2.md
  .\GenomeOutFull\ReportV2\KGENOME_REPORT_V2.html
  .\GenomeOutFull\ReportV2\report_v2_manifest.json
  .\GenomeOutFull\ReportV2\figures\cross_lift_distribution.svg
  .\GenomeOutFull\ReportV2\figures\self_lift_distribution.svg
  .\GenomeOutFull\ReportV2\figures\asymmetry_distribution.svg
  .\GenomeOutFull\ReportV2\figures\self_vs_cross_scatter.svg
PS H:\kdna_opencl_with_inspector_krun> .\scripts\kgenome_report.ps1 `
>>   -Dir .\GenomeOutFull `
>>   -LibraryJson .\GenomeOutFull\human_kdna_library.json `
>>   -LibraryCsv .\GenomeOutFull\human_kdna_library.csv `
>>   -MatrixCsv .\GenomeOutFull\human_chr1_22_XY_full_k16.csv `
>>   -OutDir .\GenomeOutFull\ReportV1 `
>>   -Top 50 `
>>   -PermutationRounds 10000 `
>>   -HistogramBins 32
KGENOME report written:
  .\GenomeOutFull\ReportV1\KGENOME_REPORT.md
  .\GenomeOutFull\ReportV1\KGENOME_REPORT.html
  .\GenomeOutFull\ReportV1\report_manifest.json
  .\GenomeOutFull\ReportV1\figures\lift_heatmap.svg
  .\GenomeOutFull\ReportV1\figures\accuracy_heatmap.svg
  .\GenomeOutFull\ReportV1\figures\surprise_heatmap.svg
PS H:\kdna_opencl_with_inspector_krun>





## sprachen:

PS H:\kdna_opencl_with_inspector_krun> Remove-Item -Recurse -Force .\LangOut_smoke -ErrorAction SilentlyContinue
PS H:\kdna_opencl_with_inspector_krun>
PS H:\kdna_opencl_with_inspector_krun> .\scripts\klang_2x2_experiment.ps1 `
>>   -DeConllu .\de_gsd-ud-train.conllu `
>>   -EnConllu .\en_ewt-ud-train.conllu `
>>   -OutDir .\LangOut_smoke `
>>   -Field upos `
>>   -Window 2 `
>>   -SymbolBits 32 `
>>   -Train 0.70 `
>>   -Backend cpu `
>>   -NullSamples 0 `
>>   -MaxAutoNullSamples 10000
=== KLANG CoNLL-U -> KSTREAM: de field=upos window=2 ===
kdna_stream_conllu: in=.\de_gsd-ud-train.conllu out=.\LangOut_smoke\de_upos_w2.u64 field=upos window=2 stride=1 boundary=reset symbol_bits=32 records=263777 symbols=249964 skipped=4610 invalid=0
summary=.\LangOut_smoke\de_upos_w2.kstream
file: KSTREAM kind:4 flags:0x00000017 symbol_bits:32 window:2 stride:1 bins:0
source:de_gsd-ud-train.conllu input_bytes:19637803 records:263777 symbols:249964 skipped:4610 invalid:0 max_symbols:0 payload:1999712
min:0 max:0 scale:0 offset:0 input_hash:0xe65c5cb8d2167e4e symbol_hash:0xf6d237628739e0de
=== KSTREAM -> KDNA -> KGRAM: de ===
KSTREAM -> KDNA: .\LangOut_smoke\de_upos_w2.u64 n=249964
kdna_project: source=.\LangOut_smoke\de_upos_w2.u64 n=249964 mode=affine backend=cpu out_symbols=.\LangOut_smoke\de_upos_w2_kdna.u64 x:[-8,8] source:[0,4294967295] k=16
KDNA -> KGRAM: .\LangOut_smoke\de_upos_w2_kdna.u64
kdna_symbol_gram: source=.\LangOut_smoke\de_upos_w2_kdna.u64 out=.\LangOut_smoke\de_upos_w2_self.kgram n=249964 train_n=174974 transitions=174973 unique_edges=3039 payload_bytes=777984
file: .\LangOut_smoke\de_upos_w2_self.kgram
  size:778112 fnv1a64:0x35f9105ae168ca5c
  magic: KGRAM01
  type: KGRAM rc:ok rules:3039 source_words:3040 source_n:249964 payload:777984
=== KLANG CoNLL-U -> KSTREAM: en field=upos window=2 ===
kdna_stream_conllu: in=.\en_ewt-ud-train.conllu out=.\LangOut_smoke\en_upos_w2.u64 field=upos window=2 stride=1 boundary=reset symbol_bits=32 records=204578 symbols=192034 skipped=2651 invalid=0
summary=.\LangOut_smoke\en_upos_w2.kstream
file: KSTREAM kind:4 flags:0x00000017 symbol_bits:32 window:2 stride:1 bins:0
source:en_ewt-ud-train.conllu input_bytes:15034493 records:204578 symbols:192034 skipped:2651 invalid:0 max_symbols:0 payload:1536272
min:0 max:0 scale:0 offset:0 input_hash:0x56bf9b08c1155790 symbol_hash:0xec90cbf30c8fcd33
=== KSTREAM -> KDNA -> KGRAM: en ===
KSTREAM -> KDNA: .\LangOut_smoke\en_upos_w2.u64 n=192034
kdna_project: source=.\LangOut_smoke\en_upos_w2.u64 n=192034 mode=affine backend=cpu out_symbols=.\LangOut_smoke\en_upos_w2_kdna.u64 x:[-8,8] source:[0,4294967295] k=16
KDNA -> KGRAM: .\LangOut_smoke\en_upos_w2_kdna.u64
kdna_symbol_gram: source=.\LangOut_smoke\en_upos_w2_kdna.u64 out=.\LangOut_smoke\en_upos_w2_self.kgram n=192034 train_n=134423 transitions=134422 unique_edges=4066 payload_bytes=1040896
file: .\LangOut_smoke\en_upos_w2_self.kgram
  size:1041024 fnv1a64:0xaa9a3f903017ec30
  magic: KGRAM01
  type: KGRAM rc:ok rules:4066 source_words:4067 source_n:192034 payload:1040896
=== KLANG 2x2 KFIELD Matrix ===
KFIELD matrix from manifest: entries=2 out=.\LangOut_smoke\klang_upos_w2.kfield csv=.\LangOut_smoke\klang_upos_w2.csv
kdna_genome_matrix: wrote .\LangOut_smoke\klang_upos_w2.kfield and .\LangOut_smoke\klang_upos_w2.csv entries=2 cells=4 train=0.69999999999999996
  de -> de acc:0.99661283654936061 lift:+0.90634626411873742 surprise:0.0033871634506394271 oog:254
  de -> en acc:0.98087719532198059 lift:+0.8906106228913574 surprise:0.019122804678019443 oog:1434
  en -> de acc:0.93813574032286062 lift:+0.88897760805415726 surprise:0.061864259677139384 oog:3564
  en -> en acc:0.98953306717583756 lift:+0.9403749349071342 surprise:0.010466932824162473 oog:603
=== KLANG Auto NullSamples ===
  min_test_edges=57610
  total_test_edges=132599
  selected_null_samples_per_cell=10000
=== KLANG true null models ===
kdna_field_null_matrix: row=de n=249964
kdna_field_null_matrix: row=en n=192034
kdna_field_null_matrix: wrote .\LangOut_smoke\klang_upos_w2_null.csv entries=2 modes=all sample_per_cell=10000 train=0.69999999999999996
=== KLANG Report ===
KLANG report written:
  .\LangOut_smoke\Report\KLANG_REPORT.md
  .\LangOut_smoke\Report\KLANG_REPORT.html
KLANG v1.1 experiment complete:
  .\LangOut_smoke\klang_manifest.csv
  .\LangOut_smoke\klang_upos_w2.csv
  .\LangOut_smoke\klang_upos_w2_null.csv
  .\LangOut_smoke\klang_run_manifest.json
  .\LangOut_smoke\Report\KLANG_REPORT.html
PS H:\kdna_opencl_with_inspector_krun> cd H:\kdna_opencl_with_inspector_krun
PS H:\kdna_opencl_with_inspector_krun>
PS H:\kdna_opencl_with_inspector_krun> Remove-Item -Recurse -Force .\LangOut -ErrorAction SilentlyContinue
PS H:\kdna_opencl_with_inspector_krun>
PS H:\kdna_opencl_with_inspector_krun> .\scripts\klang_full_v1_2.ps1 `
>>   -DeConllu .\de_gsd-ud-train.conllu `
>>   -EnConllu .\en_ewt-ud-train.conllu `
>>   -OutDir .\LangOut `
>>   -Field upos `
>>   -Window 2 `
>>   -SymbolBits 32 `
>>   -Train 0.70 `
>>   -Backend cpu `
>>   -NullSamples 0 `
>>   -MaxAutoNullSamples 200000
=== KLANG CoNLL-U -> KSTREAM: de field=upos window=2 ===
kdna_stream_conllu: in=.\de_gsd-ud-train.conllu out=.\LangOut\de_upos_w2.u64 field=upos window=2 stride=1 boundary=reset symbol_bits=32 records=263777 symbols=249964 skipped=4610 invalid=0
summary=.\LangOut\de_upos_w2.kstream
file: KSTREAM kind:4 flags:0x00000017 symbol_bits:32 window:2 stride:1 bins:0
source:de_gsd-ud-train.conllu input_bytes:19637803 records:263777 symbols:249964 skipped:4610 invalid:0 max_symbols:0 payload:1999712
min:0 max:0 scale:0 offset:0 input_hash:0xe65c5cb8d2167e4e symbol_hash:0xf6d237628739e0de
=== KSTREAM -> KDNA -> KGRAM: de ===
KSTREAM -> KDNA: .\LangOut\de_upos_w2.u64 n=249964
kdna_project: source=.\LangOut\de_upos_w2.u64 n=249964 mode=affine backend=cpu out_symbols=.\LangOut\de_upos_w2_kdna.u64 x:[-8,8] source:[0,4294967295] k=16
KDNA -> KGRAM: .\LangOut\de_upos_w2_kdna.u64
kdna_symbol_gram: source=.\LangOut\de_upos_w2_kdna.u64 out=.\LangOut\de_upos_w2_self.kgram n=249964 train_n=174974 transitions=174973 unique_edges=3039 payload_bytes=777984
file: .\LangOut\de_upos_w2_self.kgram
  size:778112 fnv1a64:0x35f9105ae168ca5c
  magic: KGRAM01
  type: KGRAM rc:ok rules:3039 source_words:3040 source_n:249964 payload:777984
=== KLANG CoNLL-U -> KSTREAM: en field=upos window=2 ===
kdna_stream_conllu: in=.\en_ewt-ud-train.conllu out=.\LangOut\en_upos_w2.u64 field=upos window=2 stride=1 boundary=reset symbol_bits=32 records=204578 symbols=192034 skipped=2651 invalid=0
summary=.\LangOut\en_upos_w2.kstream
file: KSTREAM kind:4 flags:0x00000017 symbol_bits:32 window:2 stride:1 bins:0
source:en_ewt-ud-train.conllu input_bytes:15034493 records:204578 symbols:192034 skipped:2651 invalid:0 max_symbols:0 payload:1536272
min:0 max:0 scale:0 offset:0 input_hash:0x56bf9b08c1155790 symbol_hash:0xec90cbf30c8fcd33
=== KSTREAM -> KDNA -> KGRAM: en ===
KSTREAM -> KDNA: .\LangOut\en_upos_w2.u64 n=192034
kdna_project: source=.\LangOut\en_upos_w2.u64 n=192034 mode=affine backend=cpu out_symbols=.\LangOut\en_upos_w2_kdna.u64 x:[-8,8] source:[0,4294967295] k=16
KDNA -> KGRAM: .\LangOut\en_upos_w2_kdna.u64
kdna_symbol_gram: source=.\LangOut\en_upos_w2_kdna.u64 out=.\LangOut\en_upos_w2_self.kgram n=192034 train_n=134423 transitions=134422 unique_edges=4066 payload_bytes=1040896
file: .\LangOut\en_upos_w2_self.kgram
  size:1041024 fnv1a64:0xaa9a3f903017ec30
  magic: KGRAM01
  type: KGRAM rc:ok rules:4066 source_words:4067 source_n:192034 payload:1040896
=== KLANG 2x2 KFIELD Matrix ===
KFIELD matrix from manifest: entries=2 out=.\LangOut\klang_upos_w2.kfield csv=.\LangOut\klang_upos_w2.csv
kdna_genome_matrix: wrote .\LangOut\klang_upos_w2.kfield and .\LangOut\klang_upos_w2.csv entries=2 cells=4 train=0.69999999999999996
  de -> de acc:0.99661283654936061 lift:+0.90634626411873742 surprise:0.0033871634506394271 oog:254
  de -> en acc:0.98087719532198059 lift:+0.8906106228913574 surprise:0.019122804678019443 oog:1434
  en -> de acc:0.93813574032286062 lift:+0.88897760805415726 surprise:0.061864259677139384 oog:3564
  en -> en acc:0.98953306717583756 lift:+0.9403749349071342 surprise:0.010466932824162473 oog:603
=== KLANG Auto NullSamples ===
  min_test_edges=57610
  total_test_edges=132599
  selected_null_samples_per_cell=200000
=== KLANG true null models ===
kdna_field_null_matrix: row=de n=249964
kdna_field_null_matrix: row=en n=192034
kdna_field_null_matrix: wrote .\LangOut\klang_upos_w2_null.csv entries=2 modes=all sample_per_cell=200000 train=0.69999999999999996
=== KLANG Report ===
KLANG report written:
  .\LangOut\Report\KLANG_REPORT.md
  .\LangOut\Report\KLANG_REPORT.html
KLANG v1.1 experiment complete:
  .\LangOut\klang_manifest.csv
  .\LangOut\klang_upos_w2.csv
  .\LangOut\klang_upos_w2_null.csv
  .\LangOut\klang_run_manifest.json
  .\LangOut\Report\KLANG_REPORT.html
KLANG v1.2 report written:

  .\LangOut\ReportV12\KLANG_REPORT_V1_2.html
  .\LangOut\ReportV12\tables\observed_vs_null.csv
KLANG v1.2 full run complete:
  .\LangOut\klang_upos_w2.csv

  .\LangOut\ReportV12\KLANG_REPORT_V1_2.html
PS H:\kdna_opencl_with_inspector_krun> Remove-Item -Recurse -Force .\LangSuiteOut -ErrorAction SilentlyContinue
PS H:\kdna_opencl_with_inspector_krun>
PS H:\kdna_opencl_with_inspector_krun> .\scripts\klang_suite_v1_2.ps1 `
>>   -DeConllu .\de_gsd-ud-train.conllu `
>>   -EnConllu .\en_ewt-ud-train.conllu `
>>   -OutRoot .\LangSuiteOut `
>>   -Train 0.70 `
>>   -Backend cpu `
>>   -NullSamples 0 `
>>   -MaxAutoNullSamples 200000
=== KLANG SUITE: upos_w1 ===
=== KLANG CoNLL-U -> KSTREAM: de field=upos window=1 ===
kdna_stream_conllu: in=.\de_gsd-ud-train.conllu out=.\LangSuiteOut\upos_w1\de_upos_w1.u64 field=upos window=1 stride=1 boundary=reset symbol_bits=32 records=263777 symbols=263777 skipped=4610 invalid=0
summary=.\LangSuiteOut\upos_w1\de_upos_w1.kstream
file: KSTREAM kind:4 flags:0x00000017 symbol_bits:32 window:1 stride:1 bins:0
source:de_gsd-ud-train.conllu input_bytes:19637803 records:263777 symbols:263777 skipped:4610 invalid:0 max_symbols:0 payload:2110216
min:0 max:0 scale:0 offset:0 input_hash:0xe65c5cb8d2167e4e symbol_hash:0x7d51bef054e0ebe0
=== KSTREAM -> KDNA -> KGRAM: de ===
KSTREAM -> KDNA: .\LangSuiteOut\upos_w1\de_upos_w1.u64 n=263777
kdna_project: source=.\LangSuiteOut\upos_w1\de_upos_w1.u64 n=263777 mode=affine backend=cpu out_symbols=.\LangSuiteOut\upos_w1\de_upos_w1_kdna.u64 x:[-8,8] source:[0,4294967295] k=16
KDNA -> KGRAM: .\LangSuiteOut\upos_w1\de_upos_w1_kdna.u64
kdna_symbol_gram: source=.\LangSuiteOut\upos_w1\de_upos_w1_kdna.u64 out=.\LangSuiteOut\upos_w1\de_upos_w1_self.kgram n=263777 train_n=184643 transitions=184642 unique_edges=180 payload_bytes=46080
file: .\LangSuiteOut\upos_w1\de_upos_w1_self.kgram
  size:46208 fnv1a64:0x5be0ff58a658df11
  magic: KGRAM01
  type: KGRAM rc:ok rules:180 source_words:181 source_n:263777 payload:46080
=== KLANG CoNLL-U -> KSTREAM: en field=upos window=1 ===
kdna_stream_conllu: in=.\en_ewt-ud-train.conllu out=.\LangSuiteOut\upos_w1\en_upos_w1.u64 field=upos window=1 stride=1 boundary=reset symbol_bits=32 records=204578 symbols=204578 skipped=2651 invalid=0
summary=.\LangSuiteOut\upos_w1\en_upos_w1.kstream
file: KSTREAM kind:4 flags:0x00000017 symbol_bits:32 window:1 stride:1 bins:0
source:en_ewt-ud-train.conllu input_bytes:15034493 records:204578 symbols:204578 skipped:2651 invalid:0 max_symbols:0 payload:1636624
min:0 max:0 scale:0 offset:0 input_hash:0x56bf9b08c1155790 symbol_hash:0x89134022ba9a1c9d
=== KSTREAM -> KDNA -> KGRAM: en ===
KSTREAM -> KDNA: .\LangSuiteOut\upos_w1\en_upos_w1.u64 n=204578
kdna_project: source=.\LangSuiteOut\upos_w1\en_upos_w1.u64 n=204578 mode=affine backend=cpu out_symbols=.\LangSuiteOut\upos_w1\en_upos_w1_kdna.u64 x:[-8,8] source:[0,4294967295] k=16
KDNA -> KGRAM: .\LangSuiteOut\upos_w1\en_upos_w1_kdna.u64
kdna_symbol_gram: source=.\LangSuiteOut\upos_w1\en_upos_w1_kdna.u64 out=.\LangSuiteOut\upos_w1\en_upos_w1_self.kgram n=204578 train_n=143204 transitions=143203 unique_edges=214 payload_bytes=54784
file: .\LangSuiteOut\upos_w1\en_upos_w1_self.kgram
  size:54912 fnv1a64:0x28057116a3b73105
  magic: KGRAM01
  type: KGRAM rc:ok rules:214 source_words:215 source_n:204578 payload:54784
=== KLANG 2x2 KFIELD Matrix ===
KFIELD matrix from manifest: entries=2 out=.\LangSuiteOut\upos_w1\klang_upos_w1.kfield csv=.\LangSuiteOut\upos_w1\klang_upos_w1.csv
kdna_genome_matrix: wrote .\LangSuiteOut\upos_w1\klang_upos_w1.kfield and .\LangSuiteOut\upos_w1\klang_upos_w1.csv entries=2 cells=4 train=0.69999999999999996
  de -> de acc:0.99997472609404425 lift:+0.77092995336964354 surprise:2.5273905955795937e-05 oog:2
  de -> en acc:0.99996208914106632 lift:+0.77091731641666561 surprise:3.7910858933693906e-05 oog:3
  en -> de acc:0.99692046991347982 lift:+0.78519870301272543 surprise:0.0030795300865201309 oog:189
  en -> en acc:0.99990223714011051 lift:+0.78818047023935611 surprise:9.7762859889527967e-05 oog:6
=== KLANG Auto NullSamples ===
  min_test_edges=61373
  total_test_edges=140506
  selected_null_samples_per_cell=200000
=== KLANG true null models ===
kdna_field_null_matrix: row=de n=263777
kdna_field_null_matrix: row=en n=204578
kdna_field_null_matrix: wrote .\LangSuiteOut\upos_w1\klang_upos_w1_null.csv entries=2 modes=all sample_per_cell=200000 train=0.69999999999999996
=== KLANG Report ===
KLANG report written:
  .\LangSuiteOut\upos_w1\Report\KLANG_REPORT.md
  .\LangSuiteOut\upos_w1\Report\KLANG_REPORT.html
KLANG v1.1 experiment complete:
  .\LangSuiteOut\upos_w1\klang_manifest.csv
  .\LangSuiteOut\upos_w1\klang_upos_w1.csv
  .\LangSuiteOut\upos_w1\klang_upos_w1_null.csv
  .\LangSuiteOut\upos_w1\klang_run_manifest.json
  .\LangSuiteOut\upos_w1\Report\KLANG_REPORT.html
KLANG v1.2 report written:

  .\LangSuiteOut\upos_w1\ReportV12\KLANG_REPORT_V1_2.html
  .\LangSuiteOut\upos_w1\ReportV12\tables\observed_vs_null.csv
KLANG v1.2 full run complete:
  .\LangSuiteOut\upos_w1\klang_upos_w1.csv

  .\LangSuiteOut\upos_w1\ReportV12\KLANG_REPORT_V1_2.html
=== KLANG SUITE: upos_w2 ===
=== KLANG CoNLL-U -> KSTREAM: de field=upos window=2 ===
kdna_stream_conllu: in=.\de_gsd-ud-train.conllu out=.\LangSuiteOut\upos_w2\de_upos_w2.u64 field=upos window=2 stride=1 boundary=reset symbol_bits=32 records=263777 symbols=249964 skipped=4610 invalid=0
summary=.\LangSuiteOut\upos_w2\de_upos_w2.kstream
file: KSTREAM kind:4 flags:0x00000017 symbol_bits:32 window:2 stride:1 bins:0
source:de_gsd-ud-train.conllu input_bytes:19637803 records:263777 symbols:249964 skipped:4610 invalid:0 max_symbols:0 payload:1999712
min:0 max:0 scale:0 offset:0 input_hash:0xe65c5cb8d2167e4e symbol_hash:0xf6d237628739e0de
=== KSTREAM -> KDNA -> KGRAM: de ===
KSTREAM -> KDNA: .\LangSuiteOut\upos_w2\de_upos_w2.u64 n=249964
kdna_project: source=.\LangSuiteOut\upos_w2\de_upos_w2.u64 n=249964 mode=affine backend=cpu out_symbols=.\LangSuiteOut\upos_w2\de_upos_w2_kdna.u64 x:[-8,8] source:[0,4294967295] k=16
KDNA -> KGRAM: .\LangSuiteOut\upos_w2\de_upos_w2_kdna.u64
kdna_symbol_gram: source=.\LangSuiteOut\upos_w2\de_upos_w2_kdna.u64 out=.\LangSuiteOut\upos_w2\de_upos_w2_self.kgram n=249964 train_n=174974 transitions=174973 unique_edges=3039 payload_bytes=777984
file: .\LangSuiteOut\upos_w2\de_upos_w2_self.kgram
  size:778112 fnv1a64:0x35f9105ae168ca5c
  magic: KGRAM01
  type: KGRAM rc:ok rules:3039 source_words:3040 source_n:249964 payload:777984
=== KLANG CoNLL-U -> KSTREAM: en field=upos window=2 ===
kdna_stream_conllu: in=.\en_ewt-ud-train.conllu out=.\LangSuiteOut\upos_w2\en_upos_w2.u64 field=upos window=2 stride=1 boundary=reset symbol_bits=32 records=204578 symbols=192034 skipped=2651 invalid=0
summary=.\LangSuiteOut\upos_w2\en_upos_w2.kstream
file: KSTREAM kind:4 flags:0x00000017 symbol_bits:32 window:2 stride:1 bins:0
source:en_ewt-ud-train.conllu input_bytes:15034493 records:204578 symbols:192034 skipped:2651 invalid:0 max_symbols:0 payload:1536272
min:0 max:0 scale:0 offset:0 input_hash:0x56bf9b08c1155790 symbol_hash:0xec90cbf30c8fcd33
=== KSTREAM -> KDNA -> KGRAM: en ===
KSTREAM -> KDNA: .\LangSuiteOut\upos_w2\en_upos_w2.u64 n=192034
kdna_project: source=.\LangSuiteOut\upos_w2\en_upos_w2.u64 n=192034 mode=affine backend=cpu out_symbols=.\LangSuiteOut\upos_w2\en_upos_w2_kdna.u64 x:[-8,8] source:[0,4294967295] k=16
KDNA -> KGRAM: .\LangSuiteOut\upos_w2\en_upos_w2_kdna.u64
kdna_symbol_gram: source=.\LangSuiteOut\upos_w2\en_upos_w2_kdna.u64 out=.\LangSuiteOut\upos_w2\en_upos_w2_self.kgram n=192034 train_n=134423 transitions=134422 unique_edges=4066 payload_bytes=1040896
file: .\LangSuiteOut\upos_w2\en_upos_w2_self.kgram
  size:1041024 fnv1a64:0xaa9a3f903017ec30
  magic: KGRAM01
  type: KGRAM rc:ok rules:4066 source_words:4067 source_n:192034 payload:1040896
=== KLANG 2x2 KFIELD Matrix ===
KFIELD matrix from manifest: entries=2 out=.\LangSuiteOut\upos_w2\klang_upos_w2.kfield csv=.\LangSuiteOut\upos_w2\klang_upos_w2.csv
kdna_genome_matrix: wrote .\LangSuiteOut\upos_w2\klang_upos_w2.kfield and .\LangSuiteOut\upos_w2\klang_upos_w2.csv entries=2 cells=4 train=0.69999999999999996
  de -> de acc:0.99661283654936061 lift:+0.90634626411873742 surprise:0.0033871634506394271 oog:254
  de -> en acc:0.98087719532198059 lift:+0.8906106228913574 surprise:0.019122804678019443 oog:1434
  en -> de acc:0.93813574032286062 lift:+0.88897760805415726 surprise:0.061864259677139384 oog:3564
  en -> en acc:0.98953306717583756 lift:+0.9403749349071342 surprise:0.010466932824162473 oog:603
=== KLANG Auto NullSamples ===
  min_test_edges=57610
  total_test_edges=132599
  selected_null_samples_per_cell=200000
=== KLANG true null models ===
kdna_field_null_matrix: row=de n=249964
kdna_field_null_matrix: row=en n=192034
kdna_field_null_matrix: wrote .\LangSuiteOut\upos_w2\klang_upos_w2_null.csv entries=2 modes=all sample_per_cell=200000 train=0.69999999999999996
=== KLANG Report ===
KLANG report written:
  .\LangSuiteOut\upos_w2\Report\KLANG_REPORT.md
  .\LangSuiteOut\upos_w2\Report\KLANG_REPORT.html
KLANG v1.1 experiment complete:
  .\LangSuiteOut\upos_w2\klang_manifest.csv
  .\LangSuiteOut\upos_w2\klang_upos_w2.csv
  .\LangSuiteOut\upos_w2\klang_upos_w2_null.csv
  .\LangSuiteOut\upos_w2\klang_run_manifest.json
  .\LangSuiteOut\upos_w2\Report\KLANG_REPORT.html
KLANG v1.2 report written:

  .\LangSuiteOut\upos_w2\ReportV12\KLANG_REPORT_V1_2.html
  .\LangSuiteOut\upos_w2\ReportV12\tables\observed_vs_null.csv
KLANG v1.2 full run complete:
  .\LangSuiteOut\upos_w2\klang_upos_w2.csv

  .\LangSuiteOut\upos_w2\ReportV12\KLANG_REPORT_V1_2.html
=== KLANG SUITE: upos_w3 ===
=== KLANG CoNLL-U -> KSTREAM: de field=upos window=3 ===
kdna_stream_conllu: in=.\de_gsd-ud-train.conllu out=.\LangSuiteOut\upos_w3\de_upos_w3.u64 field=upos window=3 stride=1 boundary=reset symbol_bits=32 records=263777 symbols=236151 skipped=4610 invalid=0
summary=.\LangSuiteOut\upos_w3\de_upos_w3.kstream
file: KSTREAM kind:4 flags:0x00000017 symbol_bits:32 window:3 stride:1 bins:0
source:de_gsd-ud-train.conllu input_bytes:19637803 records:263777 symbols:236151 skipped:4610 invalid:0 max_symbols:0 payload:1889208
min:0 max:0 scale:0 offset:0 input_hash:0xe65c5cb8d2167e4e symbol_hash:0xc5edafbab46cb0cf
=== KSTREAM -> KDNA -> KGRAM: de ===
KSTREAM -> KDNA: .\LangSuiteOut\upos_w3\de_upos_w3.u64 n=236151
kdna_project: source=.\LangSuiteOut\upos_w3\de_upos_w3.u64 n=236151 mode=affine backend=cpu out_symbols=.\LangSuiteOut\upos_w3\de_upos_w3_kdna.u64 x:[-8,8] source:[0,4294967295] k=16
KDNA -> KGRAM: .\LangSuiteOut\upos_w3\de_upos_w3_kdna.u64
kdna_symbol_gram: source=.\LangSuiteOut\upos_w3\de_upos_w3_kdna.u64 out=.\LangSuiteOut\upos_w3\de_upos_w3_self.kgram n=236151 train_n=165305 transitions=165304 unique_edges=16283 payload_bytes=4168448
file: .\LangSuiteOut\upos_w3\de_upos_w3_self.kgram
  size:4168576 fnv1a64:0x85ab7b3e7027aa54
  magic: KGRAM01
  type: KGRAM rc:ok rules:16283 source_words:16284 source_n:236151 payload:4168448
=== KLANG CoNLL-U -> KSTREAM: en field=upos window=3 ===
kdna_stream_conllu: in=.\en_ewt-ud-train.conllu out=.\LangSuiteOut\upos_w3\en_upos_w3.u64 field=upos window=3 stride=1 boundary=reset symbol_bits=32 records=204578 symbols=180011 skipped=2651 invalid=0
summary=.\LangSuiteOut\upos_w3\en_upos_w3.kstream
file: KSTREAM kind:4 flags:0x00000017 symbol_bits:32 window:3 stride:1 bins:0
source:en_ewt-ud-train.conllu input_bytes:15034493 records:204578 symbols:180011 skipped:2651 invalid:0 max_symbols:0 payload:1440088
min:0 max:0 scale:0 offset:0 input_hash:0x56bf9b08c1155790 symbol_hash:0xe6e5d46cc37d28eb
=== KSTREAM -> KDNA -> KGRAM: en ===
KSTREAM -> KDNA: .\LangSuiteOut\upos_w3\en_upos_w3.u64 n=180011
kdna_project: source=.\LangSuiteOut\upos_w3\en_upos_w3.u64 n=180011 mode=affine backend=cpu out_symbols=.\LangSuiteOut\upos_w3\en_upos_w3_kdna.u64 x:[-8,8] source:[0,4294967295] k=16
KDNA -> KGRAM: .\LangSuiteOut\upos_w3\en_upos_w3_kdna.u64
kdna_symbol_gram: source=.\LangSuiteOut\upos_w3\en_upos_w3_kdna.u64 out=.\LangSuiteOut\upos_w3\en_upos_w3_self.kgram n=180011 train_n=126007 transitions=126006 unique_edges=18006 payload_bytes=4609536
file: .\LangSuiteOut\upos_w3\en_upos_w3_self.kgram
  size:4609664 fnv1a64:0x6d9b97e02e3653bb
  magic: KGRAM01
  type: KGRAM rc:ok rules:18006 source_words:18007 source_n:180011 payload:4609536
=== KLANG 2x2 KFIELD Matrix ===
KFIELD matrix from manifest: entries=2 out=.\LangSuiteOut\upos_w3\klang_upos_w3.kfield csv=.\LangSuiteOut\upos_w3\klang_upos_w3.csv
kdna_genome_matrix: wrote .\LangSuiteOut\upos_w3\klang_upos_w3.kfield and .\LangSuiteOut\upos_w3\klang_upos_w3.csv entries=2 cells=4 train=0.69999999999999996
  de -> de acc:0.96033594466793704 lift:+0.91906274260709997 surprise:0.039664055332062957 oog:2810
  de -> en acc:0.85032112357964573 lift:+0.80904792151880867 surprise:0.1496788764203543 oog:10604
  en -> de acc:0.69672055256189469 lift:+0.67653648871358996 surprise:0.30327944743810531 oog:16378
  en -> en acc:0.92048589893154087 lift:+0.90030183508323613 surprise:0.079514101068459159 oog:4294
=== KLANG Auto NullSamples ===
  min_test_edges=54003
  total_test_edges=124848
  selected_null_samples_per_cell=200000
=== KLANG true null models ===
kdna_field_null_matrix: row=de n=236151
kdna_field_null_matrix: row=en n=180011
kdna_field_null_matrix: wrote .\LangSuiteOut\upos_w3\klang_upos_w3_null.csv entries=2 modes=all sample_per_cell=200000 train=0.69999999999999996
=== KLANG Report ===
KLANG report written:
  .\LangSuiteOut\upos_w3\Report\KLANG_REPORT.md
  .\LangSuiteOut\upos_w3\Report\KLANG_REPORT.html
KLANG v1.1 experiment complete:
  .\LangSuiteOut\upos_w3\klang_manifest.csv
  .\LangSuiteOut\upos_w3\klang_upos_w3.csv
  .\LangSuiteOut\upos_w3\klang_upos_w3_null.csv
  .\LangSuiteOut\upos_w3\klang_run_manifest.json
  .\LangSuiteOut\upos_w3\Report\KLANG_REPORT.html
KLANG v1.2 report written:

  .\LangSuiteOut\upos_w3\ReportV12\KLANG_REPORT_V1_2.html
  .\LangSuiteOut\upos_w3\ReportV12\tables\observed_vs_null.csv
KLANG v1.2 full run complete:
  .\LangSuiteOut\upos_w3\klang_upos_w3.csv

  .\LangSuiteOut\upos_w3\ReportV12\KLANG_REPORT_V1_2.html
=== KLANG SUITE: upos_deprel_w2 ===
=== KLANG CoNLL-U -> KSTREAM: de field=upos_deprel window=2 ===
kdna_stream_conllu: in=.\de_gsd-ud-train.conllu out=.\LangSuiteOut\upos_deprel_w2\de_upos_deprel_w2.u64 field=upos_deprel window=2 stride=1 boundary=reset symbol_bits=32 records=263777 symbols=249964 skipped=4610 invalid=0
summary=.\LangSuiteOut\upos_deprel_w2\de_upos_deprel_w2.kstream
file: KSTREAM kind:4 flags:0x00000017 symbol_bits:32 window:2 stride:1 bins:0
source:de_gsd-ud-train.conllu input_bytes:19637803 records:263777 symbols:249964 skipped:4610 invalid:0 max_symbols:0 payload:1999712
min:0 max:0 scale:0 offset:0 input_hash:0xe65c5cb8d2167e4e symbol_hash:0x6370248a65732b28
=== KSTREAM -> KDNA -> KGRAM: de ===
KSTREAM -> KDNA: .\LangSuiteOut\upos_deprel_w2\de_upos_deprel_w2.u64 n=249964
kdna_project: source=.\LangSuiteOut\upos_deprel_w2\de_upos_deprel_w2.u64 n=249964 mode=affine backend=cpu out_symbols=.\LangSuiteOut\upos_deprel_w2\de_upos_deprel_w2_kdna.u64 x:[-8,8] source:[0,4294967295] k=16
KDNA -> KGRAM: .\LangSuiteOut\upos_deprel_w2\de_upos_deprel_w2_kdna.u64
kdna_symbol_gram: source=.\LangSuiteOut\upos_deprel_w2\de_upos_deprel_w2_kdna.u64 out=.\LangSuiteOut\upos_deprel_w2\de_upos_deprel_w2_self.kgram n=249964 train_n=174974 transitions=174973 unique_edges=22820 payload_bytes=5841920
file: .\LangSuiteOut\upos_deprel_w2\de_upos_deprel_w2_self.kgram
  size:5842048 fnv1a64:0xc9998247594e16e7
  magic: KGRAM01
  type: KGRAM rc:ok rules:22820 source_words:22821 source_n:249964 payload:5841920
=== KLANG CoNLL-U -> KSTREAM: en field=upos_deprel window=2 ===
kdna_stream_conllu: in=.\en_ewt-ud-train.conllu out=.\LangSuiteOut\upos_deprel_w2\en_upos_deprel_w2.u64 field=upos_deprel window=2 stride=1 boundary=reset symbol_bits=32 records=204578 symbols=192034 skipped=2651 invalid=0
summary=.\LangSuiteOut\upos_deprel_w2\en_upos_deprel_w2.kstream
file: KSTREAM kind:4 flags:0x00000017 symbol_bits:32 window:2 stride:1 bins:0
source:en_ewt-ud-train.conllu input_bytes:15034493 records:204578 symbols:192034 skipped:2651 invalid:0 max_symbols:0 payload:1536272
min:0 max:0 scale:0 offset:0 input_hash:0x56bf9b08c1155790 symbol_hash:0x1fb0b74cf32a68c3
=== KSTREAM -> KDNA -> KGRAM: en ===
KSTREAM -> KDNA: .\LangSuiteOut\upos_deprel_w2\en_upos_deprel_w2.u64 n=192034
kdna_project: source=.\LangSuiteOut\upos_deprel_w2\en_upos_deprel_w2.u64 n=192034 mode=affine backend=cpu out_symbols=.\LangSuiteOut\upos_deprel_w2\en_upos_deprel_w2_kdna.u64 x:[-8,8] source:[0,4294967295] k=16
KDNA -> KGRAM: .\LangSuiteOut\upos_deprel_w2\en_upos_deprel_w2_kdna.u64
kdna_symbol_gram: source=.\LangSuiteOut\upos_deprel_w2\en_upos_deprel_w2_kdna.u64 out=.\LangSuiteOut\upos_deprel_w2\en_upos_deprel_w2_self.kgram n=192034 train_n=134423 transitions=134422 unique_edges=24039 payload_bytes=6153984
file: .\LangSuiteOut\upos_deprel_w2\en_upos_deprel_w2_self.kgram
  size:6154112 fnv1a64:0xc60d5a7ee24dd285
  magic: KGRAM01
  type: KGRAM rc:ok rules:24039 source_words:24040 source_n:192034 payload:6153984
=== KLANG 2x2 KFIELD Matrix ===
KFIELD matrix from manifest: entries=2 out=.\LangSuiteOut\upos_deprel_w2\klang_upos_deprel_w2.kfield csv=.\LangSuiteOut\upos_deprel_w2\klang_upos_deprel_w2.csv
kdna_genome_matrix: wrote .\LangSuiteOut\upos_deprel_w2\klang_upos_deprel_w2.kfield and .\LangSuiteOut\upos_deprel_w2\klang_upos_deprel_w2.csv entries=2 cells=4 train=0.69999999999999996
  de -> de acc:0.9356305591486751 lift:+0.87746202776407201 surprise:0.064369440851324858 oog:4827
  de -> en acc:0.66275053674538931 lift:+0.60458200536078621 surprise:0.33724946325461069 oog:25290
  en -> de acc:0.5955042527339004 lift:+0.56901579586877282 surprise:0.40449574726609966 oog:23303
  en -> en acc:0.88939420239541744 lift:+0.86290574553028987 surprise:0.11060579760458254 oog:6372
=== KLANG Auto NullSamples ===
  min_test_edges=57610
  total_test_edges=132599
  selected_null_samples_per_cell=200000
=== KLANG true null models ===
kdna_field_null_matrix: row=de n=249964
kdna_field_null_matrix: row=en n=192034
kdna_field_null_matrix: wrote .\LangSuiteOut\upos_deprel_w2\klang_upos_deprel_w2_null.csv entries=2 modes=all sample_per_cell=200000 train=0.69999999999999996
=== KLANG Report ===
KLANG report written:
  .\LangSuiteOut\upos_deprel_w2\Report\KLANG_REPORT.md
  .\LangSuiteOut\upos_deprel_w2\Report\KLANG_REPORT.html
KLANG v1.1 experiment complete:
  .\LangSuiteOut\upos_deprel_w2\klang_manifest.csv
  .\LangSuiteOut\upos_deprel_w2\klang_upos_deprel_w2.csv
  .\LangSuiteOut\upos_deprel_w2\klang_upos_deprel_w2_null.csv
  .\LangSuiteOut\upos_deprel_w2\klang_run_manifest.json
  .\LangSuiteOut\upos_deprel_w2\Report\KLANG_REPORT.html
KLANG v1.2 report written:

  .\LangSuiteOut\upos_deprel_w2\ReportV12\KLANG_REPORT_V1_2.html
  .\LangSuiteOut\upos_deprel_w2\ReportV12\tables\observed_vs_null.csv
KLANG v1.2 full run complete:
  .\LangSuiteOut\upos_deprel_w2\klang_upos_deprel_w2.csv

  .\LangSuiteOut\upos_deprel_w2\ReportV12\KLANG_REPORT_V1_2.html
KLANG suite complete: .\LangSuiteOut
PS H:\kdna_opencl_with_inspector_krun>



PS H:\kdna_opencl_with_inspector_krun> Get-Content .\LangSuiteOut\upos_w2\ReportV12\tables\observed_vs_null.csv
"row","col","class","observed_accuracy","baseline_accuracy","lift","surprise_rate","out_of_grammar","grammar_edges","avg_null_accuracy","observed_minus_null","null_modes"
"de","de","self","0,996612836549361","0,0902665724306232","0,906346264118737","0,00338716345063943","254","3039","0,244213595771824","0,752399240777536","symbol_shuffle|rotation|block_boundary"
"de","en","cross","0,980877195321981","0,0902665724306232","0,890610622891357","0,0191228046780194","1434","4066","0,291051576453435","0,689825618868545","symbol_shuffle|rotation|block_boundary"
"en","de","cross","0,938135740322861","0,0491581322687034","0,888977608054157","0,0618642596771394","3564","3039","0,185772146039461","0,7523635942834","symbol_shuffle|rotation|block_boundary"
"en","en","self","0,989533067175838","0,0491581322687034","0,940374934907134","0,0104669328241625","603","4066","0,237157900827403","0,752375166348435","symbol_shuffle|rotation|block_boundary"
PS H:\kdna_opencl_with_inspector_krun> Get-Content .\LangSuiteOut\upos_w3\ReportV12\tables\observed_vs_null.csv
"row","col","class","observed_accuracy","baseline_accuracy","lift","surprise_rate","out_of_grammar","grammar_edges","avg_null_accuracy","observed_minus_null","null_modes"
"de","de","self","0,960335944667937","0,041273202060837","0,9190627426071","0,039664055332063","2810","16283","0,0833980285600019","0,876937916107935","symbol_shuffle|rotation|block_boundary"
"de","en","cross","0,850321123579646","0,041273202060837","0,809047921518809","0,149678876420354","10604","18006","0,0575011174630061","0,79282000611664","symbol_shuffle|rotation|block_boundary"
"en","de","cross","0,696720552561895","0,0201840638483047","0,67653648871359","0,303279447438105","16378","16283","0,0351276780919579","0,661592874469937","symbol_shuffle|rotation|block_boundary"
"en","en","self","0,920485898931541","0,0201840638483047","0,900301835083236","0,0795141010684592","4294","18006","0,0535464079156096","0,866939491015931","symbol_shuffle|rotation|block_boundary"
PS H:\kdna_opencl_with_inspector_krun> Get-Content .\LangSuiteOut\upos_deprel_w2\ReportV12\tables\observed_vs_null.csv
"row","col","class","observed_accuracy","baseline_accuracy","lift","surprise_rate","out_of_grammar","grammar_edges","avg_null_accuracy","observed_minus_null","null_modes"
"de","de","self","0,935630559148675","0,0581685313846031","0,877462027764072","0,0643694408513249","4827","22820","0,0881551516444634","0,847475407504212","symbol_shuffle|rotation|block_boundary"
"de","en","cross","0,662750536745389","0,0581685313846031","0,604582005360786","0,337249463254611","25290","24039","0,0594487191454747","0,603301817599915","symbol_shuffle|rotation|block_boundary"
"en","de","cross","0,5955042527339","0,0264884568651276","0,569015795868773","0,4044957472661","23303","22820","0,0483885899438755","0,547115662790025","symbol_shuffle|rotation|block_boundary"
"en","en","self","0,889394202395417","0,0264884568651276","0,86290574553029","0,110605797604583","6372","24039","0,0629636058554649","0,826430596539953","symbol_shuffle|rotation|block_boundary"
PS H:\kdna_opencl_with_inspector_krun>



PS H:\kdna_opencl_with_inspector_krun> cd H:\kdna_opencl_with_inspector_krun
PS H:\kdna_opencl_with_inspector_krun>
PS H:\kdna_opencl_with_inspector_krun> # 1. Patch-Script im entpackten Ordner automatisch finden
PS H:\kdna_opencl_with_inspector_krun> $Apply = Get-ChildItem .\_patch_kllib102 -Recurse -Filter apply_klang_library_v1_0_2_abi_fix.ps1 |
>>   Select-Object -First 1
PS H:\kdna_opencl_with_inspector_krun>
PS H:\kdna_opencl_with_inspector_krun> $Apply.FullName
H:\kdna_opencl_with_inspector_krun\_patch_kllib102\klang_library_v1_0_2_abi_fix2\scripts\apply_klang_library_v1_0_2_abi_fix.ps1
PS H:\kdna_opencl_with_inspector_krun>
PS H:\kdna_opencl_with_inspector_krun> # 2. Patch anwenden
PS H:\kdna_opencl_with_inspector_krun> & $Apply.FullName -ProjectRoot H:\kdna_opencl_with_inspector_krun
KLANG_LIBRARY v1.0.2 ABI-Fix angewendet:
  H:\kdna_opencl_with_inspector_krun\include\kdna_kllib.h
Fix:
  header_record = 256 Byte via reserved[120]
  config_record = 1024 Byte ohne trailing reserved
  cell_record   = 512 Byte via reserved[264]
PS H:\kdna_opencl_with_inspector_krun>
PS H:\kdna_opencl_with_inspector_krun> # 3. Prüfen, ob wirklich der neue Header im Projekt liegt
PS H:\kdna_opencl_with_inspector_krun> Select-String -Path .\include\kdna_kllib.h `
>>   -Pattern "reserved\[120\]","config_record_must_be_1024","cell_record_must_be_512" `
>>   -Context 0,1

> include\kdna_kllib.h:64:    uint8_t reserved[120];
  include\kdna_kllib.h:65:} kdna_kllib_header;
> include\kdna_kllib.h:146:typedef char kdna_kllib_config_record_must_be_1024[(sizeof(kdna_kllib_config_record) ==
KDNA_KLLIB_CONFIG_RECORD_BYTES) ? 1 : -1];
> include\kdna_kllib.h:147:typedef char kdna_kllib_cell_record_must_be_512[(sizeof(kdna_kllib_cell_record) ==
KDNA_KLLIB_CELL_RECORD_BYTES) ? 1 : -1];
  include\kdna_kllib.h:148:


PS H:\kdna_opencl_with_inspector_krun>
PS H:\kdna_opencl_with_inspector_krun> # 4. Neu konfigurieren und bauen
PS H:\kdna_opencl_with_inspector_krun> $CMAKE_EXE  = "C:\Program Files\CMake\bin\cmake.exe"
PS H:\kdna_opencl_with_inspector_krun> $CTEST_EXE  = "C:\Program Files\CMake\bin\ctest.exe"
PS H:\kdna_opencl_with_inspector_krun>
PS H:\kdna_opencl_with_inspector_krun> & $CMAKE_EXE -S . -B build_vs `
>>   -G "Visual Studio 17 2022" `
>>   -A x64
-- Selecting Windows SDK version 10.0.26100.0 to target Windows 10.0.29599.
-- Configuring done (0.0s)
-- Generating done (0.6s)
-- Build files have been written to: H:/kdna_opencl_with_inspector_krun/build_vs
PS H:\kdna_opencl_with_inspector_krun>
PS H:\kdna_opencl_with_inspector_krun> & $CMAKE_EXE --build build_vs --config Release --target kdna_klang_library
MSBuild-Version 17.14.40+3e7442088 für .NET Framework

  kdna.vcxproj -> H:\kdna_opencl_with_inspector_krun\build_vs\Release\kdna.lib
  kdna_klang_library.c
  kdna_klang_library.vcxproj -> H:\kdna_opencl_with_inspector_krun\build_vs\Release\kdna_klang_library.exe
PS H:\kdna_opencl_with_inspector_krun>
PS H:\kdna_opencl_with_inspector_krun> # 5. Help-Test
PS H:\kdna_opencl_with_inspector_krun> & $CTEST_EXE --test-dir build_vs -C Release -R "klang_library_help" --output-on-failure
Test project H:/kdna_opencl_with_inspector_krun/build_vs
    Start 83: klang_library_help
1/1 Test #83: klang_library_help ...............   Passed    0.02 sec

100% tests passed, 0 tests failed out of 1

Total Test time (real) =   0.03 sec
PS H:\kdna_opencl_with_inspector_krun> .\scripts\klang_library_from_suite.ps1 `
>>   -SuiteDir .\LangSuiteOut `
>>   -Out .\LangSuiteOut\klang_library.kllib `
>>   -Json .\LangSuiteOut\klang_library.json `
>>   -Csv .\LangSuiteOut\klang_library_cells.csv `
>>   -Exe .\build_vs\Release\kdna_klang_library.exe `
>>   -Strict
KLANG_LIBRARY: configs= 4
kdna_klang_library: wrote .\LangSuiteOut\klang_library.kllib configs=4 cells=16 total_artifact_bytes=36864144 hash=0x4f95d1382b6bdd9b
json=.\LangSuiteOut\klang_library.json
csv=.\LangSuiteOut\klang_library_cells.csv
file: .\LangSuiteOut\klang_library.kllib
  magic: KLLIB001 version:1 configs:4 cells:16
  config_record_bytes:1024 cell_record_bytes:512 header_bytes:256
  total_de_symbols:999856 total_en_symbols:768657
  total_de_kgram_rules:42322 total_en_kgram_rules:46325
  artifact_bytes:36864144 flags:0xf hash:0x4f95d1382b6bdd9b
  avg_self_acc:0.961483684013 avg_cross_acc:0.84014899504
  avg_self_delta:0.615501985309 avg_cross_delta:0.506771403716
KLANG_LIBRARY complete:
  .\LangSuiteOut\klang_library.kllib
  .\LangSuiteOut\klang_library.json
  .\LangSuiteOut\klang_library_cells.csv
PS H:\kdna_opencl_with_inspector_krun>


PS H:\kdna_opencl_with_inspector_krun> Get-Content .\LangSuiteOut\klang_library_cells.csv
config,row,col,class,observed_accuracy,baseline_accuracy,lift,surprise_rate,out_of_grammar,grammar_edges,avg_null_accuracy,observed_minus_null,null_modes
upos_deprel_w2,de,de,self,0.93563055914867499,0.058168531384603102,0.87746202776407201,0.064369440851324899,4827,22820,0.0881551516444634,0.84747540750421202,symbol_shuffle|rotation|block_boundary
upos_deprel_w2,de,en,cross,0.66275053674538897,0.058168531384603102,0.60458200536078599,0.33724946325461103,25290,24039,0.059448719145474699,0.60330181759991497,symbol_shuffle|rotation|block_boundary
upos_deprel_w2,en,de,cross,0.59550425273389995,0.026488456865127599,0.56901579586877304,0.40449574726609999,23303,22820,0.048388589943875501,0.54711566279002499,symbol_shuffle|rotation|block_boundary
upos_deprel_w2,en,en,self,0.889394202395417,0.026488456865127599,0.86290574553028998,0.110605797604583,6372,24039,0.062963605855464899,0.82643059653995299,symbol_shuffle|rotation|block_boundary
upos_w1,de,de,self,0.99997472609404403,0.22904477272440099,0.77092995336964398,2.52739059557959e-05,2,180,0.99936394003344597,0.00061078606059838903,symbol_shuffle|rotation|block_boundary
upos_w1,de,en,cross,0.99996208914106599,0.22904477272440099,0.77091731641666605,3.7910858933693899e-05,3,214,0.99991996596447297,4.2123176592912002e-05,symbol_shuffle|rotation|block_boundary
upos_w1,en,de,cross,0.99692046991348005,0.211721766900754,0.78519870301272499,0.0030795300865201301,189,180,0.98981093749151405,0.0071095324219662102,symbol_shuffle|rotation|block_boundary
upos_w1,en,en,self,0.99990223714011095,0.211721766900754,0.788180470239356,9.7762859889527994e-05,6,214,0.999054959021068,0.00084727811904250505,symbol_shuffle|rotation|block_boundary
upos_w2,de,de,self,0.99661283654936095,0.090266572430623193,0.90634626411873698,0.0033871634506394302,254,3039,0.244213595771824,0.75239924077753595,symbol_shuffle|rotation|block_boundary
upos_w2,de,en,cross,0.98087719532198103,0.090266572430623193,0.89061062289135695,0.019122804678019401,1434,4066,0.29105157645343499,0.68982561886854499,symbol_shuffle|rotation|block_boundary
upos_w2,en,de,cross,0.93813574032286096,0.0491581322687034,0.88897760805415704,0.061864259677139398,3564,3039,0.18577214603946099,0.75236359428340005,symbol_shuffle|rotation|block_boundary
upos_w2,en,en,self,0.989533067175838,0.0491581322687034,0.94037493490713397,0.0104669328241625,603,4066,0.23715790082740301,0.75237516634843504,symbol_shuffle|rotation|block_boundary
upos_w3,de,de,self,0.96033594466793704,0.041273202060836997,0.91906274260709997,0.039664055332062999,2810,16283,0.083398028560001905,0.87693791610793503,symbol_shuffle|rotation|block_boundary
upos_w3,de,en,cross,0.85032112357964595,0.041273202060836997,0.809047921518809,0.14967887642035399,10604,18006,0.057501117463006103,0.79282000611664005,symbol_shuffle|rotation|block_boundary
upos_w3,en,de,cross,0.69672055256189502,0.020184063848304699,0.67653648871358996,0.30327944743810498,16378,16283,0.035127678091957902,0.66159287446993698,symbol_shuffle|rotation|block_boundary
upos_w3,en,en,self,0.92048589893154098,0.020184063848304699,0.90030183508323602,0.0795141010684592,4294,18006,0.053546407915609599,0.86693949101593104,symbol_shuffle|rotation|block_boundary
PS H:\kdna_opencl_with_inspector_krun>



PS H:\kdna_opencl_with_inspector_krun> Get-ChildItem .\LangTriadOut\upos_w2 |
>>   Sort-Object Name |
>>   Select-Object Name,Length,LastWriteTime

Name                        Length LastWriteTime
----                        ------ -------------
ar_upos_w2.kstream             256 01.06.2026 09:29:02
ar_upos_w2.u64             1742448 01.06.2026 09:29:02
ar_upos_w2_kdna.u64        1742448 01.06.2026 09:29:04
ar_upos_w2_self.kgram       654464 01.06.2026 09:29:04
de_upos_w2.kstream             256 01.06.2026 09:29:02
de_upos_w2.u64             1999712 01.06.2026 09:29:02
de_upos_w2_kdna.u64        1999712 01.06.2026 09:29:02
de_upos_w2_self.kgram       778112 01.06.2026 09:29:02
en_upos_w2.kstream             256 01.06.2026 09:29:02
en_upos_w2.u64             1536272 01.06.2026 09:29:02
en_upos_w2_kdna.u64        1536272 01.06.2026 09:29:02
en_upos_w2_self.kgram      1041024 01.06.2026 09:29:02
klang_manifest.csv             499 01.06.2026 09:29:04
klang_upos_w2_triad.csv       1601 01.06.2026 09:29:04
klang_upos_w2_triad.kfield    2432 01.06.2026 09:29:04
ReportV12                          01.06.2026 09:29:02


PS H:\kdna_opencl_with_inspector_krun> Test-Path .\LangTriadOut\upos_w2\de_upos_w2_kdna.u64
True
PS H:\kdna_opencl_with_inspector_krun> Test-Path .\LangTriadOut\upos_w2\de_upos_w2_self.kgram
True
PS H:\kdna_opencl_with_inspector_krun> Test-Path .\LangTriadOut\upos_w2\en_upos_w2_kdna.u64
True
PS H:\kdna_opencl_with_inspector_krun> Test-Path .\LangTriadOut\upos_w2\en_upos_w2_self.kgram
True
PS H:\kdna_opencl_with_inspector_krun> Test-Path .\LangTriadOut\upos_w2\ar_upos_w2_kdna.u64
True
PS H:\kdna_opencl_with_inspector_krun> Test-Path .\LangTriadOut\upos_w2\ar_upos_w2_self.kgram
True
PS H:\kdna_opencl_with_inspector_krun> cd H:\kdna_opencl_with_inspector_krun
PS H:\kdna_opencl_with_inspector_krun> $ErrorActionPreference = "Stop"
PS H:\kdna_opencl_with_inspector_krun>
PS H:\kdna_opencl_with_inspector_krun> $OutDir = ".\LangTriadOut\upos_w2"
PS H:\kdna_opencl_with_inspector_krun> $Field = "upos"
PS H:\kdna_opencl_with_inspector_krun> $Window = 2
PS H:\kdna_opencl_with_inspector_krun> $Train = 0.70
PS H:\kdna_opencl_with_inspector_krun> $NullSamples = 200000
PS H:\kdna_opencl_with_inspector_krun> $Seed = "0x4b4c414e47545249"
PS H:\kdna_opencl_with_inspector_krun>
PS H:\kdna_opencl_with_inspector_krun> $Entries = @(
>>   @{ name = "de" },
>>   @{ name = "en" },
>>   @{ name = "ar" }
>> )
PS H:\kdna_opencl_with_inspector_krun>
PS H:\kdna_opencl_with_inspector_krun> $Manifest = Join-Path $OutDir "klang_manifest.csv"
PS H:\kdna_opencl_with_inspector_krun> $Matrix = Join-Path $OutDir "klang_upos_w2_triad.kfield"
PS H:\kdna_opencl_with_inspector_krun> $MatrixCsv = Join-Path $OutDir "klang_upos_w2_triad.csv"
PS H:\kdna_opencl_with_inspector_krun> $NullCsv = Join-Path $OutDir "klang_upos_w2_triad_null.csv"
PS H:\kdna_opencl_with_inspector_krun>
PS H:\kdna_opencl_with_inspector_krun> $Lines = @("name,symbols,grammar")
PS H:\kdna_opencl_with_inspector_krun>
PS H:\kdna_opencl_with_inspector_krun> foreach ($E in $Entries) {
>>   $Name = $E.name
>>   $Base = "$Name`_$Field`_w$Window"
>>
>>   $KDNA = Join-Path $OutDir "$Base`_kdna.u64"
>>   $KGRAM = Join-Path $OutDir "$Base`_self.kgram"
>>
>>   if (-not (Test-Path $KDNA)) { throw "KDNA fehlt vor Manifest: $KDNA" }
>>   if (-not (Test-Path $KGRAM)) { throw "KGRAM fehlt vor Manifest: $KGRAM" }
>>
>>   $Lines += "$Name,$((Get-Item $KDNA).FullName),$((Get-Item $KGRAM).FullName)"
>> }
PS H:\kdna_opencl_with_inspector_krun>
PS H:\kdna_opencl_with_inspector_krun> Set-Content -Encoding UTF8 $Manifest $Lines
PS H:\kdna_opencl_with_inspector_krun> Get-Content $Manifest
name,symbols,grammar
de,H:\kdna_opencl_with_inspector_krun\LangTriadOut\upos_w2\de_upos_w2_kdna.u64,H:\kdna_opencl_with_inspector_krun\LangTriadOut\upos_w2\de_upos_w2_self.kgram
en,H:\kdna_opencl_with_inspector_krun\LangTriadOut\upos_w2\en_upos_w2_kdna.u64,H:\kdna_opencl_with_inspector_krun\LangTriadOut\upos_w2\en_upos_w2_self.kgram
ar,H:\kdna_opencl_with_inspector_krun\LangTriadOut\upos_w2\ar_upos_w2_kdna.u64,H:\kdna_opencl_with_inspector_krun\LangTriadOut\upos_w2\ar_upos_w2_self.kgram
PS H:\kdna_opencl_with_inspector_krun>
PS H:\kdna_opencl_with_inspector_krun> .\scripts\kfield_matrix_from_manifest.ps1 `
>>   -Manifest $Manifest `
>>   -Out $Matrix `
>>   -Csv $MatrixCsv `
>>   -Train $Train `
>>   -Bins 32
KFIELD matrix from manifest: entries=3 out=.\LangTriadOut\upos_w2\klang_upos_w2_triad.kfield csv=.\LangTriadOut\upos_w2\klang_upos_w2_triad.csv
kdna_genome_matrix: wrote .\LangTriadOut\upos_w2\klang_upos_w2_triad.kfield and .\LangTriadOut\upos_w2\klang_upos_w2_triad.csv entries=3 cells=9 train=0.69999999999999996
  de -> de acc:0.99661283654936061 lift:+0.90634626411873742 surprise:0.0033871634506394271 oog:254
  de -> en acc:0.98087719532198059 lift:+0.8906106228913574 surprise:0.019122804678019443 oog:1434
  de -> ar acc:0.71415807651788932 lift:+0.62389150408726612 surprise:0.28584192348211068 oog:21435
  en -> de acc:0.93813574032286062 lift:+0.88897760805415726 surprise:0.061864259677139384 oog:3564
  en -> en acc:0.98953306717583756 lift:+0.9403749349071342 surprise:0.010466932824162473 oog:603
  en -> ar acc:0.76986634264884568 lift:+0.72070821038014232 surprise:0.23013365735115432 oog:13258
  ar -> de acc:0.86868887834590836 lift:+0.74671339587701435 surprise:0.13131112165409162 oog:8580
  ar -> en acc:0.89917509679986529 lift:+0.77719961433097129 surprise:0.10082490320013468 oog:6588
  ar -> ar acc:0.99484244195834159 lift:+0.87286695948944759 surprise:0.0051575580416583769 oog:337
PS H:\kdna_opencl_with_inspector_krun>
PS H:\kdna_opencl_with_inspector_krun> .\build_vs\Release\kdna_field_null_matrix.exe `
>>   --manifest $Manifest `
>>   --out $NullCsv `
>>   --mode all `
>>   --sample-per-cell $NullSamples `
>>   --train $Train `
>>   --seed $Seed `
>>   --block-size 4096 `
>>   --rotation-offset 4096
cannot read manifest .\LangTriadOut\upos_w2\klang_manifest.csv
PS H:\kdna_opencl_with_inspector_krun>
PS H:\kdna_opencl_with_inspector_krun> .\scripts\klang_report_v1_2.ps1 `
>>   -OutDir $OutDir `
>>   -MatrixCsv $MatrixCsv `
>>   -NullCsv $NullCsv `
>>   -ReportDir (Join-Path $OutDir "ReportV12") `
>>   -Title "KLANG_REPORT v1.2 - DE/EN/AR UPOS w2"
KLANG v1.2 report written:

  .\LangTriadOut\upos_w2\ReportV12\KLANG_REPORT_V1_2.html
  .\LangTriadOut\upos_w2\ReportV12\tables\observed_vs_null.csv
PS H:\kdna_opencl_with_inspector_krun>
PS H:\kdna_opencl_with_inspector_krun> Get-Content $MatrixCsv
row,col,n,train_n,unique_variants,grammar_edges,test_transitions,entropy_raw,baseline_accuracy,kgram_accuracy,lift,out_of_grammar,surprise_rate,compression_ratio
de,de,249964,174974,235,3039,74989,6.166274362556325,0.090266572430623152,0.99661283654936061,0.90634626411873742,254,0.0033871634506394271,1063.6765957446808
de,en,249964,174974,235,4066,74989,6.166274362556325,0.090266572430623152,0.98087719532198059,0.8906106228913574,1434,0.019122804678019443,1063.6765957446808
de,ar,249964,174974,235,2556,74989,6.166274362556325,0.090266572430623152,0.71415807651788932,0.62389150408726612,21435,0.28584192348211068,1063.6765957446808
en,de,192034,134423,280,3039,57610,6.5264946852960533,0.049158132268703351,0.93813574032286062,0.88897760805415726,3564,0.061864259677139384,685.83571428571429
en,en,192034,134423,280,4066,57610,6.5264946852960533,0.049158132268703351,0.98953306717583756,0.9403749349071342,603,0.010466932824162473,685.83571428571429
en,ar,192034,134423,280,2556,57610,6.5264946852960533,0.049158132268703351,0.76986634264884568,0.72070821038014232,13258,0.23013365735115432,685.83571428571429
ar,de,217806,152464,236,3039,65341,5.6781120870529831,0.12197548246889396,0.86868887834590836,0.74671339587701435,8580,0.13131112165409162,922.90677966101691
ar,en,217806,152464,236,4066,65341,5.6781120870529831,0.12197548246889396,0.89917509679986529,0.77719961433097129,6588,0.10082490320013468,922.90677966101691
ar,ar,217806,152464,236,2556,65341,5.6781120870529831,0.12197548246889396,0.99484244195834159,0.87286695948944759,337,0.0051575580416583769,922.90677966101691
PS H:\kdna_opencl_with_inspector_krun> Get-Content .\LangTriadOut\upos_w2\ReportV12\tables\observed_vs_null.csv
"row","col","class","observed_accuracy","baseline_accuracy","lift","surprise_rate","out_of_grammar","grammar_edges","avg_null_accuracy","observed_minus_null","null_modes"
"de","de","self","0,996612836549361","0,0902665724306232","0,906346264118737","0,00338716345063943","254","3039","0","0,996612836549361",""
"de","en","cross","0,980877195321981","0,0902665724306232","0,890610622891357","0,0191228046780194","1434","4066","0","0,980877195321981",""
"de","ar","cross","0,714158076517889","0,0902665724306232","0,623891504087266","0,285841923482111","21435","2556","0","0,714158076517889",""
"en","de","cross","0,938135740322861","0,0491581322687034","0,888977608054157","0,0618642596771394","3564","3039","0","0,938135740322861",""
"en","en","self","0,989533067175838","0,0491581322687034","0,940374934907134","0,0104669328241625","603","4066","0","0,989533067175838",""
"en","ar","cross","0,769866342648846","0,0491581322687034","0,720708210380142","0,230133657351154","13258","2556","0","0,769866342648846",""
"ar","de","cross","0,868688878345908","0,121975482468894","0,746713395877014","0,131311121654092","8580","3039","0","0,868688878345908",""
"ar","en","cross","0,899175096799865","0,121975482468894","0,777199614330971","0,100824903200135","6588","4066","0","0,899175096799865",""
"ar","ar","self","0,994842441958342","0,121975482468894","0,872866959489448","0,00515755804165838","337","2556","0","0,994842441958342",""
PS H:\kdna_opencl_with_inspector_krun>


PS H:\kdna_opencl_with_inspector_krun> cd H:\kdna_opencl_with_inspector_krun
PS H:\kdna_opencl_with_inspector_krun> $ErrorActionPreference = "Stop"
PS H:\kdna_opencl_with_inspector_krun>
PS H:\kdna_opencl_with_inspector_krun> $OutDir = ".\LangTriadOut\upos_w2"
PS H:\kdna_opencl_with_inspector_krun> $Train = 0.70
PS H:\kdna_opencl_with_inspector_krun> $NullSamples = 200000
PS H:\kdna_opencl_with_inspector_krun> $Seed = "0x4b4c414e47545249"
PS H:\kdna_opencl_with_inspector_krun>
PS H:\kdna_opencl_with_inspector_krun> $Manifest = (Get-Item (Join-Path $OutDir "klang_manifest.csv")).FullName
PS H:\kdna_opencl_with_inspector_krun> $MatrixCsv = (Get-Item (Join-Path $OutDir "klang_upos_w2_triad.csv")).FullName
PS H:\kdna_opencl_with_inspector_krun> $NullCsv = (Join-Path (Get-Item $OutDir).FullName "klang_upos_w2_triad_null.csv")

PS H:\kdna_opencl_with_inspector_krun>
PS H:\kdna_opencl_with_inspector_krun> $Rows = @(
>>   "name,symbols,grammar",
>>   "de,$((Get-Item "$OutDir\de_upos_w2_kdna.u64").FullName),$((Get-Item "$OutDir\de_upos_w2_self.kgram").FullName)",
>>   "en,$((Get-Item "$OutDir\en_upos_w2_kdna.u64").FullName),$((Get-Item "$OutDir\en_upos_w2_self.kgram").FullName)",
>>   "ar,$((Get-Item "$OutDir\ar_upos_w2_kdna.u64").FullName),$((Get-Item "$OutDir\ar_upos_w2_self.kgram").FullName)"
>> )
PS H:\kdna_opencl_with_inspector_krun>
PS H:\kdna_opencl_with_inspector_krun> $Utf8NoBom = New-Object System.Text.UTF8Encoding($false)
PS H:\kdna_opencl_with_inspector_krun> [System.IO.File]::WriteAllLines($Manifest, $Rows, $Utf8NoBom)
PS H:\kdna_opencl_with_inspector_krun>
PS H:\kdna_opencl_with_inspector_krun> Get-Content $Manifest
name,symbols,grammar
de,H:\kdna_opencl_with_inspector_krun\LangTriadOut\upos_w2\de_upos_w2_kdna.u64,H:\kdna_opencl_with_inspector_krun\LangTriadOut\upos_w2\de_upos_w2_self.kgram
en,H:\kdna_opencl_with_inspector_krun\LangTriadOut\upos_w2\en_upos_w2_kdna.u64,H:\kdna_opencl_with_inspector_krun\LangTriadOut\upos_w2\en_upos_w2_self.kgram
ar,H:\kdna_opencl_with_inspector_krun\LangTriadOut\upos_w2\ar_upos_w2_kdna.u64,H:\kdna_opencl_with_inspector_krun\LangTriadOut\upos_w2\ar_upos_w2_self.kgram
PS H:\kdna_opencl_with_inspector_krun>
PS H:\kdna_opencl_with_inspector_krun> .\build_vs\Release\kdna_field_null_matrix.exe `
>>   --manifest $Manifest `
>>   --out $NullCsv `
>>   --mode all `
>>   --sample-per-cell $NullSamples `
>>   --train $Train `
>>   --seed $Seed `
>>   --block-size 4096 `
>>   --rotation-offset 4096
kdna_field_null_matrix: row=de n=249964
kdna_field_null_matrix: row=en n=192034
kdna_field_null_matrix: row=ar n=217806
kdna_field_null_matrix: wrote H:\kdna_opencl_with_inspector_krun\LangTriadOut\upos_w2\klang_upos_w2_triad_null.csv entries=3 modes=all sample_per_cell=200000 train=0.69999999999999996
PS H:\kdna_opencl_with_inspector_krun>
PS H:\kdna_opencl_with_inspector_krun> Test-Path $NullCsv
True
PS H:\kdna_opencl_with_inspector_krun> Get-Content $NullCsv -TotalCount 20
mode,row,col,samples,null_kgram_accuracy,null_surprise,seed,train,block_size,rotation_offset
symbol_shuffle,de,de,74989,0.23906172905359452,0.76093827094640543,0x4b4c414e47545249,0.69999999999999996,4096,4096
symbol_shuffle,de,en,74989,0.28958913974049527,0.71041086025950473,0x4b4c414e47545249,0.69999999999999996,4096,4096
symbol_shuffle,de,ar,74989,0.12411153635866594,0.8758884636413341,0x4b4c414e47545249,0.69999999999999996,4096,4096
rotation,de,de,74989,0.23780821187107443,0.76219178812892552,0x4b4c414e1500131d,0.69999999999999996,4096,4096
rotation,de,en,74989,0.29221619170811719,0.70778380829188281,0x4b4c414e1500131d,0.69999999999999996,4096,4096
rotation,de,ar,74989,0.12236461347664324,0.87763538652335682,0x4b4c414e1500131d,0.69999999999999996,4096,4096
block_boundary,de,de,74989,0.2532771473149395,0.74672285268506045,0x4b4c414e05181d0a,0.69999999999999996,4096,4096
block_boundary,de,en,74989,0.26001146834869115,0.73998853165130885,0x4b4c414e05181d0a,0.69999999999999996,4096,4096
block_boundary,de,ar,74989,0.11061622371281121,0.88938377628718879,0x4b4c414e05181d0a,0.69999999999999996,4096,4096
symbol_shuffle,en,de,57610,0.18226002430133659,0.81773997569866341,0x4b4c414e47545249,0.69999999999999996,4096,4096
symbol_shuffle,en,en,57610,0.23596597812879708,0.76403402187120295,0x4b4c414e47545249,0.69999999999999996,4096,4096
symbol_shuffle,en,ar,57610,0.12942197535150149,0.87057802464849854,0x4b4c414e47545249,0.69999999999999996,4096,4096
rotation,en,de,57610,0.1783370942544697,0.82166290574553025,0x4b4c414e1500131d,0.69999999999999996,4096,4096
rotation,en,en,57610,0.23252907481340046,0.76747092518659954,0x4b4c414e1500131d,0.69999999999999996,4096,4096
rotation,en,ar,57610,0.12855407047387607,0.87144592952612387,0x4b4c414e1500131d,0.69999999999999996,4096,4096
block_boundary,en,de,57610,0.16108314528727652,0.83891685471272348,0x4b4c414e05181d0a,0.69999999999999996,4096,4096
block_boundary,en,en,57610,0.18920326332233986,0.81079673667766017,0x4b4c414e05181d0a,0.69999999999999996,4096,4096
block_boundary,en,ar,57610,0.10663079326505814,0.89336920673494191,0x4b4c414e05181d0a,0.69999999999999996,4096,4096
symbol_shuffle,ar,de,65341,0.20486371497222264,0.79513628502777733,0x4b4c414e47545249,0.69999999999999996,4096,4096
PS H:\kdna_opencl_with_inspector_krun> .\scripts\klang_report_v1_2.ps1 `
>>   -OutDir $OutDir `
>>   -MatrixCsv $MatrixCsv `
>>   -NullCsv $NullCsv `
>>   -ReportDir (Join-Path $OutDir "ReportV12") `
>>   -Title "KLANG_REPORT v1.2 - DE/EN/AR UPOS w2"
KLANG v1.2 report written:

  .\LangTriadOut\upos_w2\ReportV12\KLANG_REPORT_V1_2.html
  .\LangTriadOut\upos_w2\ReportV12\tables\observed_vs_null.csv
PS H:\kdna_opencl_with_inspector_krun>
PS H:\kdna_opencl_with_inspector_krun> Get-Content .\LangTriadOut\upos_w2\ReportV12\tables\observed_vs_null.csv
"row","col","class","observed_accuracy","baseline_accuracy","lift","surprise_rate","out_of_grammar","grammar_edges","avg_null_accuracy","observed_minus_null","null_modes"
"de","de","self","0,996612836549361","0,0902665724306232","0,906346264118737","0,00338716345063943","254","3039","0,243382362746536","0,753230473802824","symbol_shuffle|rotation|block_boundary"
"de","en","cross","0,980877195321981","0,0902665724306232","0,890610622891357","0,0191228046780194","1434","4066","0,280605599932435","0,700271595389546","symbol_shuffle|rotation|block_boundary"
"de","ar","cross","0,714158076517889","0,0902665724306232","0,623891504087266","0,285841923482111","21435","2556","0,119030791182707","0,595127285335183","symbol_shuffle|rotation|block_boundary"
"en","de","cross","0,938135740322861","0,0491581322687034","0,888977608054157","0,0618642596771394","3564","3039","0,173893421281028","0,764242319041833","symbol_shuffle|rotation|block_boundary"
"en","en","self","0,989533067175838","0,0491581322687034","0,940374934907134","0,0104669328241625","603","4066","0,219232772088179","0,770300295087658","symbol_shuffle|rotation|block_boundary"
"en","ar","cross","0,769866342648846","0,0491581322687034","0,720708210380142","0,230133657351154","13258","2556","0,121535613030145","0,6483307296187","symbol_shuffle|rotation|block_boundary"
"ar","de","cross","0,868688878345908","0,121975482468894","0,746713395877014","0,131311121654092","8580","3039","0,221407691954516","0,647281186391393","symbol_shuffle|rotation|block_boundary"
"ar","en","cross","0,899175096799865","0,121975482468894","0,777199614330971","0,100824903200135","6588","4066","0,251195012830127","0,647980083969738","symbol_shuffle|rotation|block_boundary"
"ar","ar","self","0,994842441958342","0,121975482468894","0,872866959489448","0,00515755804165838","337","2556","0,350214005499355","0,644628436458987","symbol_shuffle|rotation|block_boundary"
PS H:\kdna_opencl_with_inspector_krun> Start-Process .\LangTriadOut\upos_w2\ReportV12\KLANG_REPORT_V1_2.html
PS H:\kdna_opencl_with_inspector_krun>
PS H:\kdna_opencl_with_inspector_krun> Get-Content .\LangTriadOut\upos_w2\ReportV12\tables\observed_vs_null.csv
"row","col","class","observed_accuracy","baseline_accuracy","lift","surprise_rate","out_of_grammar","grammar_edges","avg_null_accuracy","observed_minus_null","null_modes"
"de","de","self","0,996612836549361","0,0902665724306232","0,906346264118737","0,00338716345063943","254","3039","0,243382362746536","0,753230473802824","symbol_shuffle|rotation|block_boundary"
"de","en","cross","0,980877195321981","0,0902665724306232","0,890610622891357","0,0191228046780194","1434","4066","0,280605599932435","0,700271595389546","symbol_shuffle|rotation|block_boundary"
"de","ar","cross","0,714158076517889","0,0902665724306232","0,623891504087266","0,285841923482111","21435","2556","0,119030791182707","0,595127285335183","symbol_shuffle|rotation|block_boundary"
"en","de","cross","0,938135740322861","0,0491581322687034","0,888977608054157","0,0618642596771394","3564","3039","0,173893421281028","0,764242319041833","symbol_shuffle|rotation|block_boundary"
"en","en","self","0,989533067175838","0,0491581322687034","0,940374934907134","0,0104669328241625","603","4066","0,219232772088179","0,770300295087658","symbol_shuffle|rotation|block_boundary"
"en","ar","cross","0,769866342648846","0,0491581322687034","0,720708210380142","0,230133657351154","13258","2556","0,121535613030145","0,6483307296187","symbol_shuffle|rotation|block_boundary"
"ar","de","cross","0,868688878345908","0,121975482468894","0,746713395877014","0,131311121654092","8580","3039","0,221407691954516","0,647281186391393","symbol_shuffle|rotation|block_boundary"
"ar","en","cross","0,899175096799865","0,121975482468894","0,777199614330971","0,100824903200135","6588","4066","0,251195012830127","0,647980083969738","symbol_shuffle|rotation|block_boundary"
"ar","ar","self","0,994842441958342","0,121975482468894","0,872866959489448","0,00515755804165838","337","2556","0,350214005499355","0,644628436458987","symbol_shuffle|rotation|block_boundary"
PS H:\kdna_opencl_with_inspector_krun> Get-Content .\LangTriadOut\upos_w2\ReportV12\tables\null_summary.csv
"mode","cells","avg_null_accuracy","max_null_accuracy","avg_null_surprise","samples_per_cell"
"symbol_shuffle","9","0,222019890236207","0,356927503405213","0,777980109763793","74989"
"rotation","9","0,22200457537354","0,356713242833749","0,77799542462646","74989"
"block_boundary","9","0,216141291238595","0,337001270259102","0,783858708761405","74989"
PS H:\kdna_opencl_with_inspector_krun> Get-Content .\LangTriadOut\upos_w2\ReportV12\tables\asymmetry.csv
"pair","forward","reverse","forward_accuracy","reverse_accuracy","delta_accuracy","forward_lift","reverse_lift","delta_lift","forward_surprise","reverse_surprise"
"de<->en","de->en","en->de","0,980877195321981","0,938135740322861","0,04274145499912","0,890610622891357","0,888977608054157","0,00163301483720013","0,0191228046780194","0,0618642596771394"
"ar<->de","ar->de","de->ar","0,868688878345908","0,714158076517889","0,154530801828019","0,746713395877014","0,623891504087266","0,122821891789748","0,131311121654092","0,285841923482111"
"ar<->en","ar->en","en->ar","0,899175096799865","0,769866342648846","0,12930875415102","0,777199614330971","0,720708210380142","0,056491403950829","0,100824903200135","0,230133657351154"
PS H:\kdna_opencl_with_inspector_krun>
PS H:\kdna_opencl_with_inspector_krun> Write-Host "=== First bytes: must NOT start with EF BB BF ==="
=== First bytes: must NOT start with EF BB BF ===
PS H:\kdna_opencl_with_inspector_krun>
PS H:\kdna_opencl_with_inspector_krun> $bytes = [System.IO.File]::ReadAllBytes((Resolve-Path $Manifest))
PS H:\kdna_opencl_with_inspector_krun> $bytes[0..15] | ForEach-Object { "{0:X2}" -f $_ }
6E
61
6D
65
2C
73
79
6D
62
6F
6C
73
2C
67
72
61
PS H:\kdna_opencl_with_inspector_krun> Remove-Item -Force $NullCsv -ErrorAction SilentlyContinue
PS H:\kdna_opencl_with_inspector_krun>
PS H:\kdna_opencl_with_inspector_krun> .\build_vs\Release\kdna_field_null_matrix.exe `
>>   --manifest $Manifest `
>>   --out $NullCsv `
>>   --mode all `
>>   --sample-per-cell $NullSamples `
>>   --train $Train `
>>   --seed $Seed `
>>   --block-size 4096 `
>>   --rotation-offset 4096
kdna_field_null_matrix: row=de n=249964
kdna_field_null_matrix: row=en n=192034
kdna_field_null_matrix: row=ar n=217806
kdna_field_null_matrix: wrote .\LangTriadOut\upos_w2\klang_upos_w2_triad_null.csv entries=3 modes=all sample_per_cell=200000 train=0.69999999999999996
PS H:\kdna_opencl_with_inspector_krun>
PS H:\kdna_opencl_with_inspector_krun> if (-not (Test-Path $NullCsv)) {
>>   throw "NullCsv wurde nicht erzeugt: $NullCsv"
>> }
PS H:\kdna_opencl_with_inspector_krun>
PS H:\kdna_opencl_with_inspector_krun> Write-Host "=== Null CSV ==="
=== Null CSV ===
PS H:\kdna_opencl_with_inspector_krun> Get-Content $NullCsv -TotalCount 30
mode,row,col,samples,null_kgram_accuracy,null_surprise,seed,train,block_size,rotation_offset
symbol_shuffle,de,de,74989,0.23906172905359452,0.76093827094640543,0x4b4c414e47545249,0.69999999999999996,4096,4096
symbol_shuffle,de,en,74989,0.28958913974049527,0.71041086025950473,0x4b4c414e47545249,0.69999999999999996,4096,4096
symbol_shuffle,de,ar,74989,0.12411153635866594,0.8758884636413341,0x4b4c414e47545249,0.69999999999999996,4096,4096
rotation,de,de,74989,0.23780821187107443,0.76219178812892552,0x4b4c414e1500131d,0.69999999999999996,4096,4096
rotation,de,en,74989,0.29221619170811719,0.70778380829188281,0x4b4c414e1500131d,0.69999999999999996,4096,4096
rotation,de,ar,74989,0.12236461347664324,0.87763538652335682,0x4b4c414e1500131d,0.69999999999999996,4096,4096
block_boundary,de,de,74989,0.2532771473149395,0.74672285268506045,0x4b4c414e05181d0a,0.69999999999999996,4096,4096
block_boundary,de,en,74989,0.26001146834869115,0.73998853165130885,0x4b4c414e05181d0a,0.69999999999999996,4096,4096
block_boundary,de,ar,74989,0.11061622371281121,0.88938377628718879,0x4b4c414e05181d0a,0.69999999999999996,4096,4096
symbol_shuffle,en,de,57610,0.18226002430133659,0.81773997569866341,0x4b4c414e47545249,0.69999999999999996,4096,4096
symbol_shuffle,en,en,57610,0.23596597812879708,0.76403402187120295,0x4b4c414e47545249,0.69999999999999996,4096,4096
symbol_shuffle,en,ar,57610,0.12942197535150149,0.87057802464849854,0x4b4c414e47545249,0.69999999999999996,4096,4096
rotation,en,de,57610,0.1783370942544697,0.82166290574553025,0x4b4c414e1500131d,0.69999999999999996,4096,4096
rotation,en,en,57610,0.23252907481340046,0.76747092518659954,0x4b4c414e1500131d,0.69999999999999996,4096,4096
rotation,en,ar,57610,0.12855407047387607,0.87144592952612387,0x4b4c414e1500131d,0.69999999999999996,4096,4096
block_boundary,en,de,57610,0.16108314528727652,0.83891685471272348,0x4b4c414e05181d0a,0.69999999999999996,4096,4096
block_boundary,en,en,57610,0.18920326332233986,0.81079673667766017,0x4b4c414e05181d0a,0.69999999999999996,4096,4096
block_boundary,en,ar,57610,0.10663079326505814,0.89336920673494191,0x4b4c414e05181d0a,0.69999999999999996,4096,4096
symbol_shuffle,ar,de,65341,0.20486371497222264,0.79513628502777733,0x4b4c414e47545249,0.69999999999999996,4096,4096
symbol_shuffle,ar,en,65341,0.23597741081403714,0.76402258918596289,0x4b4c414e47545249,0.69999999999999996,4096,4096
symbol_shuffle,ar,ar,65341,0.35692750340521268,0.64307249659478738,0x4b4c414e47545249,0.69999999999999996,4096,4096
rotation,ar,de,65341,0.20960805619748704,0.79039194380251299,0x4b4c414e1500131d,0.69999999999999996,4096,4096
rotation,ar,en,65341,0.23991062273304664,0.76008937726695336,0x4b4c414e1500131d,0.69999999999999996,4096,4096
rotation,ar,ar,65341,0.35671324283374911,0.64328675716625083,0x4b4c414e1500131d,0.69999999999999996,4096,4096
block_boundary,ar,de,65341,0.24975130469383694,0.75024869530616312,0x4b4c414e05181d0a,0.69999999999999996,4096,4096
block_boundary,ar,en,65341,0.27769700494329747,0.72230299505670259,0x4b4c414e05181d0a,0.69999999999999996,4096,4096
block_boundary,ar,ar,65341,0.33700127025910226,0.66299872974089769,0x4b4c414e05181d0a,0.69999999999999996,4096,4096
PS H:\kdna_opencl_with_inspector_krun> .\scripts\klang_report_v1_2.ps1 `
>>   -OutDir $OutDir `
>>   -MatrixCsv $MatrixCsv `
>>   -NullCsv $NullCsvAbs `
>>   -ReportDir (Join-Path $OutDir "ReportV12") `
>>   -Title "KLANG_REPORT v1.2 - DE/EN/AR UPOS w2"
KLANG v1.2 report written:

  .\LangTriadOut\upos_w2\ReportV12\KLANG_REPORT_V1_2.html
  .\LangTriadOut\upos_w2\ReportV12\tables\observed_vs_null.csv
PS H:\kdna_opencl_with_inspector_krun>
PS H:\kdna_opencl_with_inspector_krun> Get-Content .\LangTriadOut\upos_w2\ReportV12\tables\observed_vs_null.csv
"row","col","class","observed_accuracy","baseline_accuracy","lift","surprise_rate","out_of_grammar","grammar_edges","avg_null_accuracy","observed_minus_null","null_modes"
"de","de","self","0,996612836549361","0,0902665724306232","0,906346264118737","0,00338716345063943","254","3039","0,243382362746536","0,753230473802824","symbol_shuffle|rotation|block_boundary"
"de","en","cross","0,980877195321981","0,0902665724306232","0,890610622891357","0,0191228046780194","1434","4066","0,280605599932435","0,700271595389546","symbol_shuffle|rotation|block_boundary"
"de","ar","cross","0,714158076517889","0,0902665724306232","0,623891504087266","0,285841923482111","21435","2556","0,119030791182707","0,595127285335183","symbol_shuffle|rotation|block_boundary"
"en","de","cross","0,938135740322861","0,0491581322687034","0,888977608054157","0,0618642596771394","3564","3039","0,173893421281028","0,764242319041833","symbol_shuffle|rotation|block_boundary"
"en","en","self","0,989533067175838","0,0491581322687034","0,940374934907134","0,0104669328241625","603","4066","0,219232772088179","0,770300295087658","symbol_shuffle|rotation|block_boundary"
"en","ar","cross","0,769866342648846","0,0491581322687034","0,720708210380142","0,230133657351154","13258","2556","0,121535613030145","0,6483307296187","symbol_shuffle|rotation|block_boundary"
"ar","de","cross","0,868688878345908","0,121975482468894","0,746713395877014","0,131311121654092","8580","3039","0,221407691954516","0,647281186391393","symbol_shuffle|rotation|block_boundary"
"ar","en","cross","0,899175096799865","0,121975482468894","0,777199614330971","0,100824903200135","6588","4066","0,251195012830127","0,647980083969738","symbol_shuffle|rotation|block_boundary"
"ar","ar","self","0,994842441958342","0,121975482468894","0,872866959489448","0,00515755804165838","337","2556","0,350214005499355","0,644628436458987","symbol_shuffle|rotation|block_boundary"
PS H:\kdna_opencl_with_inspector_krun>


PS H:\kdna_opencl_with_inspector_krun> cd H:\kdna_opencl_with_inspector_krun
PS H:\kdna_opencl_with_inspector_krun>
PS H:\kdna_opencl_with_inspector_krun> Remove-Item -Recurse -Force .\_patch_kalyx_plant -ErrorAction SilentlyContinue
PS H:\kdna_opencl_with_inspector_krun> Expand-Archive -Force .\kalyx_plant_v0_1_patch.zip .\_patch_kalyx_plant
PS H:\kdna_opencl_with_inspector_krun>
PS H:\kdna_opencl_with_inspector_krun> .\_patch_kalyx_plant\kalyx_plant_v0_1_patch\scripts\apply_kalyx_plant_v0_1_patch.ps1 `
>>   -ProjectRoot H:\kdna_opencl_with_inspector_krun
KALYX-PLANT v0.1 anwenden:
  tools\kalyx_plant.c
  scripts\kalyx_plant_experiment.ps1
  docs\KALYX_PLANT_v0_1_SPEC.md
  CMakeLists.txt erweitert: kalyx_plant + kalyx_plant_help
KALYX-PLANT v0.1 angewendet.
Build-Erwartung: cmake --build build_vs --config Release --target kalyx_plant
PS H:\kdna_opencl_with_inspector_krun>
PS H:\kdna_opencl_with_inspector_krun> $CMAKE_EXE  = "C:\Program Files\CMake\bin\cmake.exe"
PS H:\kdna_opencl_with_inspector_krun> $CTEST_EXE  = "C:\Program Files\CMake\bin\ctest.exe"
PS H:\kdna_opencl_with_inspector_krun>
PS H:\kdna_opencl_with_inspector_krun> & $CMAKE_EXE -S . -B build_vs `
>>   -G "Visual Studio 17 2022" `
>>   -A x64
-- Selecting Windows SDK version 10.0.26100.0 to target Windows 10.0.29599.
-- Configuring done (0.1s)
-- Generating done (0.7s)
-- Build files have been written to: H:/kdna_opencl_with_inspector_krun/build_vs
PS H:\kdna_opencl_with_inspector_krun>
PS H:\kdna_opencl_with_inspector_krun> & $CMAKE_EXE --build build_vs --config Release --target kalyx_plant
MSBuild-Version 17.14.40+3e7442088 für .NET Framework

  kdna.vcxproj -> H:\kdna_opencl_with_inspector_krun\build_vs\Release\kdna.lib
  Building Custom Rule H:/kdna_opencl_with_inspector_krun/CMakeLists.txt
  kalyx_plant.c
  kalyx_plant.vcxproj -> H:\kdna_opencl_with_inspector_krun\build_vs\Release\kalyx_plant.exe
PS H:\kdna_opencl_with_inspector_krun> & $CMAKE_EXE --build build_vs --config Release --target kdna_symbol_gram
MSBuild-Version 17.14.40+3e7442088 für .NET Framework

  kdna.vcxproj -> H:\kdna_opencl_with_inspector_krun\build_vs\Release\kdna.lib
  kdna_symbol_gram.vcxproj -> H:\kdna_opencl_with_inspector_krun\build_vs\Release\kdna_symbol_gram.exe
PS H:\kdna_opencl_with_inspector_krun> & $CMAKE_EXE --build build_vs --config Release --target kdna_genome_matrix
MSBuild-Version 17.14.40+3e7442088 für .NET Framework

  kdna.vcxproj -> H:\kdna_opencl_with_inspector_krun\build_vs\Release\kdna.lib
  kdna_genome_matrix.vcxproj -> H:\kdna_opencl_with_inspector_krun\build_vs\Release\kdna_genome_matrix.exe
PS H:\kdna_opencl_with_inspector_krun> & $CMAKE_EXE --build build_vs --config Release --target kdna_field_null_matrix
MSBuild-Version 17.14.40+3e7442088 für .NET Framework

  kdna.vcxproj -> H:\kdna_opencl_with_inspector_krun\build_vs\Release\kdna.lib
  kdna_field_null_matrix.vcxproj -> H:\kdna_opencl_with_inspector_krun\build_vs\Release\kdna_field_null_matrix.exe
PS H:\kdna_opencl_with_inspector_krun>
PS H:\kdna_opencl_with_inspector_krun> & $CTEST_EXE --test-dir build_vs -C Release -R "kalyx_plant_help" --output-on-failure
Test project H:/kdna_opencl_with_inspector_krun/build_vs
    Start 84: kalyx_plant_help
1/1 Test #84: kalyx_plant_help .................   Passed    0.02 sec

100% tests passed, 0 tests failed out of 1

Total Test time (real) =   0.03 sec
PS H:\kdna_opencl_with_inspector_krun> .\scripts\kalyx_plant_experiment.ps1 `
>>   -InSymbols .\GenomeOutFull\chr17_k16_kdna.u64 `
>>   -OutDir .\PlantOut_chr17 `
>>   -Payload "KALYX_PLANT_POSITIVE_CONTROL_RK" `
>>   -MaxSymbols 1048576 `
>>   -PatternLen 32 `
>>   -Period 128 `
>>   -Offset 0 `
>>   -Train 0.70 `
>>   -NullSamples 200000
=== KALYX-PLANT: declared planted structure ===
kalyx_plant: in=.\GenomeOutFull\chr17_k16_kdna.u64 out=.\PlantOut_chr17\carrier_planted.u64 n=1048576 pattern_len=32 period=128 anchors=8192 writes=262144 density=0.25 payload_hash=0x9d37001e5c4e756b
manifest=.\PlantOut_chr17\plant_manifest.csv
control=.\PlantOut_chr17\carrier_control.u64
pattern_out=.\PlantOut_chr17\plant_pattern.u64
=== KGRAM induction ===
kdna_symbol_gram: source=.\PlantOut_chr17\carrier_control.u64 out=.\PlantOut_chr17\carrier_control_self.kgram n=1048576 train_n=734003 transitions=734002 unique_edges=372196 payload_bytes=95282176
kdna_symbol_gram: source=.\PlantOut_chr17\carrier_planted.u64 out=.\PlantOut_chr17\carrier_planted_self.kgram n=1048576 train_n=734003 transitions=734002 unique_edges=311801 payload_bytes=79821056
kdna_symbol_gram: source=.\PlantOut_chr17\plant_pattern.u64 out=.\PlantOut_chr17\plant_pattern_self.kgram n=1048576 train_n=734003 transitions=734002 unique_edges=32 payload_bytes=8192
=== KALYX-PLANT KFIELD matrix ===
KFIELD matrix from manifest: entries=3 out=.\PlantOut_chr17\kalyx_plant.kfield csv=.\PlantOut_chr17\kalyx_plant.csv
kdna_genome_matrix: wrote .\PlantOut_chr17\kalyx_plant.kfield and .\PlantOut_chr17\kalyx_plant.csv entries=3 cells=9 train=0.69999999999999996
  control -> control acc:0.61299479928283507 lift:+0.61080770062179723 surprise:0.38700520071716493 oog:121741
  control -> planted acc:0.56235456429688591 lift:+0.56016746563584807 surprise:0.43764543570311409 oog:137671
  control -> pattern acc:0 lift:-0.0021870986610378544 surprise:1 oog:314572
  planted -> control acc:0.45528527650267664 lift:+0.44747466398789465 surprise:0.54471472349732331 oog:171352
  planted -> planted acc:0.66305647037880044 lift:+0.65524585786401845 surprise:0.33694352962119961 oog:105993
  planted -> pattern acc:0.24212898795824167 lift:+0.23431837544345968 surprise:0.75787101204175833 oog:238405
  pattern -> control acc:0 lift:-0.031248807904072834 surprise:1 oog:314572
  pattern -> planted acc:0.96875119209592719 lift:+0.93750238419185439 surprise:0.031248807904072834 oog:9830
  pattern -> pattern acc:1 lift:+0.96875119209592719 surprise:0 oog:0
=== KALYX-PLANT null models ===
kdna_field_null_matrix: row=control n=1048576
kdna_field_null_matrix: row=planted n=1048576
kdna_field_null_matrix: row=pattern n=1048576
kdna_field_null_matrix: wrote .\PlantOut_chr17\kalyx_plant_null.csv entries=3 modes=all sample_per_cell=200000 train=0.69999999999999996
KALYX-PLANT complete:
  .\PlantOut_chr17\plant_manifest.csv
  .\PlantOut_chr17\kalyx_plant.csv
  .\PlantOut_chr17\kalyx_plant_null.csv
  .\PlantOut_chr17\KALYX_PLANT_REPORT.md

control -> pattern acc: 0,000000000
planted -> pattern acc: 0,242128988
pattern -> pattern acc: 1,000000000
plant lift over control: 0,242128988
PS H:\kdna_opencl_with_inspector_krun> Get-Content .\PlantOut_chr17\KALYX_PLANT_REPORT.md
# KALYX-PLANT v0.1 Report

Declared planted-structure positive-control benchmark. This is not a covert-channel test.

## Inputs

- Carrier: `.\GenomeOutFull\chr17_k16_kdna.u64`
- Payload label: `KALYX_PLANT_POSITIVE_CONTROL_RK`
- N: `1048576`
- PatternLen: `32`
- Period: `128`
- Offset: `0`
- Train: `0.7`

## Key Cells

| Cell | Accuracy | Avg Null | Delta |
|---|---:|---:|---:|
| control → pattern | 0,000000000 | 0,000000000 | 0,000000000 |
| planted → pattern | 0,242128988 | 0,000653333 | 0,241475655 |
| pattern → pattern | 1,000000000 | n/a | n/a |

Plant lift over control: `0,242128988`

## Interpretation

The benchmark is successful if `planted → pattern` is substantially above `control → pattern` and remains above the null models.

## Artefacts

- `@{row=control; col=pattern; n=1048576; train_n=734003; unique_variants=219104; grammar_edges=32; test_transitions=314572; entropy_raw=16.090170360069788; baseline_accuracy=0.0021870986610378544; kgram_accuracy=0; lift=-0.0021870986610378544; out_of_grammar=314572; surprise_rate=1; compression_ratio=4.7857455820067178}`
- `.\PlantOut_chr17\carrier_planted.u64`
- `.\PlantOut_chr17\plant_pattern.u64`
- `.\PlantOut_chr17\plant_manifest.csv`
- `.\PlantOut_chr17\plant_positions.csv`
- `.\PlantOut_chr17\kalyx_plant.csv`
- `.\PlantOut_chr17\kalyx_plant_null.csv`

## Safety Boundary

KALYX-PLANT creates declared positive controls for scientific validation. It does not implement stealth embedding, non-detectable communication, or evasion.
PS H:\kdna_opencl_with_inspector_krun> Get-Content .\PlantOut_chr17\kalyx_plant.csv
row,col,n,train_n,unique_variants,grammar_edges,test_transitions,entropy_raw,baseline_accuracy,kgram_accuracy,lift,out_of_grammar,surprise_rate,compression_ratio
control,control,1048576,734003,219104,372196,314572,16.090170360069788,0.0021870986610378544,0.61299479928283507,0.61080770062179723,121741,0.38700520071716493,4.7857455820067178
control,planted,1048576,734003,219104,311801,314572,16.090170360069788,0.0021870986610378544,0.56235456429688591,0.56016746563584807,137671,0.43764543570311409,4.7857455820067178
control,pattern,1048576,734003,219104,32,314572,16.090170360069788,0.0021870986610378544,0,-0.0021870986610378544,314572,1,4.7857455820067178
planted,control,1048576,734003,192243,372196,314572,14.074561550068347,0.0078106125147819894,0.45528527650267664,0.44747466398789465,171352,0.54471472349732331,5.4544300702756408
planted,planted,1048576,734003,192243,311801,314572,14.074561550068347,0.0078106125147819894,0.66305647037880044,0.65524585786401845,105993,0.33694352962119961,5.4544300702756408
planted,pattern,1048576,734003,192243,32,314572,14.074561550068347,0.0078106125147819894,0.24212898795824167,0.23431837544345968,238405,0.75787101204175833,5.4544300702756408
pattern,control,1048576,734003,32,372196,314572,5,0.031248807904072834,0,-0.031248807904072834,314572,1,32768
pattern,planted,1048576,734003,32,311801,314572,5,0.031248807904072834,0.96875119209592719,0.93750238419185439,9830,0.031248807904072834,32768
pattern,pattern,1048576,734003,32,32,314572,5,0.031248807904072834,1,0.96875119209592719,0,0,32768
PS H:\kdna_opencl_with_inspector_krun> Get-Content .\PlantOut_chr17\kalyx_plant_null.csv -TotalCount 30
mode,row,col,samples,null_kgram_accuracy,null_surprise,seed,train,block_size,rotation_offset
symbol_shuffle,control,control,200000,0.000175,0.99982499999999996,0x4b504c414e543031,0.69999999999999996,4096,4096
symbol_shuffle,control,planted,200000,0.00021000000000000001,0.99978999999999996,0x4b504c414e543031,0.69999999999999996,4096,4096
symbol_shuffle,control,pattern,200000,0,1,0x4b504c414e543031,0.69999999999999996,4096,4096
rotation,control,control,200000,0.00016000000000000001,0.99983999999999995,0x4b504c411c007165,0.69999999999999996,4096,4096
rotation,control,planted,200000,0.000175,0.99982499999999996,0x4b504c411c007165,0.69999999999999996,4096,4096
rotation,control,pattern,200000,0,1,0x4b504c411c007165,0.69999999999999996,4096,4096
block_boundary,control,control,200000,0.0083949999999999997,0.99160499999999996,0x4b504c410c187f72,0.69999999999999996,4096,4096
block_boundary,control,planted,200000,0.0074900000000000001,0.99251,0x4b504c410c187f72,0.69999999999999996,4096,4096
block_boundary,control,pattern,200000,0,1,0x4b504c410c187f72,0.69999999999999996,4096,4096
symbol_shuffle,planted,control,200000,0.00011,0.99988999999999995,0x4b504c414e543031,0.69999999999999996,4096,4096
symbol_shuffle,planted,planted,200000,0.0042700000000000004,0.99573,0x4b504c414e543031,0.69999999999999996,4096,4096
symbol_shuffle,planted,pattern,200000,0.0019599999999999999,0.99804000000000004,0x4b504c414e543031,0.69999999999999996,4096,4096
rotation,planted,control,200000,8.0000000000000007e-05,0.99992000000000003,0x4b504c411c007165,0.69999999999999996,4096,4096
rotation,planted,planted,200000,0.00012,0.99987999999999999,0x4b504c411c007165,0.69999999999999996,4096,4096
rotation,planted,pattern,200000,0,1,0x4b504c411c007165,0.69999999999999996,4096,4096
block_boundary,planted,control,200000,0.0078700000000000003,0.99212999999999996,0x4b504c410c187f72,0.69999999999999996,4096,4096
block_boundary,planted,planted,200000,0.0074700000000000001,0.99253000000000002,0x4b504c410c187f72,0.69999999999999996,4096,4096
block_boundary,planted,pattern,200000,0,1,0x4b504c410c187f72,0.69999999999999996,4096,4096
symbol_shuffle,pattern,control,200000,0,1,0x4b504c414e543031,0.69999999999999996,4096,4096
symbol_shuffle,pattern,planted,200000,0.030485000000000002,0.96951500000000002,0x4b504c414e543031,0.69999999999999996,4096,4096
symbol_shuffle,pattern,pattern,200000,0.031295000000000003,0.96870500000000004,0x4b504c414e543031,0.69999999999999996,4096,4096
rotation,pattern,control,200000,0,1,0x4b504c411c007165,0.69999999999999996,4096,4096
rotation,pattern,planted,200000,0,1,0x4b504c411c007165,0.69999999999999996,4096,4096
rotation,pattern,pattern,200000,0,1,0x4b504c411c007165,0.69999999999999996,4096,4096
block_boundary,pattern,control,200000,0,1,0x4b504c410c187f72,0.69999999999999996,4096,4096
block_boundary,pattern,planted,200000,1,0,0x4b504c410c187f72,0.69999999999999996,4096,4096
block_boundary,pattern,pattern,200000,1,0,0x4b504c410c187f72,0.69999999999999996,4096,4096
PS H:\kdna_opencl_with_inspector_krun>


PS H:\kdna_opencl_with_inspector_krun> cd H:\kdna_opencl_with_inspector_krun
PS H:\kdna_opencl_with_inspector_krun>
PS H:\kdna_opencl_with_inspector_krun> Remove-Item -Recurse -Force .\_patch_kalyx_origin_v011 -ErrorAction SilentlyContinue
PS H:\kdna_opencl_with_inspector_krun> Expand-Archive -Force .\kalyx_origin_v0_1_1_repair_patch.zip .\_patch_kalyx_origin_v011
PS H:\kdna_opencl_with_inspector_krun>
PS H:\kdna_opencl_with_inspector_krun> .\_patch_kalyx_origin_v011\kalyx_origin_v0_1_1_repair_patch\scripts\apply_kalyx_origin_v0_1_1_repair.ps1 `
>>   -ProjectRoot H:\kdna_opencl_with_inspector_krun
KALYX-ORIGIN v0.1.1 Script-Repair angewendet:
  H:\kdna_opencl_with_inspector_krun\scripts\kalyx_origin_experiment.ps1
Fix: Markdown-Inline-Code-Backticks in PowerShell-Strings korrigiert.
PS H:\kdna_opencl_with_inspector_krun> Remove-Item -Recurse -Force .\PlantOut_chr17_v02\Origin -ErrorAction SilentlyContinue
PS H:\kdna_opencl_with_inspector_krun>
PS H:\kdna_opencl_with_inspector_krun> .\scripts\kalyx_origin_experiment.ps1 `
>>   -PlantOutDir .\PlantOut_chr17_v02 `
>>   -OutDir .\PlantOut_chr17_v02\Origin `
>>   -MaxSymbols 1048576 `
>>   -Strict
=== KALYX-ORIGIN v0.1 diagnostics ===
kalyx_origin: name=control n=1048576 entropy=16.0901704 unique=219104 pattern_edge=0 control_hamming=0 plant_like=0.00228948593 out=H:\kdna_opencl_with_inspector_krun\PlantOut_chr17_v02\Origin\origin_control.csv
kalyx_origin: name=planted n=1048576 entropy=14.1443217 unique=192607 pattern_edge=0.241630785 control_hamming=0.248342514 plant_like=0.241199542 out=H:\kdna_opencl_with_inspector_krun\PlantOut_chr17_v02\Origin\origin_planted.csv
kalyx_origin: name=pattern n=1048576 entropy=5.20945337 unique=37 pattern_edge=1 control_hamming=1 plant_like=0.886486816 out=H:\kdna_opencl_with_inspector_krun\PlantOut_chr17_v02\Origin\origin_pattern.csv
KALYX-ORIGIN complete:
  H:\kdna_opencl_with_inspector_krun\PlantOut_chr17_v02\Origin\kalyx_origin_metrics.csv
  H:\kdna_opencl_with_inspector_krun\PlantOut_chr17_v02\Origin\KALYX_ORIGIN_REPORT.md
PS H:\kdna_opencl_with_inspector_krun> Get-Content .\PlantOut_chr17_v02\Origin\KALYX_ORIGIN_REPORT.md
# KALYX-ORIGIN v0.1 Report

Genesis diagnostics for a declared KALYX-PLANT positive-control run.

## Scope

KALYX-ORIGIN does not prove natural or artificial origin. It measures origin-relevant diagnostics. Core principle:

> Structure is not origin. KALYX detects transition order; origin requires additional diagnostics.

## Inputs

- PlantOutDir: `H:\kdna_opencl_with_inspector_krun\PlantOut_chr17_v02`
- MaxSymbols: `1048576`
- Plant report: `H:\kdna_opencl_with_inspector_krun\PlantOut_chr17_v02\KALYX_PLANT_REPORT.md`

## Key KFIELD Cells

| Cell | Accuracy | Lift | Surprise |
|---|---:|---:|---:|
| control → pattern | 0.000000000 | -0.002187099 | 1.000000000 |
| planted → pattern | 0.241620360 | 0.234909655 | 0.758379640 |
| pattern → pattern | 1.000000000 | 0.972972801 | 0.000000000 |

## Origin Diagnostics

| Stream | Entropy bits | Unique symbols | Top32 mass | Control hamming | Pattern edge accuracy | Position density | Plant-like score |
|---|---:|---:|---:|---:|---:|---:|---:|
| control | 16.090170360 | 219104 | 0.022894859 | 0.000000000 | 0.000000000 | 0.000000000 | 0.002289486 |
| planted | 14.144321651 | 192607 | 0.214782715 | 0.248342514 | 0.241630785 | 0.248342514 | 0.241199542 |
| pattern | 5.209453366 | 37 | 0.864868164 | 1.000000000 | 1.000000000 | 0.000000000 | 0.886486816 |

## Planted Schedule Diagnostics

| Metric | Value |
|---|---:|
| positions_count | 7038 |
| position_density | 0.248342514 |
| gap_mean | 148.997726304 |
| gap_std | 19.034309925 |
| gap_min | 103 |
| gap_max | 195 |
| jitter_abs_mean | 11.698067633 |

## Interpretation

A declared planted stream should show: higher pattern-edge compatibility than control, measurable drift from control, entropy/concentration changes, and a nonzero audited position density. Natural or unknown streams require comparison against controls, relatives, neighboring regions, k/window sweeps, and null-model sweeps before origin claims.

## Artefacts

- `H:\kdna_opencl_with_inspector_krun\PlantOut_chr17_v02\Origin\kalyx_origin_metrics.csv`
- `H:\kdna_opencl_with_inspector_krun\PlantOut_chr17_v02\Origin\KALYX_ORIGIN_REPORT.md`
PS H:\kdna_opencl_with_inspector_krun> Get-Content .\PlantOut_chr17_v02\Origin\kalyx_origin_metrics.csv
name,version,n,fnv1a64,unique_symbols,entropy_bits,top1_mass,top8_mass,top32_mass,adjacent_equal_rate,unique_edges,edge_entropy_bits,top_edge1_mass,top_edge32_mass,control_hamming_rate,control_entropy_delta,control_unique_delta,pattern_symbol_hit_rate,pattern_edge_accuracy,positions_count,position_density,gap_mean,gap_std,gap_min,gap_max,jitter_abs_mean,plant_like_score
control,KORIGIN001,1048576,0x59e186cfa92a813a,219104,16.090170360069788,0.0015153884887695312,0.0084323883056640625,0.022894859313964844,0.0026483561023293517,473558,17.871969120531595,0.0012798321531602413,0.0093879789237775076,0,0,0,0,0,0,0,0,0,0,0,0,0.0022894859313964846
planted,KORIGIN001,1048576,0xaa97237c5b59bc77,192607,14.144321651200737,0.0067119598388671875,0.0536956787109375,0.21478271484375,0.0020256061798154638,401765,15.511031396240696,0.0067119662398970031,0.2147829196767041,0.24834251403808594,-1.9458487088690504,-26497,0.24834251403808594,0.24163078463629212,7038,0.24834251403808594,148.99772630382265,19.03430992524013,103,195,11.698067632850242,0.24119954207342695
pattern,KORIGIN001,1048576,0x515fdd11f3971b3e,37,5.2094533655423456,0.027027130126953125,0.216217041015625,0.8648681640625,0,37,5.209453365523979,0.027027155902057554,0.86486898886584174,1,-10.880716994527443,-219067,1,1,0,0,0,0,0,0,0,0.88648681640625004
PS H:\kdna_opencl_with_inspector_krun>


PS H:\kdna_opencl_with_inspector_krun> cd H:\kdna_opencl_with_inspector_krun
PS H:\kdna_opencl_with_inspector_krun>
PS H:\kdna_opencl_with_inspector_krun> Remove-Item -Recurse -Force .\_patch_kalyx_origin_v02 -ErrorAction SilentlyContinue
PS H:\kdna_opencl_with_inspector_krun> Expand-Archive -Force .\kalyx_origin_v0_2_patch.zip .\_patch_kalyx_origin_v02
PS H:\kdna_opencl_with_inspector_krun>
PS H:\kdna_opencl_with_inspector_krun> .\_patch_kalyx_origin_v02\kalyx_origin_v0_2_patch\scripts\apply_kalyx_origin_v0_2_patch.ps1 `
>>   -ProjectRoot H:\kdna_opencl_with_inspector_krun
KALYX-ORIGIN v0.2 angewendet:
  tools\kalyx_origin.c
  scripts\kalyx_origin_experiment_v0_2.ps1
  docs\KALYX_ORIGIN_v0_2_SPEC.md
  CMakeLists.txt: kalyx_origin + kalyx_origin_help geprüft/ergänzt
PS H:\kdna_opencl_with_inspector_krun>
PS H:\kdna_opencl_with_inspector_krun> $CMAKE_EXE  = "C:\Program Files\CMake\bin\cmake.exe"
PS H:\kdna_opencl_with_inspector_krun> $CTEST_EXE  = "C:\Program Files\CMake\bin\ctest.exe"
PS H:\kdna_opencl_with_inspector_krun>
PS H:\kdna_opencl_with_inspector_krun> & $CMAKE_EXE -S . -B build_vs `
>>   -G "Visual Studio 17 2022" `
>>   -A x64
-- Selecting Windows SDK version 10.0.26100.0 to target Windows 10.0.29599.
-- Configuring done (0.0s)
-- Generating done (0.6s)
-- Build files have been written to: H:/kdna_opencl_with_inspector_krun/build_vs
PS H:\kdna_opencl_with_inspector_krun>
PS H:\kdna_opencl_with_inspector_krun> & $CMAKE_EXE --build build_vs --config Release --target kalyx_origin --clean-first
MSBuild-Version 17.14.40+3e7442088 für .NET Framework

MSBuild-Version 17.14.40+3e7442088 für .NET Framework

  1>Checking Build System
  Building Custom Rule H:/kdna_opencl_with_inspector_krun/CMakeLists.txt
  kdna_cpu.c
  kdna_opencl.c
  kdna_ksoa.c
  kdna_kreg.c
  kdna_klib.c
  kdna_kgram.c
  kdna_krun.c
  kdna_kgen.c
  kdna_kvar.c
  kdna_kexp.c
  kdna_kmap.c
  Code wird generiert...
  kdna.vcxproj -> H:\kdna_opencl_with_inspector_krun\build_vs\Release\kdna.lib
  Building Custom Rule H:/kdna_opencl_with_inspector_krun/CMakeLists.txt
  kalyx_origin.c
  kalyx_origin.vcxproj -> H:\kdna_opencl_with_inspector_krun\build_vs\Release\kalyx_origin.exe
PS H:\kdna_opencl_with_inspector_krun>
PS H:\kdna_opencl_with_inspector_krun> .\build_vs\Release\kalyx_origin.exe --help
kalyx_origin v0.2 --in stream.u64 --label NAME --out-csv metrics.csv [options]

Options:
  --max-symbols N        maximum symbols to read, default: 0 = all available
  --skip-symbols N       symbols to skip before reading, default: 0
  --control file.u64     optional same-length control stream for hamming drift
  --pattern file.u64     optional pattern stream; measures transition-edge compatibility
  --positions file.csv   optional plant audit positions/anchors CSV
  --plant-manifest file.csv optional KPLANT key,value manifest
  --append               append row; write header only if file is missing/empty
  --help                 show help

Semantics:
  KALYX-ORIGIN measures origin diagnostics, not final origin proof.
  v0.2 is designed for natural-baseline envelopes vs declared PLANT controls.
PS H:\kdna_opencl_with_inspector_krun>
PS H:\kdna_opencl_with_inspector_krun> & $CTEST_EXE --test-dir build_vs -C Release -R "kalyx_origin_help" --output-on-failure
Test project H:/kdna_opencl_with_inspector_krun/build_vs
    Start 85: kalyx_origin_help
1/1 Test #85: kalyx_origin_help ................   Passed    0.01 sec

100% tests passed, 0 tests failed out of 1

Total Test time (real) =   0.02 sec
PS H:\kdna_opencl_with_inspector_krun> Remove-Item -Recurse -Force .\PlantOut_chr17_v02\OriginV02 -ErrorAction SilentlyContinue
PS H:\kdna_opencl_with_inspector_krun>
PS H:\kdna_opencl_with_inspector_krun> .\scripts\kalyx_origin_experiment_v0_2.ps1 `
>>   -PlantOutDir .\PlantOut_chr17_v02 `
>>   -NaturalSymbols .\GenomeOutFull\chr17_k16_kdna.u64 `
>>   -OutDir .\PlantOut_chr17_v02\OriginV02 `
>>   -MaxSymbols 1048576 `
>>   -WindowSymbols 1048576 `
>>   -NaturalWindows 8 `
>>   -Strict
=== KALYX-ORIGIN v0.2: PLANT controls ===
kalyx_origin v0.2: label=plant_control n=1048576 entropy=16.090170360 top32=0.022894859 edge_entropy=17.871969121 pattern_edge=0.000000000 plant_like=0.002289486
kalyx_origin v0.2: label=plant_planted n=1048576 entropy=14.144321651 top32=0.214782715 edge_entropy=15.511031396 pattern_edge=0.241630785 plant_like=0.240288324
kalyx_origin v0.2: label=plant_pattern n=1048576 entropy=5.209453366 top32=0.864868164 edge_entropy=5.209453366 pattern_edge=1.000000000 plant_like=0.786486816
=== KALYX-ORIGIN v0.2: natural baseline windows ===
kalyx_origin v0.2: label=natural_000 n=1048576 entropy=16.090170360 top32=0.022894859 edge_entropy=17.871969121 pattern_edge=0.000000000 plant_like=0.002289486
kalyx_origin v0.2: label=natural_001 n=1048576 entropy=15.896712037 top32=0.027787209 edge_entropy=17.635635046 pattern_edge=0.000000000 plant_like=0.002778721
kalyx_origin v0.2: label=natural_002 n=1048576 entropy=15.973615623 top32=0.026220322 edge_entropy=17.805695645 pattern_edge=0.000000000 plant_like=0.002622032
kalyx_origin v0.2: label=natural_003 n=1048576 entropy=16.109836230 top32=0.023167610 edge_entropy=17.978481133 pattern_edge=0.000000000 plant_like=0.002316761
kalyx_origin v0.2: label=natural_004 n=1048576 entropy=15.899769438 top32=0.027688980 edge_entropy=17.681572250 pattern_edge=0.000000000 plant_like=0.002768898
kalyx_origin v0.2: label=natural_005 n=1048576 entropy=16.177779630 top32=0.022983551 edge_entropy=18.170352660 pattern_edge=0.000000000 plant_like=0.002298355
kalyx_origin v0.2: label=natural_006 n=1048576 entropy=16.213405517 top32=0.022380829 edge_entropy=18.122118317 pattern_edge=0.000000000 plant_like=0.002238083
kalyx_origin v0.2: label=natural_007 n=1048576 entropy=16.064476330 top32=0.026329041 edge_entropy=17.901556723 pattern_edge=0.000000000 plant_like=0.002632904
KALYX-ORIGIN v0.2 complete:
  H:\kdna_opencl_with_inspector_krun\PlantOut_chr17_v02\OriginV02\KALYX_ORIGIN_V0_2_REPORT.md
  H:\kdna_opencl_with_inspector_krun\PlantOut_chr17_v02\OriginV02\kalyx_origin_metrics.csv
  H:\kdna_opencl_with_inspector_krun\PlantOut_chr17_v02\OriginV02\kalyx_origin_natural_baseline.csv
PS H:\kdna_opencl_with_inspector_krun> Get-Content .\PlantOut_chr17_v02\OriginV02\KALYX_ORIGIN_V0_2_REPORT.md
# KALYX-ORIGIN v0.2 Report

Natural-baseline origin diagnostics for declared PLANT controls.

## Result

- Plant-vs-control diagnostic pass: True
- Natural-envelope diagnostic pass: True
- Natural windows: 8

## Inputs

- PlantOutDir: H:\kdna_opencl_with_inspector_krun\PlantOut_chr17_v02
- NaturalSymbols: H:\kdna_opencl_with_inspector_krun\GenomeOutFull\chr17_k16_kdna.u64
- MaxSymbols: 1048576
- WindowSymbols: 1048576

## Key PLANT Diagnostics

| Stream | Entropy | Top32 mass | Pattern-edge accuracy | Control hamming | Position density | Plant-like score |
|---|---:|---:|---:|---:|---:|---:|
| plant_control | 16.090170360 | 0.022894859 | 0.000000000 | 0.000000000 | 0.000000000 | 0.002289486 |
| plant_planted | 14.144321651 | 0.214782715 | 0.241630785 | 0.248342514 | 0.248342514 | 0.240288324 |
| plant_pattern | 5.209453366 | 0.864868164 | 1.000000000 | -1.000000000 | 0.000000000 | 0.786486816 |

## Natural Baseline Envelope

| Metric | N | Mean | Std | Min | Max | Planted | Planted z | Planted - max |
|---|---:|---:|---:|---:|---:|---:|---:|---:|
| entropy_bits | 8 | 16.053220646 | 0.119672533 | 15.896712037 | 16.213405517 | 14.144321651 | -15.951020165 | -2.069083866 |
| top32_mass | 8 | 0.024931550 | 0.002296973 | 0.022380829 | 0.027787209 | 0.214782715 | 82.652768503 | 0.186995506 |
| edge_entropy_bits | 8 | 17.895922612 | 0.191137337 | 17.635635046 | 18.170352660 | 15.511031396 | -12.477369704 | -2.659321264 |
| edge_top32_mass | 8 | 0.012054216 | 0.002588378 | 0.009147653 | 0.015374198 | 0.214782920 | 78.322681824 | 0.199408721 |
| pattern_edge_accuracy | 8 | 0.000000000 | 0.000000000 | 0.000000000 | 0.000000000 | 0.241630785 | 0.000000000 | 0.241630785 |
| plant_like_score | 8 | 0.002493155 | 0.000229697 | 0.002238083 | 0.002778721 | 0.240288324 | 1035.254591968 | 0.237509603 |
| unique_symbols | 8 | 221709.500000000 | 4036.963639739 | 217494.000000000 | 227443.000000000 | 192607.000000000 | -7.209007214 | -34836.000000000 |
| unique_edges | 8 | 486092.125000000 | 15564.287900167 | 468169.000000000 | 507085.000000000 | 401765.000000000 | -5.417987995 | -105320.000000000 |

## Interpretation

KALYX-ORIGIN v0.2 does not prove natural or artificial origin. It builds a diagnostic envelope. A declared PLANT control should separate from both the unmodified control and natural baseline windows.

The core rule remains: Structure is not origin. KALYX detects transition order; ORIGIN adds genesis-relevant diagnostics.

## Artefacts

- H:\kdna_opencl_with_inspector_krun\PlantOut_chr17_v02\OriginV02\kalyx_origin_metrics.csv
- H:\kdna_opencl_with_inspector_krun\PlantOut_chr17_v02\OriginV02\kalyx_origin_natural_baseline.csv
- H:\kdna_opencl_with_inspector_krun\PlantOut_chr17_v02\OriginV02\KALYX_ORIGIN_V0_2_REPORT.md
PS H:\kdna_opencl_with_inspector_krun> Get-Content .\PlantOut_chr17_v02\OriginV02\kalyx_origin_metrics.csv
version,label,path,n,skip_symbols,fnv1a64,unique_symbols,entropy_bits,top1_mass,top8_mass,top32_mass,unique_edges,edge_entropy_bits,edge_top1_mass,edge_top8_mass,edge_top32_mass,control_hamming,pattern_edge_accuracy,positions_count,position_density,gap_mean,gap_std,gap_min,gap_max,jitter_abs_mean,plant_like_score
KORIGIN002,plant_control,H:\kdna_opencl_with_inspector_krun\PlantOut_chr17_v02\carrier_control.u64,1048576,0,0x59e186cfa92a813a,219104,16.090170360080,0.001515388489,0.008432388306,0.022894859314,473558,17.871969120562,0.001279832153,0.004106525523,0.009387978924,0.000000000000,0.000000000000,0,0.000000000000,0.000000000000,0.000000000000,0.000000000000,0.000000000000,0.000000000000,0.002289485931
KORIGIN002,plant_planted,H:\kdna_opencl_with_inspector_krun\PlantOut_chr17_v02\carrier_planted.u64,1048576,0,0xaa97237c5b59bc77,192607,14.144321651203,0.006711959839,0.053695678711,0.214782714844,401765,15.511031396277,0.006711966240,0.053695729919,0.214782919677,0.248342514038,0.241630784636,7038,0.248342514038,1.000000000000,0.000000000000,1.000000000000,1.000000000000,148.000000000000,0.240288323537
KORIGIN002,plant_pattern,H:\kdna_opencl_with_inspector_krun\PlantOut_chr17_v02\plant_pattern.u64,1048576,0,0x515fdd11f3971b3e,37,5.209453365542,0.027027130127,0.216217041016,0.864868164062,37,5.209453365524,0.027027155902,0.216217247216,0.864868988866,-1.000000000000,1.000000000000,0,0.000000000000,0.000000000000,0.000000000000,0.000000000000,0.000000000000,0.000000000000,0.786486816406
KORIGIN002,natural_000,H:\kdna_opencl_with_inspector_krun\GenomeOutFull\chr17_k16_kdna.u64,1048576,0,0x59e186cfa92a813a,219104,16.090170360080,0.001515388489,0.008432388306,0.022894859314,473558,17.871969120562,0.001279832153,0.004106525523,0.009387978924,-1.000000000000,0.000000000000,0,0.000000000000,0.000000000000,0.000000000000,0.000000000000,0.000000000000,0.000000000000,0.002289485931
KORIGIN002,natural_001,H:\kdna_opencl_with_inspector_krun\GenomeOutFull\chr17_k16_kdna.u64,1048576,1048576,0xae8be919998bb16b,217696,15.896712037456,0.002645492554,0.011341094971,0.027787208557,468169,17.635635046080,0.002231600029,0.006799704361,0.015374198317,-1.000000000000,0.000000000000,0,0.000000000000,0.000000000000,0.000000000000,0.000000000000,0.000000000000,0.000000000000,0.002778720856
KORIGIN002,natural_002,H:\kdna_opencl_with_inspector_krun\GenomeOutFull\chr17_k16_kdna.u64,1048576,2097152,0x47cbee6092eac070,219150,15.973615622999,0.002356529236,0.010744094849,0.026220321655,478294,17.805695645347,0.001985551820,0.006338125551,0.013503087524,-1.000000000000,0.000000000000,0,0.000000000000,0.000000000000,0.000000000000,0.000000000000,0.000000000000,0.000000000000,0.002622032166
KORIGIN002,natural_003,H:\kdna_opencl_with_inspector_krun\GenomeOutFull\chr17_k16_kdna.u64,1048576,3145728,0x28a3089498aae3b2,221341,16.109836229600,0.001898765564,0.008891105652,0.023167610168,488373,17.978481132745,0.001612664807,0.004849438524,0.010827074840,-1.000000000000,0.000000000000,0,0.000000000000,0.000000000000,0.000000000000,0.000000000000,0.000000000000,0.000000000000,0.002316761017
KORIGIN002,natural_004,H:\kdna_opencl_with_inspector_krun\GenomeOutFull\chr17_k16_kdna.u64,1048576,4194304,0x5e49d81985ee4288,217494,15.899769438198,0.002778053284,0.011401176453,0.027688980103,471493,17.681572249718,0.002392771142,0.006913191713,0.015234008059,-1.000000000000,0.000000000000,0,0.000000000000,0.000000000000,0.000000000000,0.000000000000,0.000000000000,0.000000000000,0.002768898010
KORIGIN002,natural_005,H:\kdna_opencl_with_inspector_krun\GenomeOutFull\chr17_k16_kdna.u64,1048576,5242880,0x62ae905a98809553,224824,16.177779629982,0.001721382141,0.008526802063,0.022983551025,507085,18.170352659979,0.001446725318,0.004298214243,0.009147652767,-1.000000000000,0.000000000000,0,0.000000000000,0.000000000000,0.000000000000,0.000000000000,0.000000000000,0.000000000000,0.002298355103
KORIGIN002,natural_006,H:\kdna_opencl_with_inspector_krun\GenomeOutFull\chr17_k16_kdna.u64,1048576,6291456,0x816fb8fb3e365a94,227443,16.213405516866,0.001618385315,0.008328437805,0.022380828857,506361,18.122118316680,0.001374246001,0.004509930143,0.009756097561,-1.000000000000,0.000000000000,0,0.000000000000,0.000000000000,0.000000000000,0.000000000000,0.000000000000,0.000000000000,0.002238082886
KORIGIN002,natural_007,H:\kdna_opencl_with_inspector_krun\GenomeOutFull\chr17_k16_kdna.u64,1048576,7340032,0xb83dd76a362159d2,226624,16.064476329950,0.002177238464,0.010581970215,0.026329040527,495404,17.901556723342,0.001849176263,0.006133085378,0.013203633503,-1.000000000000,0.000000000000,0,0.000000000000,0.000000000000,0.000000000000,0.000000000000,0.000000000000,0.000000000000,0.002632904053
PS H:\kdna_opencl_with_inspector_krun> Get-Content .\PlantOut_chr17_v02\OriginV02\kalyx_origin_natural_baseline.csv
metric,n,mean,std,min,max,planted,planted_z,planted_over_max
entropy_bits,8,16.053220646,0.119672533,15.896712037,16.213405517,14.144321651,-15.951020165,-2.069083866
top32_mass,8,0.024931550,0.002296973,0.022380829,0.027787209,0.214782715,82.652768503,0.186995506
edge_entropy_bits,8,17.895922612,0.191137337,17.635635046,18.170352660,15.511031396,-12.477369704,-2.659321264
edge_top32_mass,8,0.012054216,0.002588378,0.009147653,0.015374198,0.214782920,78.322681824,0.199408721
pattern_edge_accuracy,8,0.000000000,0.000000000,0.000000000,0.000000000,0.241630785,0.000000000,0.241630785
plant_like_score,8,0.002493155,0.000229697,0.002238083,0.002778721,0.240288324,1035.254591968,0.237509603
unique_symbols,8,221709.500000000,4036.963639739,217494.000000000,227443.000000000,192607.000000000,-7.209007214,-34836.000000000
unique_edges,8,486092.125000000,15564.287900167,468169.000000000,507085.000000000,401765.000000000,-5.417987995,-105320.000000000
PS H:\kdna_opencl_with_inspector_krun>



PS H:\kdna_opencl_with_inspector_krun> cd H:\kdna_opencl_with_inspector_krun
PS H:\kdna_opencl_with_inspector_krun>
PS H:\kdna_opencl_with_inspector_krun> Remove-Item -Recurse -Force .\_patch_kalyx_origin_v03 -ErrorAction SilentlyContinue
PS H:\kdna_opencl_with_inspector_krun> Expand-Archive -Force .\kalyx_origin_v0_3_patch.zip .\_patch_kalyx_origin_v03
PS H:\kdna_opencl_with_inspector_krun>
PS H:\kdna_opencl_with_inspector_krun> .\_patch_kalyx_origin_v03\kalyx_origin_v0_3_patch\scripts\apply_kalyx_origin_v0_3_patch.ps1 `
>>   -ProjectRoot H:\kdna_opencl_with_inspector_krun
KALYX-ORIGIN v0.3 angewendet:
  tools\kalyx_origin.c
  scripts\kalyx_origin_scan_v0_3.ps1
  docs\KALYX_ORIGIN_v0_3_SPEC.md
  CMakeLists.txt: kalyx_origin + kalyx_origin_help geprüft/ergänzt
PS H:\kdna_opencl_with_inspector_krun>
PS H:\kdna_opencl_with_inspector_krun> $CMAKE_EXE  = "C:\Program Files\CMake\bin\cmake.exe"
PS H:\kdna_opencl_with_inspector_krun> $CTEST_EXE  = "C:\Program Files\CMake\bin\ctest.exe"
PS H:\kdna_opencl_with_inspector_krun>
PS H:\kdna_opencl_with_inspector_krun> & $CMAKE_EXE -S . -B build_vs `
>>   -G "Visual Studio 17 2022" `
>>   -A x64
-- Selecting Windows SDK version 10.0.26100.0 to target Windows 10.0.29599.
-- Configuring done (0.0s)
-- Generating done (0.6s)
-- Build files have been written to: H:/kdna_opencl_with_inspector_krun/build_vs
PS H:\kdna_opencl_with_inspector_krun>
PS H:\kdna_opencl_with_inspector_krun> & $CMAKE_EXE --build build_vs --config Release --target kalyx_origin --clean-first
MSBuild-Version 17.14.40+3e7442088 für .NET Framework

MSBuild-Version 17.14.40+3e7442088 für .NET Framework

  1>Checking Build System
  Building Custom Rule H:/kdna_opencl_with_inspector_krun/CMakeLists.txt
  kdna_cpu.c
  kdna_opencl.c
  kdna_ksoa.c
  kdna_kreg.c
  kdna_klib.c
  kdna_kgram.c
  kdna_krun.c
  kdna_kgen.c
  kdna_kvar.c
  kdna_kexp.c
  kdna_kmap.c
  Code wird generiert...
  kdna.vcxproj -> H:\kdna_opencl_with_inspector_krun\build_vs\Release\kdna.lib
  Building Custom Rule H:/kdna_opencl_with_inspector_krun/CMakeLists.txt
  kalyx_origin.c
  kalyx_origin.vcxproj -> H:\kdna_opencl_with_inspector_krun\build_vs\Release\kalyx_origin.exe
PS H:\kdna_opencl_with_inspector_krun>
PS H:\kdna_opencl_with_inspector_krun> .\build_vs\Release\kalyx_origin.exe --help
kalyx_origin v0.3 --in stream.u64 --label NAME --out-csv metrics.csv [options]

Options:
  --max-symbols N              maximum symbols to read, default: 0 = all available after skip
  --skip-symbols N             symbols to skip before reading, default: 0
  --control file.u64           optional same-length control stream for hamming drift
  --pattern file.u64           optional pattern stream; measures transition-edge compatibility
  --positions file.csv         optional PLANT audit positions/anchors CSV
  --plant-manifest file.csv    optional KPLANT key,value manifest
  --append                     append row; write header only if file missing/empty
  --help                       show help

Semantics:
  KALYX-ORIGIN v0.3 is patternless-capable. Without --pattern it computes
  local origin/anomaly diagnostics for natural-baseline scans.
  It measures origin-relevant diagnostics, not final origin proof.
PS H:\kdna_opencl_with_inspector_krun>
PS H:\kdna_opencl_with_inspector_krun> & $CTEST_EXE --test-dir build_vs -C Release -R "kalyx_origin_help" --output-on-failure
Test project H:/kdna_opencl_with_inspector_krun/build_vs
    Start 85: kalyx_origin_help
1/1 Test #85: kalyx_origin_help ................   Passed    0.01 sec

100% tests passed, 0 tests failed out of 1

Total Test time (real) =   0.02 sec
PS H:\kdna_opencl_with_inspector_krun> Remove-Item -Recurse -Force .\Origin_chr17_v03 -ErrorAction SilentlyContinue
PS H:\kdna_opencl_with_inspector_krun>
PS H:\kdna_opencl_with_inspector_krun> .\scripts\kalyx_origin_scan_v0_3.ps1 `
>>   -Symbols .\GenomeOutFull\chr17_k16_kdna.u64 `
>>   -OutDir .\Origin_chr17_v03 `
>>   -WindowSymbols 1048576 `
>>   -StepSymbols 1048576 `
>>   -Windows 32 `
>>   -Strict
=== KALYX-ORIGIN v0.3: patternless natural window scan ===
symbols=.\GenomeOutFull\chr17_k16_kdna.u64 total=82919499 window=1048576 step=1048576 windows=32
kalyx_origin v0.3: label=natural_0000 n=1048576 entropy=16.090170360 top32=0.022894859 edge_entropy=17.871969121 edge_top32=0.009387979 pattern_edge=0.000000000 plant_like=0.005649497
kalyx_origin v0.3: label=natural_0001 n=1048576 entropy=15.896712037 top32=0.027787209 edge_entropy=17.635635046 edge_top32=0.015374198 pattern_edge=0.000000000 plant_like=0.007553246
kalyx_origin v0.3: label=natural_0002 n=1048576 entropy=15.973615623 top32=0.026220322 edge_entropy=17.805695645 edge_top32=0.013503088 pattern_edge=0.000000000 plant_like=0.006951597
kalyx_origin v0.3: label=natural_0003 n=1048576 entropy=16.109836230 top32=0.023167610 edge_entropy=17.978481133 edge_top32=0.010827075 pattern_edge=0.000000000 plant_like=0.005949070
kalyx_origin v0.3: label=natural_0004 n=1048576 entropy=15.899769438 top32=0.027688980 edge_entropy=17.681572250 edge_top32=0.015234008 pattern_edge=0.000000000 plant_like=0.007511523
kalyx_origin v0.3: label=natural_0005 n=1048576 entropy=16.177779630 top32=0.022983551 edge_entropy=18.170352660 edge_top32=0.009147653 pattern_edge=0.000000000 plant_like=0.005622961
kalyx_origin v0.3: label=natural_0006 n=1048576 entropy=16.213405517 top32=0.022380829 edge_entropy=18.122118317 edge_top32=0.009756098 pattern_edge=0.000000000 plant_like=0.005623962
kalyx_origin v0.3: label=natural_0007 n=1048576 entropy=16.064476330 top32=0.026329041 edge_entropy=17.901556723 edge_top32=0.013203634 pattern_edge=0.000000000 plant_like=0.006918218
kalyx_origin v0.3: label=natural_0008 n=1048576 entropy=16.128990028 top32=0.022773743 edge_entropy=18.055275737 edge_top32=0.010140429 pattern_edge=0.000000000 plant_like=0.005759980
kalyx_origin v0.3: label=natural_0009 n=1048576 entropy=16.107578536 top32=0.022480965 edge_entropy=18.050259005 edge_top32=0.009612093 pattern_edge=0.000000000 plant_like=0.005616285
kalyx_origin v0.3: label=natural_0010 n=1048576 entropy=16.180354629 top32=0.021376610 edge_entropy=18.203178361 edge_top32=0.007909782 pattern_edge=0.000000000 plant_like=0.005125119
kalyx_origin v0.3: label=natural_0011 n=1048576 entropy=16.057366709 top32=0.022022247 edge_entropy=18.075967622 edge_top32=0.008746155 pattern_edge=0.000000000 plant_like=0.005384470
kalyx_origin v0.3: label=natural_0012 n=1048576 entropy=16.092433038 top32=0.021617889 edge_entropy=18.106257604 edge_top32=0.008997926 pattern_edge=0.000000000 plant_like=0.005357768
kalyx_origin v0.3: label=natural_0013 n=1048576 entropy=16.130629688 top32=0.021237373 edge_entropy=18.174102005 edge_top32=0.008109100 pattern_edge=0.000000000 plant_like=0.005135633
kalyx_origin v0.3: label=natural_0014 n=1048576 entropy=16.172883036 top32=0.020587921 edge_entropy=18.189387422 edge_top32=0.007786758 pattern_edge=0.000000000 plant_like=0.004965569
kalyx_origin v0.3: label=natural_0015 n=1048576 entropy=16.014601029 top32=0.024120331 edge_entropy=17.920293351 edge_top32=0.011368762 pattern_edge=0.000000000 plant_like=0.006210591
kalyx_origin v0.3: label=natural_0016 n=1048576 entropy=16.200093642 top32=0.025391579 edge_entropy=18.164139244 edge_top32=0.008659371 pattern_edge=0.000000000 plant_like=0.005958916
kalyx_origin v0.3: label=natural_0017 n=1048576 entropy=16.115622485 top32=0.025006294 edge_entropy=18.033024091 edge_top32=0.010889064 pattern_edge=0.000000000 plant_like=0.006281688
kalyx_origin v0.3: label=natural_0018 n=1048576 entropy=15.988110730 top32=0.026449203 edge_entropy=17.822512141 edge_top32=0.012908948 pattern_edge=0.000000000 plant_like=0.006887676
kalyx_origin v0.3: label=natural_0019 n=1048576 entropy=16.069763009 top32=0.023436546 edge_entropy=18.036756985 edge_top32=0.009613046 pattern_edge=0.000000000 plant_like=0.005783679
kalyx_origin v0.3: label=natural_0020 n=1048576 entropy=15.821389484 top32=0.050666809 edge_entropy=17.722842514 edge_top32=0.030705481 pattern_edge=0.000000000 plant_like=0.014240151
kalyx_origin v0.3: label=natural_0021 n=1048576 entropy=14.291828828 top32=0.050296783 edge_entropy=15.484561554 edge_top32=0.036114727 pattern_edge=0.000000000 plant_like=0.015122014
kalyx_origin v0.3: label=natural_0022 n=1048576 entropy=10.556036947 top32=0.106492996 edge_entropy=10.900834955 edge_top32=0.087344253 pattern_edge=0.000000000 plant_like=0.033921519
kalyx_origin v0.3: label=natural_0023 n=1048576 entropy=10.545863376 top32=0.106751442 edge_entropy=10.887506792 edge_top32=0.087781990 pattern_edge=0.000000000 plant_like=0.034043351
kalyx_origin v0.3: label=natural_0024 n=1048576 entropy=10.649138372 top32=0.105951309 edge_entropy=11.013878395 edge_top32=0.086226546 pattern_edge=0.000000000 plant_like=0.033631125
kalyx_origin v0.3: label=natural_0025 n=1048576 entropy=15.174132998 top32=0.049031258 edge_entropy=16.775276273 edge_top32=0.030417471 pattern_edge=0.000000000 plant_like=0.013903528
kalyx_origin v0.3: label=natural_0026 n=1048576 entropy=16.205882179 top32=0.021628380 edge_entropy=18.194856172 edge_top32=0.007949837 pattern_edge=0.000000000 plant_like=0.005176188
kalyx_origin v0.3: label=natural_0027 n=1048576 entropy=15.986711571 top32=0.026158333 edge_entropy=17.818883525 edge_top32=0.013444913 pattern_edge=0.000000000 plant_like=0.006930568
kalyx_origin v0.3: label=natural_0028 n=1048576 entropy=15.952919620 top32=0.023975372 edge_entropy=17.879706825 edge_top32=0.011437427 pattern_edge=0.000000000 plant_like=0.006197240
kalyx_origin v0.3: label=natural_0029 n=1048576 entropy=15.909482557 top32=0.026016235 edge_entropy=17.793293026 edge_top32=0.013144506 pattern_edge=0.000000000 plant_like=0.006853130
kalyx_origin v0.3: label=natural_0030 n=1048576 entropy=15.889092147 top32=0.025856018 edge_entropy=17.752523341 edge_top32=0.013093007 pattern_edge=0.000000000 plant_like=0.006816079
kalyx_origin v0.3: label=natural_0031 n=1048576 entropy=16.282811223 top32=0.020678520 edge_entropy=18.376821307 edge_top32=0.005702978 pattern_edge=0.000000000 plant_like=0.004616762
KALYX-ORIGIN v0.3 complete:
  .\Origin_chr17_v03\KALYX_ORIGIN_V0_3_REPORT.md
  .\Origin_chr17_v03\kalyx_origin_v0_3_metrics.csv
  .\Origin_chr17_v03\kalyx_origin_v0_3_baseline.csv
  .\Origin_chr17_v03\kalyx_origin_v0_3_ranking.csv
PS H:\kdna_opencl_with_inspector_krun> Get-Content .\Origin_chr17_v03\KALYX_ORIGIN_V0_3_REPORT.md
# KALYX-ORIGIN v0.3 Report

Patternless local-window origin/anomaly scan.

## Inputs

- Symbols: .\GenomeOutFull\chr17_k16_kdna.u64
- WindowSymbols: 1048576
- StepSymbols: 1048576
- Windows: 32

## Method

v0.3 builds a natural baseline envelope from local windows of the same stream.
Each window is scored using transparent diagnostics: entropy drop, edge-entropy drop,
top-symbol concentration, top-edge concentration, unique-symbol reduction and unique-edge reduction.

This is not final origin proof. It is an anomaly-ranking layer for genesis diagnostics.

## Top Origin-Anomaly Windows

| Rank | Label | Skip | Score | Entropy | Top32 | EdgeEntropy | EdgeTop32 | UniqueSymbols | UniqueEdges |
|---:|---|---:|---:|---:|---:|---:|---:|---:|---:|
| 1 | natural_0023 | 24117248 | 3,014501 | 10,545863376129 | 0,106751441956 | 10,887506791664 | 0,087781989843 | 11657 | 15684 |
| 2 | natural_0022 | 23068672 | 3,007154 | 10,556036947307 | 0,106492996216 | 10,900834954765 | 0,087344252915 | 11681 | 15841 |
| 3 | natural_0024 | 25165824 | 2,960287 | 10,649138371520 | 0,105951309204 | 11,013878395177 | 0,086226545550 | 15370 | 20985 |
| 4 | natural_0021 | 22020096 | 0,774038 | 14,291828827816 | 0,050296783447 | 15,484561553767 | 0,036114727130 | 152086 | 296770 |
| 5 | natural_0025 | 26214400 | 0,361302 | 15,174132998452 | 0,049031257629 | 16,775276272962 | 0,030417471330 | 180095 | 372673 |
| 6 | natural_0020 | 20971520 | 0,192793 | 15,821389484472 | 0,050666809082 | 17,722842514076 | 0,030705481248 | 211436 | 462582 |
| 7 | natural_0019 | 19922944 | 0,000000 | 16,069763008837 | 0,023436546326 | 18,036756985140 | 0,009613046277 | 216390 | 482873 |
| 8 | natural_0016 | 16777216 | 0,000000 | 16,200093642220 | 0,025391578674 | 18,164139243641 | 0,008659371051 | 226203 | 505564 |
| 9 | natural_0017 | 17825792 | 0,000000 | 16,115622485177 | 0,025006294250 | 18,033024091389 | 0,010889063729 | 222919 | 496595 |
| 10 | natural_0018 | 18874368 | 0,000000 | 15,988110730497 | 0,026449203491 | 17,822512141236 | 0,012908947858 | 214315 | 466845 |

## Baseline

| Metric | N | Mean | Std | Min | Max |
|---|---:|---:|---:|---:|---:|
| entropy_bits | 32 | 15,467171282103 | 1,610601420555 | 10,545863376129 | 16,282811222913 |
| top32_mass | 32 | 0,034045517445 | 0,024552528284 | 0,020587921143 | 0,106751441956 |
| edge_entropy_bits | 32 | 17,206234973126 | 2,079698921893 | 10,887506791664 | 18,376821306757 |
| edge_top32_mass | 32 | 0,019829321937 | 0,022668744306 | 0,005702977851 | 0,087781989843 |
| unique_symbols | 32 | 196200,500000000000 | 60589,678848794000 | 11657,000000000000 | 227443,000000000000 |
| unique_edges | 32 | 433553,656250000000 | 139827,049074162000 | 15684,000000000000 | 519441,000000000000 |
| plant_like_score | 32 | 0,009428096892 | 0,008260073691 | 0,004616762159 | 0,034043350565 |
| origin_concentration_score | 32 | 0,026937419691 | 0,023600210546 | 0,013190749027 | 0,097266715899 |
| origin_order_score | 32 | 0,000000000000 | 0,000000000000 | 0,000000000000 | 0,000000000000 |

## Artefacts

- .\Origin_chr17_v03\kalyx_origin_v0_3_metrics.csv
- .\Origin_chr17_v03\kalyx_origin_v0_3_baseline.csv
- .\Origin_chr17_v03\kalyx_origin_v0_3_ranking.csv
- .\Origin_chr17_v03\KALYX_ORIGIN_V0_3_REPORT.md

## Interpretation Boundary

Structure is not origin. A high anomaly score means a window deviates from the local natural baseline
under these diagnostics. It does not alone prove artificial generation.
PS H:\kdna_opencl_with_inspector_krun> Get-Content .\Origin_chr17_v03\kalyx_origin_v0_3_ranking.csv -TotalCount 20
"label","skip_symbols","fnv1a64","entropy_bits","top32_mass","edge_entropy_bits","edge_top32_mass","unique_symbols","unique_edges","plant_like_score","z_entropy_low","z_edge_entropy_low","z_top32_high","z_edge_top32_high","z_unique_symbols_low","z_unique_edges_low","origin_anomaly_score"
"natural_0023","24117248","0xd6418a384acddcaf","10,545863376129","0,106751441956","10,887506791664","0,087781989843","11657","15684","0,034043350565","3,055572","3,038290","2,961240","2,997637","3,045791","2,988475","3,014501"
"natural_0022","23068672","0xaccb27bab7d3dc14","10,556036947307","0,106492996216","10,900834954765","0,087344252915","11681","15841","0,033921518598","3,049255","3,031881","2,950714","2,978327","3,045395","2,987352","3,007154"
"natural_0024","25165824","0x03838db2410c5b22","10,649138371520","0,105951309204","11,013878395177","0,086226545550","15370","20985","0,033631124582","2,991450","2,977526","2,928651","2,929021","2,984510","2,950564","2,960287"
"natural_0021","22020096","0x6a8c44880cbc97da","14,291828827816","0,050296783447","15,484561553767","0,036114727130","152086","296770","0,015122014351","0,729754","0,827847","0,661898","0,718408","0,728086","0,978235","0,774038"
"natural_0025","26214400","0x2df86c9b0ac37734","15,174132998452","0,049031257629","16,775276272962","0,030417471330","180095","372673","0,013903527568","0,181943","0,207222","0,610354","0,467081","0,265813","0,435400","0,361302"
"natural_0020","20971520","0xc70e63a06feaa2c2","15,821389484472","0,050666809082","17,722842514076","0,030705481248","211436","462582","0,014240150808","-0,219929","-0,248405","0,676969","0,479787","-0,251454","-0,207602","0,192793"
"natural_0019","19922944","0x4fd098f9ad2f6c20","16,069763008837","0,023436546326","18,036756985140","0,009613046277","216390","482873","0,005783678705","-0,374141","-0,399347","-0,432093","-0,450677","-0,333217","-0,352717","0,000000"
"natural_0016","16777216","0x3154aace11598fa4","16,200093642220","0,025391578674","18,164139243641","0,008659371051","226203","505564","0,005958916202","-0,455061","-0,460598","-0,352466","-0,492747","-0,495175","-0,514996","0,000000"
"natural_0017","17825792","0x3fd12499c4a2c529","16,115622485177","0,025006294250","18,033024091389","0,010889063729","222919","496595","0,006281687646","-0,402614","-0,397552","-0,368159","-0,394387","-0,440974","-0,450852","0,000000"
"natural_0018","18874368","0x294f43accf1cf1cc","15,988110730497","0,026449203491","17,822512141236","0,012908947858","214315","466845","0,006887676486","-0,323444","-0,296330","-0,309390","-0,305283","-0,298970","-0,238089","0,000000"
"natural_0028","29360128","0x64c4a36328b0dd15","15,952919620293","0,023975372314","17,879706824533","0,011437426984","208459","467100","0,006197239877","-0,301594","-0,323831","-0,410147","-0,370197","-0,202320","-0,239913","0,000000"
"natural_0029","30408704","0xa5bb525ac94e9445","15,909482556981","0,026016235352","17,793293025790","0,013144505639","212206","469156","0,006853129673","-0,274625","-0,282280","-0,327025","-0,294891","-0,264162","-0,254617","0,000000"
"natural_0030","31457280","0x78a58334fad88f3d","15,889092146565","0,025856018066","17,752523340861","0,013093007176","210519","464778","0,006816079417","-0,261965","-0,262677","-0,333550","-0,297163","-0,236319","-0,223307","0,000000"
"natural_0031","32505856","0xf57645493b66e5e5","16,282811222913","0,020678520203","18,376821306757","0,005702977851","225052","519441","0,004616762159","-0,506419","-0,562863","-0,544424","-0,623164","-0,476178","-0,614240","0,000000"
"natural_0026","27262976","0x1cc4b99223808123","16,205882178719","0,021628379822","18,194856172120","0,007949836683","222343","501688","0,005176187888","-0,458655","-0,475367","-0,505738","-0,524047","-0,431468","-0,487276","0,000000"
"natural_0027","28311552","0x2f36b33fe9801b0e","15,986711570546","0,026158332825","17,818883525141","0,013444913335","218059","479812","0,006930568078","-0,322575","-0,294585","-0,321237","-0,281639","-0,360763","-0,330825","0,000000"
"natural_0005","5242880","0x62ae905a98809553","16,177779629982","0,022983551025","18,170352659979","0,009147652767","224824","507085","0,005622960664","-0,441207","-0,463585","-0,450543","-0,471207","-0,472415","-0,525874","0,000000"
"natural_0004","4194304","0x5e49d81985ee4288","15,899769438198","0,027688980103","17,681572249718","0,015234008059","217494","471493","0,007511522928","-0,268594","-0,228561","-0,258895","-0,202716","-0,351438","-0,271331","0,000000"
"natural_0007","7340032","0xb83dd76a362159d2","16,064476329950","0,026329040527","17,901556723342","0,013203633503","226624","495404","0,006918217955","-0,370858","-0,334338","-0,314284","-0,292283","-0,502123","-0,442335","0,000000"
PS H:\kdna_opencl_with_inspector_krun> Get-Content .\Origin_chr17_v03\kalyx_origin_v0_3_baseline.csv
"metric","n","mean","std","min","max"
"entropy_bits","32","15,467171282103","1,610601420555","10,545863376129","16,282811222913"
"top32_mass","32","0,034045517445","0,024552528284","0,020587921143","0,106751441956"
"edge_entropy_bits","32","17,206234973126","2,079698921893","10,887506791664","18,376821306757"
"edge_top32_mass","32","0,019829321937","0,022668744306","0,005702977851","0,087781989843"
"unique_symbols","32","196200,500000000000","60589,678848794000","11657,000000000000","227443,000000000000"
"unique_edges","32","433553,656250000000","139827,049074162000","15684,000000000000","519441,000000000000"
"plant_like_score","32","0,009428096892","0,008260073691","0,004616762159","0,034043350565"
"origin_concentration_score","32","0,026937419691","0,023600210546","0,013190749027","0,097266715899"
"origin_order_score","32","0,000000000000","0,000000000000","0,000000000000","0,000000000000"
PS H:\kdna_opencl_with_inspector_krun> Get-Content .\Origin_chr17_v03\KALYX_ORIGIN_V0_3_REPORT.md
# KALYX-ORIGIN v0.3 Report

Patternless local-window origin/anomaly scan.

## Inputs

- Symbols: .\GenomeOutFull\chr17_k16_kdna.u64
- WindowSymbols: 1048576
- StepSymbols: 1048576
- Windows: 32

## Method

v0.3 builds a natural baseline envelope from local windows of the same stream.
Each window is scored using transparent diagnostics: entropy drop, edge-entropy drop,
top-symbol concentration, top-edge concentration, unique-symbol reduction and unique-edge reduction.

This is not final origin proof. It is an anomaly-ranking layer for genesis diagnostics.

## Top Origin-Anomaly Windows

| Rank | Label | Skip | Score | Entropy | Top32 | EdgeEntropy | EdgeTop32 | UniqueSymbols | UniqueEdges |
|---:|---|---:|---:|---:|---:|---:|---:|---:|---:|
| 1 | natural_0023 | 24117248 | 3,014501 | 10,545863376129 | 0,106751441956 | 10,887506791664 | 0,087781989843 | 11657 | 15684 |
| 2 | natural_0022 | 23068672 | 3,007154 | 10,556036947307 | 0,106492996216 | 10,900834954765 | 0,087344252915 | 11681 | 15841 |
| 3 | natural_0024 | 25165824 | 2,960287 | 10,649138371520 | 0,105951309204 | 11,013878395177 | 0,086226545550 | 15370 | 20985 |
| 4 | natural_0021 | 22020096 | 0,774038 | 14,291828827816 | 0,050296783447 | 15,484561553767 | 0,036114727130 | 152086 | 296770 |
| 5 | natural_0025 | 26214400 | 0,361302 | 15,174132998452 | 0,049031257629 | 16,775276272962 | 0,030417471330 | 180095 | 372673 |
| 6 | natural_0020 | 20971520 | 0,192793 | 15,821389484472 | 0,050666809082 | 17,722842514076 | 0,030705481248 | 211436 | 462582 |
| 7 | natural_0019 | 19922944 | 0,000000 | 16,069763008837 | 0,023436546326 | 18,036756985140 | 0,009613046277 | 216390 | 482873 |
| 8 | natural_0016 | 16777216 | 0,000000 | 16,200093642220 | 0,025391578674 | 18,164139243641 | 0,008659371051 | 226203 | 505564 |
| 9 | natural_0017 | 17825792 | 0,000000 | 16,115622485177 | 0,025006294250 | 18,033024091389 | 0,010889063729 | 222919 | 496595 |
| 10 | natural_0018 | 18874368 | 0,000000 | 15,988110730497 | 0,026449203491 | 17,822512141236 | 0,012908947858 | 214315 | 466845 |

## Baseline

| Metric | N | Mean | Std | Min | Max |
|---|---:|---:|---:|---:|---:|
| entropy_bits | 32 | 15,467171282103 | 1,610601420555 | 10,545863376129 | 16,282811222913 |
| top32_mass | 32 | 0,034045517445 | 0,024552528284 | 0,020587921143 | 0,106751441956 |
| edge_entropy_bits | 32 | 17,206234973126 | 2,079698921893 | 10,887506791664 | 18,376821306757 |
| edge_top32_mass | 32 | 0,019829321937 | 0,022668744306 | 0,005702977851 | 0,087781989843 |
| unique_symbols | 32 | 196200,500000000000 | 60589,678848794000 | 11657,000000000000 | 227443,000000000000 |
| unique_edges | 32 | 433553,656250000000 | 139827,049074162000 | 15684,000000000000 | 519441,000000000000 |
| plant_like_score | 32 | 0,009428096892 | 0,008260073691 | 0,004616762159 | 0,034043350565 |
| origin_concentration_score | 32 | 0,026937419691 | 0,023600210546 | 0,013190749027 | 0,097266715899 |
| origin_order_score | 32 | 0,000000000000 | 0,000000000000 | 0,000000000000 | 0,000000000000 |

## Artefacts

- .\Origin_chr17_v03\kalyx_origin_v0_3_metrics.csv
- .\Origin_chr17_v03\kalyx_origin_v0_3_baseline.csv
- .\Origin_chr17_v03\kalyx_origin_v0_3_ranking.csv
- .\Origin_chr17_v03\KALYX_ORIGIN_V0_3_REPORT.md

## Interpretation Boundary

Structure is not origin. A high anomaly score means a window deviates from the local natural baseline
under these diagnostics. It does not alone prove artificial generation.
PS H:\kdna_opencl_with_inspector_krun> Get-Content .\Origin_chr17_v03\kalyx_origin_v0_3_ranking.csv -TotalCount 20
"label","skip_symbols","fnv1a64","entropy_bits","top32_mass","edge_entropy_bits","edge_top32_mass","unique_symbols","unique_edges","plant_like_score","z_entropy_low","z_edge_entropy_low","z_top32_high","z_edge_top32_high","z_unique_symbols_low","z_unique_edges_low","origin_anomaly_score"
"natural_0023","24117248","0xd6418a384acddcaf","10,545863376129","0,106751441956","10,887506791664","0,087781989843","11657","15684","0,034043350565","3,055572","3,038290","2,961240","2,997637","3,045791","2,988475","3,014501"
"natural_0022","23068672","0xaccb27bab7d3dc14","10,556036947307","0,106492996216","10,900834954765","0,087344252915","11681","15841","0,033921518598","3,049255","3,031881","2,950714","2,978327","3,045395","2,987352","3,007154"
"natural_0024","25165824","0x03838db2410c5b22","10,649138371520","0,105951309204","11,013878395177","0,086226545550","15370","20985","0,033631124582","2,991450","2,977526","2,928651","2,929021","2,984510","2,950564","2,960287"
"natural_0021","22020096","0x6a8c44880cbc97da","14,291828827816","0,050296783447","15,484561553767","0,036114727130","152086","296770","0,015122014351","0,729754","0,827847","0,661898","0,718408","0,728086","0,978235","0,774038"
"natural_0025","26214400","0x2df86c9b0ac37734","15,174132998452","0,049031257629","16,775276272962","0,030417471330","180095","372673","0,013903527568","0,181943","0,207222","0,610354","0,467081","0,265813","0,435400","0,361302"
"natural_0020","20971520","0xc70e63a06feaa2c2","15,821389484472","0,050666809082","17,722842514076","0,030705481248","211436","462582","0,014240150808","-0,219929","-0,248405","0,676969","0,479787","-0,251454","-0,207602","0,192793"
"natural_0019","19922944","0x4fd098f9ad2f6c20","16,069763008837","0,023436546326","18,036756985140","0,009613046277","216390","482873","0,005783678705","-0,374141","-0,399347","-0,432093","-0,450677","-0,333217","-0,352717","0,000000"
"natural_0016","16777216","0x3154aace11598fa4","16,200093642220","0,025391578674","18,164139243641","0,008659371051","226203","505564","0,005958916202","-0,455061","-0,460598","-0,352466","-0,492747","-0,495175","-0,514996","0,000000"
"natural_0017","17825792","0x3fd12499c4a2c529","16,115622485177","0,025006294250","18,033024091389","0,010889063729","222919","496595","0,006281687646","-0,402614","-0,397552","-0,368159","-0,394387","-0,440974","-0,450852","0,000000"
"natural_0018","18874368","0x294f43accf1cf1cc","15,988110730497","0,026449203491","17,822512141236","0,012908947858","214315","466845","0,006887676486","-0,323444","-0,296330","-0,309390","-0,305283","-0,298970","-0,238089","0,000000"
"natural_0028","29360128","0x64c4a36328b0dd15","15,952919620293","0,023975372314","17,879706824533","0,011437426984","208459","467100","0,006197239877","-0,301594","-0,323831","-0,410147","-0,370197","-0,202320","-0,239913","0,000000"
"natural_0029","30408704","0xa5bb525ac94e9445","15,909482556981","0,026016235352","17,793293025790","0,013144505639","212206","469156","0,006853129673","-0,274625","-0,282280","-0,327025","-0,294891","-0,264162","-0,254617","0,000000"
"natural_0030","31457280","0x78a58334fad88f3d","15,889092146565","0,025856018066","17,752523340861","0,013093007176","210519","464778","0,006816079417","-0,261965","-0,262677","-0,333550","-0,297163","-0,236319","-0,223307","0,000000"
"natural_0031","32505856","0xf57645493b66e5e5","16,282811222913","0,020678520203","18,376821306757","0,005702977851","225052","519441","0,004616762159","-0,506419","-0,562863","-0,544424","-0,623164","-0,476178","-0,614240","0,000000"
"natural_0026","27262976","0x1cc4b99223808123","16,205882178719","0,021628379822","18,194856172120","0,007949836683","222343","501688","0,005176187888","-0,458655","-0,475367","-0,505738","-0,524047","-0,431468","-0,487276","0,000000"
"natural_0027","28311552","0x2f36b33fe9801b0e","15,986711570546","0,026158332825","17,818883525141","0,013444913335","218059","479812","0,006930568078","-0,322575","-0,294585","-0,321237","-0,281639","-0,360763","-0,330825","0,000000"
"natural_0005","5242880","0x62ae905a98809553","16,177779629982","0,022983551025","18,170352659979","0,009147652767","224824","507085","0,005622960664","-0,441207","-0,463585","-0,450543","-0,471207","-0,472415","-0,525874","0,000000"
"natural_0004","4194304","0x5e49d81985ee4288","15,899769438198","0,027688980103","17,681572249718","0,015234008059","217494","471493","0,007511522928","-0,268594","-0,228561","-0,258895","-0,202716","-0,351438","-0,271331","0,000000"
"natural_0007","7340032","0xb83dd76a362159d2","16,064476329950","0,026329040527","17,901556723342","0,013203633503","226624","495404","0,006918217955","-0,370858","-0,334338","-0,314284","-0,292283","-0,502123","-0,442335","0,000000"
PS H:\kdna_opencl_with_inspector_krun> Get-Content .\Origin_chr17_v03\kalyx_origin_v0_3_baseline.csv
"metric","n","mean","std","min","max"
"entropy_bits","32","15,467171282103","1,610601420555","10,545863376129","16,282811222913"
"top32_mass","32","0,034045517445","0,024552528284","0,020587921143","0,106751441956"
"edge_entropy_bits","32","17,206234973126","2,079698921893","10,887506791664","18,376821306757"
"edge_top32_mass","32","0,019829321937","0,022668744306","0,005702977851","0,087781989843"
"unique_symbols","32","196200,500000000000","60589,678848794000","11657,000000000000","227443,000000000000"
"unique_edges","32","433553,656250000000","139827,049074162000","15684,000000000000","519441,000000000000"
"plant_like_score","32","0,009428096892","0,008260073691","0,004616762159","0,034043350565"
"origin_concentration_score","32","0,026937419691","0,023600210546","0,013190749027","0,097266715899"
"origin_order_score","32","0,000000000000","0,000000000000","0,000000000000","0,000000000000"
PS H:\kdna_opencl_with_inspector_krun>

PS H:\kdna_opencl_with_inspector_krun> cd H:\kdna_opencl_with_inspector_krun
PS H:\kdna_opencl_with_inspector_krun>
PS H:\kdna_opencl_with_inspector_krun> Remove-Item -Recurse -Force .\_patch_kalyx_origin_v04 -ErrorAction SilentlyContinue
PS H:\kdna_opencl_with_inspector_krun> Expand-Archive -Force .\kalyx_origin_v0_4_patch.zip .\_patch_kalyx_origin_v04
PS H:\kdna_opencl_with_inspector_krun>
PS H:\kdna_opencl_with_inspector_krun> .\_patch_kalyx_origin_v04\kalyx_origin_v0_4_patch\scripts\apply_kalyx_origin_v0_4_patch.ps1 `
>>   -ProjectRoot H:\kdna_opencl_with_inspector_krun
KALYX-ORIGIN v0.4 angewendet:
  tools\kalyx_origin.c
  scripts\kalyx_origin_zoom_v0_4.ps1
  scripts\kalyx_origin_multiscale_v0_4.ps1
  docs\KALYX_ORIGIN_v0_4_SPEC.md
  CMakeLists.txt: kalyx_origin + kalyx_origin_help geprüft/ergänzt
PS H:\kdna_opencl_with_inspector_krun>
PS H:\kdna_opencl_with_inspector_krun> $CMAKE_EXE  = "C:\Program Files\CMake\bin\cmake.exe"
PS H:\kdna_opencl_with_inspector_krun> $CTEST_EXE  = "C:\Program Files\CMake\bin\ctest.exe"
PS H:\kdna_opencl_with_inspector_krun>
PS H:\kdna_opencl_with_inspector_krun> & $CMAKE_EXE -S . -B build_vs `
>>   -G "Visual Studio 17 2022" `
>>   -A x64
-- Selecting Windows SDK version 10.0.26100.0 to target Windows 10.0.29599.
-- Configuring done (0.0s)
-- Generating done (0.6s)
-- Build files have been written to: H:/kdna_opencl_with_inspector_krun/build_vs
PS H:\kdna_opencl_with_inspector_krun>
PS H:\kdna_opencl_with_inspector_krun> & $CMAKE_EXE --build build_vs --config Release --target kalyx_origin --clean-first
MSBuild-Version 17.14.40+3e7442088 für .NET Framework

MSBuild-Version 17.14.40+3e7442088 für .NET Framework

  1>Checking Build System
  Building Custom Rule H:/kdna_opencl_with_inspector_krun/CMakeLists.txt
  kdna_cpu.c
  kdna_opencl.c
  kdna_ksoa.c
  kdna_kreg.c
  kdna_klib.c
  kdna_kgram.c
  kdna_krun.c
  kdna_kgen.c
  kdna_kvar.c
  kdna_kexp.c
  kdna_kmap.c
  Code wird generiert...
  kdna.vcxproj -> H:\kdna_opencl_with_inspector_krun\build_vs\Release\kdna.lib
  Building Custom Rule H:/kdna_opencl_with_inspector_krun/CMakeLists.txt
  kalyx_origin.c
  kalyx_origin.vcxproj -> H:\kdna_opencl_with_inspector_krun\build_vs\Release\kalyx_origin.exe
PS H:\kdna_opencl_with_inspector_krun>
PS H:\kdna_opencl_with_inspector_krun> .\build_vs\Release\kalyx_origin.exe --help
kalyx_origin v0.4 --in stream.u64 --label NAME --out-csv metrics.csv [options]

Options:
  --max-symbols N              maximum symbols to read, default: 0 = all available after skip
  --skip-symbols N             symbols to skip before reading, default: 0
  --control file.u64           optional same-length control stream for hamming drift
  --control-skip N             symbols to skip in control stream, default: 0
  --pattern file.u64           optional pattern stream; measures transition-edge compatibility
  --positions file.csv         optional PLANT audit positions/anchors CSV
  --plant-manifest file.csv    optional KPLANT key,value manifest
  --append                     append row; write header only if file missing/empty
  --help                       show help

Semantics:
  KALYX-ORIGIN v0.4 is patternless-capable and supports zoom scans via --skip-symbols.
  It measures origin-relevant diagnostics, not final origin proof.
PS H:\kdna_opencl_with_inspector_krun>
PS H:\kdna_opencl_with_inspector_krun> & $CTEST_EXE --test-dir build_vs -C Release -R "kalyx_origin_help" --output-on-failure
Test project H:/kdna_opencl_with_inspector_krun/build_vs
    Start 85: kalyx_origin_help
1/1 Test #85: kalyx_origin_help ................   Passed    0.01 sec

100% tests passed, 0 tests failed out of 1

Total Test time (real) =   0.02 sec
PS H:\kdna_opencl_with_inspector_krun> Remove-Item -Recurse -Force .\Origin_chr17_v04_zoom_20_27M_w262k -ErrorAction SilentlyContinue
PS H:\kdna_opencl_with_inspector_krun>
PS H:\kdna_opencl_with_inspector_krun> .\scripts\kalyx_origin_zoom_v0_4.ps1 `
>>   -Symbols .\GenomeOutFull\chr17_k16_kdna.u64 `
>>   -OutDir .\Origin_chr17_v04_zoom_20_27M_w262k `
>>   -StartSymbols 20971520 `
>>   -WindowSymbols 262144 `
>>   -StepSymbols 262144 `
>>   -Windows 32 `
>>   -Strict
=== KALYX-ORIGIN v0.4: zoom/local patternless scan ===
symbols=.\GenomeOutFull\chr17_k16_kdna.u64 total=82919499 start=20971520 window=262144 step=262144 windows=32
kalyx_origin v0.4: label=window_0000 n=262144 skip=20971520 entropy=15.610773499 top32=0.025547028 edge_entropy=16.980230217 edge_top32=0.011024517 pattern_edge=0.000000000 concentration=0.018285772
kalyx_origin v0.4: label=window_0001 n=262144 skip=21233664 entropy=15.834547067 top32=0.023132324 edge_entropy=17.303940295 edge_top32=0.005901359 pattern_edge=0.000000000 concentration=0.014516842
kalyx_origin v0.4: label=window_0002 n=262144 skip=21495808 entropy=15.454456814 top32=0.040733337 edge_entropy=16.849682352 edge_top32=0.023162930 pattern_edge=0.000000000 concentration=0.031948134
kalyx_origin v0.4: label=window_0003 n=262144 skip=21757952 entropy=13.757947943 top32=0.147548676 edge_entropy=15.119853906 edge_top32=0.097454443 pattern_edge=0.000000000 concentration=0.122501559
kalyx_origin v0.4: label=window_0004 n=262144 skip=22020096 entropy=15.202806715 top32=0.024692535 edge_entropy=16.438789546 edge_top32=0.011753127 pattern_edge=0.000000000 concentration=0.018222831
kalyx_origin v0.4: label=window_0005 n=262144 skip=22282240 entropy=15.575541430 top32=0.019397736 edge_entropy=17.041198533 edge_top32=0.007701903 pattern_edge=0.000000000 concentration=0.013549819
kalyx_origin v0.4: label=window_0006 n=262144 skip=22544384 entropy=11.398626019 top32=0.090267181 edge_entropy=11.868033311 edge_top32=0.067848464 pattern_edge=0.000000000 concentration=0.079057823
kalyx_origin v0.4: label=window_0007 n=262144 skip=22806528 entropy=11.013124922 top32=0.098545074 edge_entropy=11.456595477 edge_top32=0.076118760 pattern_edge=0.000000000 concentration=0.087331917
kalyx_origin v0.4: label=window_0008 n=262144 skip=23068672 entropy=10.526711150 top32=0.106407166 edge_entropy=10.861088252 edge_top32=0.087627745 pattern_edge=0.000000000 concentration=0.097017455
kalyx_origin v0.4: label=window_0009 n=262144 skip=23330816 entropy=10.513477412 top32=0.106365204 edge_entropy=10.848028164 edge_top32=0.087322568 pattern_edge=0.000000000 concentration=0.096843886
kalyx_origin v0.4: label=window_0010 n=262144 skip=23592960 entropy=10.560436039 top32=0.106449127 edge_entropy=10.901445743 edge_top32=0.086826656 pattern_edge=0.000000000 concentration=0.096637891
kalyx_origin v0.4: label=window_0011 n=262144 skip=23855104 entropy=10.534199865 top32=0.106811523 edge_entropy=10.870321231 edge_top32=0.087597227 pattern_edge=0.000000000 concentration=0.097204375
kalyx_origin v0.4: label=window_0012 n=262144 skip=24117248 entropy=10.517988655 top32=0.106887817 edge_entropy=10.850509004 edge_top32=0.088100769 pattern_edge=0.000000000 concentration=0.097494293
kalyx_origin v0.4: label=window_0013 n=262144 skip=24379392 entropy=10.521634192 top32=0.106719971 edge_entropy=10.853946466 edge_top32=0.087524748 pattern_edge=0.000000000 concentration=0.097122359
kalyx_origin v0.4: label=window_0014 n=262144 skip=24641536 entropy=10.513243491 top32=0.106918335 edge_entropy=10.845017706 edge_top32=0.088070252 pattern_edge=0.000000000 concentration=0.097494293
kalyx_origin v0.4: label=window_0015 n=262144 skip=24903680 entropy=10.541136024 top32=0.106567383 edge_entropy=10.879205884 edge_top32=0.087437010 pattern_edge=0.000000000 concentration=0.097002196
kalyx_origin v0.4: label=window_0016 n=262144 skip=25165824 entropy=10.587145307 top32=0.105632782 edge_entropy=10.934380618 edge_top32=0.086288781 pattern_edge=0.000000000 concentration=0.095960782
kalyx_origin v0.4: label=window_0017 n=262144 skip=25427968 entropy=10.660883880 top32=0.106060028 edge_entropy=11.023877641 edge_top32=0.086021751 pattern_edge=0.000000000 concentration=0.096040890
kalyx_origin v0.4: label=window_0018 n=262144 skip=25690112 entropy=10.630606888 top32=0.106117249 edge_entropy=10.986441704 edge_top32=0.086410852 pattern_edge=0.000000000 concentration=0.096264050
kalyx_origin v0.4: label=window_0019 n=262144 skip=25952256 entropy=10.588077978 top32=0.106098175 edge_entropy=10.934030563 edge_top32=0.086307855 pattern_edge=0.000000000 concentration=0.096203015
kalyx_origin v0.4: label=window_0020 n=262144 skip=26214400 entropy=11.674096621 top32=0.100585938 edge_entropy=12.259817501 edge_top32=0.081524206 pattern_edge=0.000000000 concentration=0.091055072
kalyx_origin v0.4: label=window_0021 n=262144 skip=26476544 entropy=13.850469327 top32=0.132221222 edge_entropy=15.133154189 edge_top32=0.085441915 pattern_edge=0.000000000 concentration=0.108831569
kalyx_origin v0.4: label=window_0022 n=262144 skip=26738688 entropy=15.439510434 top32=0.022731781 edge_entropy=16.824800289 edge_top32=0.009853401 pattern_edge=0.000000000 concentration=0.016292591
kalyx_origin v0.4: label=window_0023 n=262144 skip=27000832 entropy=15.619008071 top32=0.024635315 edge_entropy=17.032498945 edge_top32=0.009716071 pattern_edge=0.000000000 concentration=0.017175693
kalyx_origin v0.4: label=window_0024 n=262144 skip=27262976 entropy=15.729997561 top32=0.022468567 edge_entropy=17.169990853 edge_top32=0.005523703 pattern_edge=0.000000000 concentration=0.013996135
kalyx_origin v0.4: label=window_0025 n=262144 skip=27525120 entropy=15.682737979 top32=0.021537781 edge_entropy=17.118635864 edge_top32=0.008209260 pattern_edge=0.000000000 concentration=0.014873520
kalyx_origin v0.4: label=window_0026 n=262144 skip=27787264 entropy=15.532625616 top32=0.023006439 edge_entropy=16.950991816 edge_top32=0.010341684 pattern_edge=0.000000000 concentration=0.016674061
kalyx_origin v0.4: label=window_0027 n=262144 skip=28049408 entropy=15.709225294 top32=0.023822784 edge_entropy=17.086908604 edge_top32=0.009651221 pattern_edge=0.000000000 concentration=0.016737003
kalyx_origin v0.4: label=window_0028 n=262144 skip=28311552 entropy=15.419018639 top32=0.028614044 edge_entropy=16.673121879 edge_top32=0.016521517 pattern_edge=0.000000000 concentration=0.022567781
kalyx_origin v0.4: label=window_0029 n=262144 skip=28573696 entropy=15.721123226 top32=0.025249481 edge_entropy=17.109908209 edge_top32=0.009044682 pattern_edge=0.000000000 concentration=0.017147081
kalyx_origin v0.4: label=window_0030 n=262144 skip=28835840 entropy=15.408682243 top32=0.026264191 edge_entropy=16.697980678 edge_top32=0.014171654 pattern_edge=0.000000000 concentration=0.020217923
kalyx_origin v0.4: label=window_0031 n=262144 skip=29097984 entropy=15.348418862 top32=0.027812958 edge_entropy=16.654936203 edge_top32=0.015976013 pattern_edge=0.000000000 concentration=0.021894485
KALYX-ORIGIN v0.4 complete:
  .\Origin_chr17_v04_zoom_20_27M_w262k\KALYX_ORIGIN_V0_4_REPORT.md
  .\Origin_chr17_v04_zoom_20_27M_w262k\kalyx_origin_v0_4_metrics.csv
  .\Origin_chr17_v04_zoom_20_27M_w262k\kalyx_origin_v0_4_baseline.csv
  .\Origin_chr17_v04_zoom_20_27M_w262k\kalyx_origin_v0_4_ranking.csv
PS H:\kdna_opencl_with_inspector_krun> Get-Content .\Origin_chr17_v04_zoom_20_27M_w262k\KALYX_ORIGIN_V0_4_REPORT.md
# KALYX-ORIGIN v0.4 Report

Zoom/local patternless origin/anomaly scan.

## Inputs

- Symbols: `.\GenomeOutFull\chr17_k16_kdna.u64`
- TotalSymbols: `82919499`
- StartSymbols: `20971520`
- WindowSymbols: `262144`
- StepSymbols: `262144`
- Windows requested: `32`
- Windows scanned: `32`

## Method

v0.4 adds explicit zoom support via StartSymbols and independent control/pattern comparison.
It ranks windows by entropy drop, edge-entropy drop, top-symbol concentration,
top-edge concentration, unique-symbol reduction and unique-edge reduction.

This is not final origin proof. It is a local Genesis-diagnostic ranking.

## Top Origin-Anomaly Windows

| Rank | Label | Skip | Score | Entropy | Top32 | EdgeEntropy | EdgeTop32 | UniqueSymbols | UniqueEdges |
|---:|---|---:|---:|---:|---:|---:|---:|---:|---:|
| 1 | window_0014 | 24641536 | 1,039694 | 10,513243490996 | 0,106918334961 | 10,845017706055 | 0,088070251733 | 5827 | 7360 |
| 2 | window_0012 | 24117248 | 1,037459 | 10,517988655092 | 0,106887817383 | 10,850509004252 | 0,088100769427 | 6084 | 7704 |
| 3 | window_0013 | 24379392 | 1,034901 | 10,521634192040 | 0,106719970703 | 10,853946465895 | 0,087524747943 | 5921 | 7465 |
| 4 | window_0011 | 23855104 | 1,033879 | 10,534199865379 | 0,106811523438 | 10,870321230602 | 0,087597227467 | 5884 | 7469 |
| 5 | window_0009 | 23330816 | 1,032872 | 10,513477412307 | 0,106365203857 | 10,848028163592 | 0,087322568217 | 6002 | 7661 |
| 6 | window_0008 | 23068672 | 1,032736 | 10,526711149632 | 0,106407165527 | 10,861088252011 | 0,087627745162 | 6003 | 7642 |
| 7 | window_0015 | 24903680 | 1,028837 | 10,541136023503 | 0,106567382812 | 10,879205884102 | 0,087437009571 | 6285 | 7958 |
| 8 | window_0010 | 23592960 | 1,022627 | 10,560436039117 | 0,106449127197 | 10,901445743209 | 0,086826655680 | 6352 | 8070 |
| 9 | window_0019 | 25952256 | 1,013121 | 10,588077977845 | 0,106098175049 | 10,934030562999 | 0,086307854873 | 6692 | 8509 |
| 10 | window_0016 | 25165824 | 1,010013 | 10,587145307306 | 0,105632781982 | 10,934380617938 | 0,086288781314 | 6874 | 8822 |
| 11 | window_0018 | 25690112 | 0,999446 | 10,630606887539 | 0,106117248535 | 10,986441703947 | 0,086410852092 | 8027 | 10243 |
| 12 | window_0017 | 25427968 | 0,990382 | 10,660883879873 | 0,106060028076 | 11,023877641290 | 0,086021751487 | 8465 | 10902 |
| 13 | window_0007 | 22806528 | 0,859337 | 11,013124922262 | 0,098545074463 | 11,456595477139 | 0,076118759608 | 9879 | 13093 |
| 14 | window_0020 | 26214400 | 0,714675 | 11,674096620910 | 0,100585937500 | 12,259817500850 | 0,081524206254 | 22873 | 31922 |
| 15 | window_0006 | 22544384 | 0,675274 | 11,398626019376 | 0,090267181396 | 11,868033310585 | 0,067848464388 | 20273 | 27317 |

## Baseline

| Metric | N | Mean | Std | Min | Max |
|---|---:|---:|---:|---:|---:|
| entropy_bits | 32 | 13,177446223886 | 2,398236166108 | 10,513243490996 | 15,834547066826 |
| top32_mass | 32 | 0,069557785988 | 0,043347694357 | 0,019397735596 | 0,147548675537 |
| edge_entropy_bits | 32 | 14,079980051332 | 2,903025672179 | 10,845017706055 | 17,303940294738 |
| edge_top32_mass | 32 | 0,050702407655 | 0,038044897429 | 0,005523702712 | 0,097454442804 |
| unique_symbols | 32 | 57568,937500000000 | 47428,626912131500 | 5827,000000000000 | 113483,000000000000 |
| unique_edges | 32 | 95269,000000000000 | 81556,446507331500 | 7360,000000000000 | 193925,000000000000 |
| plant_like_score | 32 | 0,060130096822 | 0,040565661252 | 0,013549819378 | 0,122501559171 |
| origin_concentration_score | 32 | 0,060130096822 | 0,040565661252 | 0,013549819378 | 0,122501559171 |
| origin_order_score | 32 | 0,000000000000 | 0,000000000000 | 0,000000000000 | 0,000000000000 |

## Artefacts

- `.\Origin_chr17_v04_zoom_20_27M_w262k\kalyx_origin_v0_4_metrics.csv`
- `.\Origin_chr17_v04_zoom_20_27M_w262k\kalyx_origin_v0_4_baseline.csv`
- `.\Origin_chr17_v04_zoom_20_27M_w262k\kalyx_origin_v0_4_ranking.csv`
- `.\Origin_chr17_v04_zoom_20_27M_w262k\KALYX_ORIGIN_V0_4_REPORT.md`

## Interpretation Boundary

Structure is not origin. A high anomaly score means a window deviates from its local scan baseline under these diagnostics. It does not alone prove artificial generation.
PS H:\kdna_opencl_with_inspector_krun> Get-Content .\Origin_chr17_v04_zoom_20_27M_w262k\kalyx_origin_v0_4_ranking.csv -TotalCount 20
"label","skip_symbols","fnv1a64","entropy_bits","top32_mass","edge_entropy_bits","edge_top32_mass","unique_symbols","unique_edges","plant_like_score","z_entropy_low","z_edge_entropy_low","z_top32_high","z_edge_top32_high","z_unique_symbols_low","z_unique_edges_low","origin_anomaly_score"
"window_0014","24641536","0xa12b6e57a7c8dfd8","10,513243490996","0,106918334961","10,845017706055","0,088070251733","5827","7360","0,097494293347","1,11090090731737","1,11434162511187","0,861880880339475","0,98220383292415","1,0909431891389","1,07789149435413","1,03969365486432"
"window_0012","24117248","0x0ec8162930d988f0","10,517988655092","0,106887817383","10,850509004252","0,088100769427","6084","7704","0,097494293405","1,10892230147235","1,11245004755897","0,861176861857002","0,983005982386039","1,08552452077905","1,07367355678166","1,03745887847251"
"window_0013","24379392","0xd824bbe8c48ed137","10,52163419204","0,106719970703","10,853946465895","0,087524747943","5921","7465","0,097122359323","1,10740221058242","1,11126595136721","0,85730476018033","0,967865411036614","1,08896126374659","1,07660404247881","1,03490060656533"
"window_0011","23855104","0x1ac11f305b2d5f16","10,534199865379","0,106811523438","10,870321230602","0,087597227467","5884","7469","0,097204375452","1,10216266265274","1,10562536580025","0,859416815650819","0,969770516028313","1,0897413833159","1,07655499669308","1,03387862335685"
"window_0009","23330816","0x7e31480765e59092","10,513477412307","0,106365203857","10,848028163592","0,087322568217","6002","7661","0,096843886037","1,11080336842011","1,11330461825181","0,849120545281208","0,962551170766176","1,08725343441916","1,07420079897822","1,03287232268611"
"window_0008","23068672","0x7b7e1371f29b80a7","10,526711149632","0,106407165527","10,861088252011","0,087627745162","6003","7642","0,097017455345","1,10528525577048","1,10880583322756","0,850088570700376","0,970572665516486","1,08723235010648","1,07443376646042","1,03273640696363"
"window_0015","24903680","0x06191c3f7147e74b","10,541136023503","0,106567382812","10,879205884102","0,087437009571","6285","7958","0,097002196192","1,0992704712072","1,10256488528672","0,853784667744894","0,965559231287686","1,08128657392952","1,07055914938804","1,02883749647401"
"window_0010","23592960","0x6cdb050fb515b648","10,560436039117","0,106449127197","10,901445743209","0,08682665568","6352","8070","0,096637891439","1,09122288361481","1,09490396126523","0,851056596119544","0,94951624176078","1,07987392497967","1,0691858673877","1,02262657918796"
"window_0019","25952256","0xe393826132dc0497","10,588077977845","0,106098175049","10,934030562999","0,086307854873","6692","8509","0,096203014961","1,07969693837278","1,08367952735743","0,842960383548033","0,93587970067211","1,07270525866703","1,06380309240424","1,01312081683694"
"window_0016","25165824","0x5041e8e592a2cc30","10,587145307306","0,105632781982","10,934380617938","0,086288781314","6874","8822","0,095960781648","1,08008583691088","1,08355894456605","0,832224101632644","0,935378357251859","1,0688679137585","1,05996525967115","1,01001340229851"
"window_0018","25690112","0xbd7fc7eb672d8b05","10,630606887539","0,106117248535","10,986441703947","0,086410852092","8027","10243","0,096264050314","1,06196352650325","1,06562555647792","0,843400395093811","0,938586955151983","1,04455770123356","1,04254174429187","0,999445979792065"
"window_0017","25427968","0x5849fb72e5e9c77f","10,660883879873","0,106060028076","11,02387764129","0,086021751487","8465","10902","0,096040889781","1,04933883475609","1,05273006688519","0,842080360433407","0,928359549342052","1,03532277227785","1,03446145109346","0,990382172464675"
"window_0007","22806528","0xc81df065e8ec448f","11,013124922262","0,098545074463","11,456595477139","0,076118759608","9879","13093","0,087331917036","0,902463790768777","0,903672537013538","0,668715808420772","0,668062044333068","1,00550955414233","1,00759662196186","0,859336726106723"
"window_0020","26214400","0x9bf0842d1590f6f2","11,67409662091","0,1005859375","12,25981750085","0,081524206254","22873","31922","0,091055071877","0,626856363948591","0,626988100010915","0,715797044626488","0,810142770300003","0,731539995123185","0,776725847101558","0,714675020185123"
"window_0006","22544384","0xcaadd197a0dc97c6","11,398626019376","0,090267181396","11,868033310585","0,067848464388","20273","27317","0,079057822892","0,741720198222722","0,761945291061497","0,47775079425403","0,450679536323669","0,786359208102234","0,833189807919003","0,675274139313859"
"window_0003","21757952","0x28f73cfd4904fcb5","13,75794794292","0,147548675537","15,119853906018","0,097454442804","76612","126869","0,122501559171","-0,242053608913768","-0,358203464974899","1,79919349127748","1,22886479681818","-0,40150988421571","-0,387461707238058","0,504676381349276"
"window_0021","26476544","0xcda41891cf1436be","13,850469327154","0,132221221924","15,133154188824","0,085441915291","71670","114628","0,108831568607","-0,280632538521092","-0,36278498932498","1,44560020701349","0,91311870930332","-0,297311210930148","-0,237369341469037","0,393119819386135"
"window_0026","27787264","0xed766d13fa41d59b","15,532625616369","0,023006439209","16,950991816368","0,010341683738","102885","175540","0,016674061473","-0,98204648306403","-0,988972227338468","-1,07390594746092","-1,06087088270035","-0,955458031369002","-0,984238566509688","0"
"window_0025","27525120","0x6b3921aa2a3b6072","15,682737978644","0,021537780762","17,11863586399","0,008209259831","107227","184415","0,014873520297","-1,04463930206844","-1,04672026905529","-1,10778683706259","-1,11692107736836","-1,04700611704401","-1,09305890359","0"
PS H:\kdna_opencl_with_inspector_krun> Get-Content .\Origin_chr17_v04_zoom_20_27M_w262k\kalyx_origin_v0_4_baseline.csv
"metric","n","mean","std","min","max"
"entropy_bits","32","13,177446223886","2,398236166108","10,513243490996","15,834547066826"
"top32_mass","32","0,069557785988","0,043347694357","0,019397735596","0,147548675537"
"edge_entropy_bits","32","14,079980051332","2,903025672179","10,845017706055","17,303940294738"
"edge_top32_mass","32","0,050702407655","0,038044897429","0,005523702712","0,097454442804"
"unique_symbols","32","57568,937500000000","47428,626912131500","5827,000000000000","113483,000000000000"
"unique_edges","32","95269,000000000000","81556,446507331500","7360,000000000000","193925,000000000000"
"plant_like_score","32","0,060130096822","0,040565661252","0,013549819378","0,122501559171"
"origin_concentration_score","32","0,060130096822","0,040565661252","0,013549819378","0,122501559171"
"origin_order_score","32","0,000000000000","0,000000000000","0,000000000000","0,000000000000"
PS H:\kdna_opencl_with_inspector_krun> Remove-Item -Recurse -Force .\Origin_chr17_v04_multiscale -ErrorAction SilentlyContinue
PS H:\kdna_opencl_with_inspector_krun>
PS H:\kdna_opencl_with_inspector_krun> .\scripts\kalyx_origin_multiscale_v0_4.ps1 `
>>   -Symbols .\GenomeOutFull\chr17_k16_kdna.u64 `
>>   -OutRoot .\Origin_chr17_v04_multiscale `
>>   -CenterStart 23068672 `
>>   -WindowSizes 131072,262144,524288,1048576 `
>>   -Windows 32 `
>>   -Strict
=== KALYX-ORIGIN v0.4: zoom/local patternless scan ===
symbols=.\GenomeOutFull\chr17_k16_kdna.u64 total=82919499 start=20971520 window=131072 step=131072 windows=32
kalyx_origin v0.4: label=window_0000 n=131072 skip=20971520 entropy=15.104334362 top32=0.026214600 edge_entropy=16.184426890 edge_top32=0.013176065 pattern_edge=0.000000000 concentration=0.019695332
kalyx_origin v0.4: label=window_0001 n=131072 skip=21102592 entropy=15.262923718 top32=0.026550293 edge_entropy=16.378486878 edge_top32=0.009315562 pattern_edge=0.000000000 concentration=0.017932927
kalyx_origin v0.4: label=window_0002 n=131072 skip=21233664 entropy=15.356769839 top32=0.028175354 edge_entropy=16.547133946 edge_top32=0.006401111 pattern_edge=0.000000000 concentration=0.017288232
kalyx_origin v0.4: label=window_0003 n=131072 skip=21364736 entropy=15.369754360 top32=0.020378113 edge_entropy=16.524688899 edge_top32=0.006683401 pattern_edge=0.000000000 concentration=0.013530757
kalyx_origin v0.4: label=window_0004 n=131072 skip=21495808 entropy=15.286491119 top32=0.023696899 edge_entropy=16.409234088 edge_top32=0.007392940 pattern_edge=0.000000000 concentration=0.015544920
kalyx_origin v0.4: label=window_0005 n=131072 skip=21626880 entropy=14.655599011 top32=0.071434021 edge_entropy=15.777411378 edge_top32=0.045006142 pattern_edge=0.000000000 concentration=0.058220081
kalyx_origin v0.4: label=window_0006 n=131072 skip=21757952 entropy=10.884820470 top32=0.290161133 edge_entropy=12.090604430 edge_top32=0.194795187 pattern_edge=0.000000000 concentration=0.242478160
kalyx_origin v0.4: label=window_0007 n=131072 skip=21889024 entropy=15.076789310 top32=0.022682190 edge_entropy=16.303317425 edge_top32=0.008789130 pattern_edge=0.000000000 concentration=0.015735660
kalyx_origin v0.4: label=window_0008 n=131072 skip=22020096 entropy=14.810653712 top32=0.027931213 edge_entropy=15.877921065 edge_top32=0.017563000 pattern_edge=0.000000000 concentration=0.022747107
kalyx_origin v0.4: label=window_0009 n=131072 skip=22151168 entropy=14.648333583 top32=0.026969910 edge_entropy=15.551707309 edge_top32=0.011413661 pattern_edge=0.000000000 concentration=0.019191785
kalyx_origin v0.4: label=window_0010 n=131072 skip=22282240 entropy=15.374955384 top32=0.018196106 edge_entropy=16.532084872 edge_top32=0.005493206 pattern_edge=0.000000000 concentration=0.011844656
kalyx_origin v0.4: label=window_0011 n=131072 skip=22413312 entropy=14.930994093 top32=0.023696899 edge_entropy=16.122402629 edge_top32=0.012863257 pattern_edge=0.000000000 concentration=0.018280078
kalyx_origin v0.4: label=window_0012 n=131072 skip=22544384 entropy=11.789520317 top32=0.082763672 edge_entropy=12.310974383 edge_top32=0.060547337 pattern_edge=0.000000000 concentration=0.071655504
kalyx_origin v0.4: label=window_0013 n=131072 skip=22675456 entropy=10.786322670 top32=0.098571777 edge_entropy=11.154577314 edge_top32=0.075874907 pattern_edge=0.000000000 concentration=0.087223342
kalyx_origin v0.4: label=window_0014 n=131072 skip=22806528 entropy=10.801932065 top32=0.097579956 edge_entropy=11.176806860 edge_top32=0.075462917 pattern_edge=0.000000000 concentration=0.086521437
kalyx_origin v0.4: label=window_0015 n=131072 skip=22937600 entropy=10.920988858 top32=0.100341797 edge_entropy=11.346520953 edge_top32=0.079208978 pattern_edge=0.000000000 concentration=0.089775388
kalyx_origin v0.4: label=window_0016 n=131072 skip=23068672 entropy=10.548148230 top32=0.106491089 edge_entropy=10.884787159 edge_top32=0.087647153 pattern_edge=0.000000000 concentration=0.097069121
kalyx_origin v0.4: label=window_0017 n=131072 skip=23199744 entropy=10.469216063 top32=0.106369019 edge_entropy=10.790034464 edge_top32=0.087609006 pattern_edge=0.000000000 concentration=0.096989012
kalyx_origin v0.4: label=window_0018 n=131072 skip=23330816 entropy=10.519066024 top32=0.106101990 edge_entropy=10.853019223 edge_top32=0.086968132 pattern_edge=0.000000000 concentration=0.096535061
kalyx_origin v0.4: label=window_0019 n=131072 skip=23461888 entropy=10.474320659 top32=0.106636047 edge_entropy=10.798639033 edge_top32=0.087677671 pattern_edge=0.000000000 concentration=0.097156859
kalyx_origin v0.4: label=window_0020 n=131072 skip=23592960 entropy=10.560417142 top32=0.106262207 edge_entropy=10.900784293 edge_top32=0.086525624 pattern_edge=0.000000000 concentration=0.096393915
kalyx_origin v0.4: label=window_0021 n=131072 skip=23724032 entropy=10.526484458 top32=0.106674194 edge_entropy=10.857392811 edge_top32=0.087128350 pattern_edge=0.000000000 concentration=0.096901272
kalyx_origin v0.4: label=window_0022 n=131072 skip=23855104 entropy=10.531678315 top32=0.106239319 edge_entropy=10.865251260 edge_top32=0.087258051 pattern_edge=0.000000000 concentration=0.096748685
kalyx_origin v0.4: label=window_0023 n=131072 skip=23986176 entropy=10.505803465 top32=0.107421875 edge_entropy=10.834493091 edge_top32=0.087944702 pattern_edge=0.000000000 concentration=0.097683288
kalyx_origin v0.4: label=window_0024 n=131072 skip=24117248 entropy=10.501026108 top32=0.106513977 edge_entropy=10.830482826 edge_top32=0.087357234 pattern_edge=0.000000000 concentration=0.096935605
kalyx_origin v0.4: label=window_0025 n=131072 skip=24248320 entropy=10.500052100 top32=0.107330322 edge_entropy=10.824963186 edge_top32=0.088844977 pattern_edge=0.000000000 concentration=0.098087650
kalyx_origin v0.4: label=window_0026 n=131072 skip=24379392 entropy=10.503128550 top32=0.106719971 edge_entropy=10.828701696 edge_top32=0.087479305 pattern_edge=0.000000000 concentration=0.097099638
kalyx_origin v0.4: label=window_0027 n=131072 skip=24510464 entropy=10.507517729 top32=0.106758118 edge_entropy=10.836428466 edge_top32=0.087570859 pattern_edge=0.000000000 concentration=0.097164488
kalyx_origin v0.4: label=window_0028 n=131072 skip=24641536 entropy=10.485093452 top32=0.106941223 edge_entropy=10.810174123 edge_top32=0.088165956 pattern_edge=0.000000000 concentration=0.097553590
kalyx_origin v0.4: label=window_0029 n=131072 skip=24772608 entropy=10.508475524 top32=0.106918335 edge_entropy=10.836754497 edge_top32=0.087975220 pattern_edge=0.000000000 concentration=0.097446777
kalyx_origin v0.4: label=window_0030 n=131072 skip=24903680 entropy=10.509594922 top32=0.106262207 edge_entropy=10.838390670 edge_top32=0.087120721 pattern_edge=0.000000000 concentration=0.096691464
kalyx_origin v0.4: label=window_0031 n=131072 skip=25034752 entropy=10.535071109 top32=0.106872559 edge_entropy=10.870550036 edge_top32=0.087753965 pattern_edge=0.000000000 concentration=0.097313262
KALYX-ORIGIN v0.4 complete:
  .\Origin_chr17_v04_multiscale\w131072\KALYX_ORIGIN_V0_4_REPORT.md
  .\Origin_chr17_v04_multiscale\w131072\kalyx_origin_v0_4_metrics.csv
  .\Origin_chr17_v04_multiscale\w131072\kalyx_origin_v0_4_baseline.csv
  .\Origin_chr17_v04_multiscale\w131072\kalyx_origin_v0_4_ranking.csv
=== KALYX-ORIGIN v0.4: zoom/local patternless scan ===
symbols=.\GenomeOutFull\chr17_k16_kdna.u64 total=82919499 start=18874368 window=262144 step=262144 windows=32
kalyx_origin v0.4: label=window_0000 n=262144 skip=18874368 entropy=15.303450546 top32=0.029396057 edge_entropy=16.507124296 edge_top32=0.013824516 pattern_edge=0.000000000 concentration=0.021610286
kalyx_origin v0.4: label=window_0001 n=262144 skip=19136512 entropy=15.597593986 top32=0.026180267 edge_entropy=16.992845225 edge_top32=0.010623972 pattern_edge=0.000000000 concentration=0.018402120
kalyx_origin v0.4: label=window_0002 n=262144 skip=19398656 entropy=15.542617433 top32=0.025279999 edge_entropy=16.883191512 edge_top32=0.012397813 pattern_edge=0.000000000 concentration=0.018838906
kalyx_origin v0.4: label=window_0003 n=262144 skip=19660800 entropy=15.336717997 top32=0.028198242 edge_entropy=16.637298136 edge_top32=0.016403261 pattern_edge=0.000000000 concentration=0.022300752
kalyx_origin v0.4: label=window_0004 n=262144 skip=19922944 entropy=15.506585622 top32=0.025169373 edge_entropy=16.978435157 edge_top32=0.010437052 pattern_edge=0.000000000 concentration=0.017803212
kalyx_origin v0.4: label=window_0005 n=262144 skip=20185088 entropy=15.688295650 top32=0.022609711 edge_entropy=17.142295203 edge_top32=0.007988007 pattern_edge=0.000000000 concentration=0.015298859
kalyx_origin v0.4: label=window_0006 n=262144 skip=20447232 entropy=15.465172302 top32=0.025821686 edge_entropy=16.850818179 edge_top32=0.013408712 pattern_edge=0.000000000 concentration=0.019615199
kalyx_origin v0.4: label=window_0007 n=262144 skip=20709376 entropy=15.645271311 top32=0.021736145 edge_entropy=17.046605533 edge_top32=0.008876834 pattern_edge=0.000000000 concentration=0.015306490
kalyx_origin v0.4: label=window_0008 n=262144 skip=20971520 entropy=15.610773499 top32=0.025547028 edge_entropy=16.980230217 edge_top32=0.011024517 pattern_edge=0.000000000 concentration=0.018285772
kalyx_origin v0.4: label=window_0009 n=262144 skip=21233664 entropy=15.834547067 top32=0.023132324 edge_entropy=17.303940295 edge_top32=0.005901359 pattern_edge=0.000000000 concentration=0.014516842
kalyx_origin v0.4: label=window_0010 n=262144 skip=21495808 entropy=15.454456814 top32=0.040733337 edge_entropy=16.849682352 edge_top32=0.023162930 pattern_edge=0.000000000 concentration=0.031948134
kalyx_origin v0.4: label=window_0011 n=262144 skip=21757952 entropy=13.757947943 top32=0.147548676 edge_entropy=15.119853906 edge_top32=0.097454443 pattern_edge=0.000000000 concentration=0.122501559
kalyx_origin v0.4: label=window_0012 n=262144 skip=22020096 entropy=15.202806715 top32=0.024692535 edge_entropy=16.438789546 edge_top32=0.011753127 pattern_edge=0.000000000 concentration=0.018222831
kalyx_origin v0.4: label=window_0013 n=262144 skip=22282240 entropy=15.575541430 top32=0.019397736 edge_entropy=17.041198533 edge_top32=0.007701903 pattern_edge=0.000000000 concentration=0.013549819
kalyx_origin v0.4: label=window_0014 n=262144 skip=22544384 entropy=11.398626019 top32=0.090267181 edge_entropy=11.868033311 edge_top32=0.067848464 pattern_edge=0.000000000 concentration=0.079057823
kalyx_origin v0.4: label=window_0015 n=262144 skip=22806528 entropy=11.013124922 top32=0.098545074 edge_entropy=11.456595477 edge_top32=0.076118760 pattern_edge=0.000000000 concentration=0.087331917
kalyx_origin v0.4: label=window_0016 n=262144 skip=23068672 entropy=10.526711150 top32=0.106407166 edge_entropy=10.861088252 edge_top32=0.087627745 pattern_edge=0.000000000 concentration=0.097017455
kalyx_origin v0.4: label=window_0017 n=262144 skip=23330816 entropy=10.513477412 top32=0.106365204 edge_entropy=10.848028164 edge_top32=0.087322568 pattern_edge=0.000000000 concentration=0.096843886
kalyx_origin v0.4: label=window_0018 n=262144 skip=23592960 entropy=10.560436039 top32=0.106449127 edge_entropy=10.901445743 edge_top32=0.086826656 pattern_edge=0.000000000 concentration=0.096637891
kalyx_origin v0.4: label=window_0019 n=262144 skip=23855104 entropy=10.534199865 top32=0.106811523 edge_entropy=10.870321231 edge_top32=0.087597227 pattern_edge=0.000000000 concentration=0.097204375
kalyx_origin v0.4: label=window_0020 n=262144 skip=24117248 entropy=10.517988655 top32=0.106887817 edge_entropy=10.850509004 edge_top32=0.088100769 pattern_edge=0.000000000 concentration=0.097494293
kalyx_origin v0.4: label=window_0021 n=262144 skip=24379392 entropy=10.521634192 top32=0.106719971 edge_entropy=10.853946466 edge_top32=0.087524748 pattern_edge=0.000000000 concentration=0.097122359
kalyx_origin v0.4: label=window_0022 n=262144 skip=24641536 entropy=10.513243491 top32=0.106918335 edge_entropy=10.845017706 edge_top32=0.088070252 pattern_edge=0.000000000 concentration=0.097494293
kalyx_origin v0.4: label=window_0023 n=262144 skip=24903680 entropy=10.541136024 top32=0.106567383 edge_entropy=10.879205884 edge_top32=0.087437010 pattern_edge=0.000000000 concentration=0.097002196
kalyx_origin v0.4: label=window_0024 n=262144 skip=25165824 entropy=10.587145307 top32=0.105632782 edge_entropy=10.934380618 edge_top32=0.086288781 pattern_edge=0.000000000 concentration=0.095960782
kalyx_origin v0.4: label=window_0025 n=262144 skip=25427968 entropy=10.660883880 top32=0.106060028 edge_entropy=11.023877641 edge_top32=0.086021751 pattern_edge=0.000000000 concentration=0.096040890
kalyx_origin v0.4: label=window_0026 n=262144 skip=25690112 entropy=10.630606888 top32=0.106117249 edge_entropy=10.986441704 edge_top32=0.086410852 pattern_edge=0.000000000 concentration=0.096264050
kalyx_origin v0.4: label=window_0027 n=262144 skip=25952256 entropy=10.588077978 top32=0.106098175 edge_entropy=10.934030563 edge_top32=0.086307855 pattern_edge=0.000000000 concentration=0.096203015
kalyx_origin v0.4: label=window_0028 n=262144 skip=26214400 entropy=11.674096621 top32=0.100585938 edge_entropy=12.259817501 edge_top32=0.081524206 pattern_edge=0.000000000 concentration=0.091055072
kalyx_origin v0.4: label=window_0029 n=262144 skip=26476544 entropy=13.850469327 top32=0.132221222 edge_entropy=15.133154189 edge_top32=0.085441915 pattern_edge=0.000000000 concentration=0.108831569
kalyx_origin v0.4: label=window_0030 n=262144 skip=26738688 entropy=15.439510434 top32=0.022731781 edge_entropy=16.824800289 edge_top32=0.009853401 pattern_edge=0.000000000 concentration=0.016292591
kalyx_origin v0.4: label=window_0031 n=262144 skip=27000832 entropy=15.619008071 top32=0.024635315 edge_entropy=17.032498945 edge_top32=0.009716071 pattern_edge=0.000000000 concentration=0.017175693
KALYX-ORIGIN v0.4 complete:
  .\Origin_chr17_v04_multiscale\w262144\KALYX_ORIGIN_V0_4_REPORT.md
  .\Origin_chr17_v04_multiscale\w262144\kalyx_origin_v0_4_metrics.csv
  .\Origin_chr17_v04_multiscale\w262144\kalyx_origin_v0_4_baseline.csv
  .\Origin_chr17_v04_multiscale\w262144\kalyx_origin_v0_4_ranking.csv
=== KALYX-ORIGIN v0.4: zoom/local patternless scan ===
symbols=.\GenomeOutFull\chr17_k16_kdna.u64 total=82919499 start=14680064 window=524288 step=524288 windows=32
kalyx_origin v0.4: label=window_0000 n=524288 skip=14680064 entropy=15.982240930 top32=0.019584656 edge_entropy=17.764667715 edge_top32=0.006856931 pattern_edge=0.000000000 concentration=0.013220794
kalyx_origin v0.4: label=window_0001 n=524288 skip=15204352 entropy=15.951879291 top32=0.021982193 edge_entropy=17.661802816 edge_top32=0.009281176 pattern_edge=0.000000000 concentration=0.015631685
kalyx_origin v0.4: label=window_0002 n=524288 skip=15728640 entropy=15.703811294 top32=0.025585175 edge_entropy=17.322600155 edge_top32=0.013362910 pattern_edge=0.000000000 concentration=0.019474042
kalyx_origin v0.4: label=window_0003 n=524288 skip=16252928 entropy=15.915955150 top32=0.023103714 edge_entropy=17.596519093 edge_top32=0.009672183 pattern_edge=0.000000000 concentration=0.016387949
kalyx_origin v0.4: label=window_0004 n=524288 skip=16777216 entropy=15.957937438 top32=0.025314331 edge_entropy=17.651472130 edge_top32=0.009462375 pattern_edge=0.000000000 concentration=0.017388353
kalyx_origin v0.4: label=window_0005 n=524288 skip=17301504 entropy=16.017393939 top32=0.025707245 edge_entropy=17.712162515 edge_top32=0.008298890 pattern_edge=0.000000000 concentration=0.017003067
kalyx_origin v0.4: label=window_0006 n=524288 skip=17825792 entropy=15.912407455 top32=0.026916504 edge_entropy=17.562468130 edge_top32=0.010643026 pattern_edge=0.000000000 concentration=0.018779765
kalyx_origin v0.4: label=window_0007 n=524288 skip=18350080 entropy=15.860230942 top32=0.023914337 edge_entropy=17.526637523 edge_top32=0.011468909 pattern_edge=0.000000000 concentration=0.017691623
kalyx_origin v0.4: label=window_0008 n=524288 skip=18874368 entropy=15.781179018 top32=0.027574539 edge_entropy=17.356260589 edge_top32=0.012088799 pattern_edge=0.000000000 concentration=0.019831669
kalyx_origin v0.4: label=window_0009 n=524288 skip=19398656 entropy=15.738150140 top32=0.026294708 edge_entropy=17.324750695 edge_top32=0.014207867 pattern_edge=0.000000000 concentration=0.020251288
kalyx_origin v0.4: label=window_0010 n=524288 skip=19922944 entropy=15.898558842 top32=0.023607254 edge_entropy=17.654333242 edge_top32=0.009082812 pattern_edge=0.000000000 concentration=0.016345033
kalyx_origin v0.4: label=window_0011 n=524288 skip=20447232 entropy=15.843883262 top32=0.023591995 edge_entropy=17.515030411 edge_top32=0.010654470 pattern_edge=0.000000000 concentration=0.017123233
kalyx_origin v0.4: label=window_0012 n=524288 skip=20971520 entropy=16.046516707 top32=0.023653030 edge_entropy=17.770606388 edge_top32=0.007816330 pattern_edge=0.000000000 concentration=0.015734680
kalyx_origin v0.4: label=window_0013 n=524288 skip=21495808 entropy=14.977065425 top32=0.092723846 edge_entropy=16.583452450 edge_top32=0.059642906 pattern_edge=0.000000000 concentration=0.076183376
kalyx_origin v0.4: label=window_0014 n=524288 skip=22020096 entropy=15.725557928 top32=0.021322250 edge_entropy=17.347445485 edge_top32=0.009506244 pattern_edge=0.000000000 concentration=0.015414247
kalyx_origin v0.4: label=window_0015 n=524288 skip=22544384 entropy=11.300361201 top32=0.094320297 edge_entropy=11.786382168 edge_top32=0.071815628 pattern_edge=0.000000000 concentration=0.083067962
kalyx_origin v0.4: label=window_0016 n=524288 skip=23068672 entropy=10.532251978 top32=0.106374741 edge_entropy=10.871143614 edge_top32=0.087474990 pattern_edge=0.000000000 concentration=0.096924865
kalyx_origin v0.4: label=window_0017 n=524288 skip=23592960 entropy=10.559422261 top32=0.106618881 edge_entropy=10.902387962 edge_top32=0.087211775 pattern_edge=0.000000000 concentration=0.096915328
kalyx_origin v0.4: label=window_0018 n=524288 skip=24117248 entropy=10.532734149 top32=0.106800079 edge_entropy=10.869542726 edge_top32=0.087810684 pattern_edge=0.000000000 concentration=0.097305382
kalyx_origin v0.4: label=window_0019 n=524288 skip=24641536 entropy=10.540627098 top32=0.106721878 edge_entropy=10.880071494 edge_top32=0.087753463 pattern_edge=0.000000000 concentration=0.097237671
kalyx_origin v0.4: label=window_0020 n=524288 skip=25165824 entropy=10.642859216 top32=0.105827332 edge_entropy=11.004547591 edge_top32=0.086122677 pattern_edge=0.000000000 concentration=0.095975004
kalyx_origin v0.4: label=window_0021 n=524288 skip=25690112 entropy=10.626767767 top32=0.106092453 edge_entropy=10.983686583 edge_top32=0.086347745 pattern_edge=0.000000000 concentration=0.096220099
kalyx_origin v0.4: label=window_0022 n=524288 skip=26214400 entropy=13.465869129 top32=0.089366913 edge_entropy=14.533332660 edge_top32=0.060007210 pattern_edge=0.000000000 concentration=0.074687061
kalyx_origin v0.4: label=window_0023 n=524288 skip=26738688 entropy=15.881001748 top32=0.022609711 edge_entropy=17.568075787 edge_top32=0.007816330 pattern_edge=0.000000000 concentration=0.015213020
kalyx_origin v0.4: label=window_0024 n=524288 skip=27262976 entropy=16.029970609 top32=0.021287918 edge_entropy=17.772045680 edge_top32=0.006729139 pattern_edge=0.000000000 concentration=0.014008528
kalyx_origin v0.4: label=window_0025 n=524288 skip=27787264 entropy=15.955123692 top32=0.022224426 edge_entropy=17.637338186 edge_top32=0.009393710 pattern_edge=0.000000000 concentration=0.015809068
kalyx_origin v0.4: label=window_0026 n=524288 skip=28311552 entropy=15.888270223 top32=0.026168823 edge_entropy=17.491582809 edge_top32=0.012352013 pattern_edge=0.000000000 concentration=0.019260418
kalyx_origin v0.4: label=window_0027 n=524288 skip=28835840 entropy=15.664780323 top32=0.026851654 edge_entropy=17.222652116 edge_top32=0.014923124 pattern_edge=0.000000000 concentration=0.020887389
kalyx_origin v0.4: label=window_0028 n=524288 skip=29360128 entropy=15.677266167 top32=0.024662018 edge_entropy=17.353752320 edge_top32=0.012264275 pattern_edge=0.000000000 concentration=0.018463146
kalyx_origin v0.4: label=window_0029 n=524288 skip=29884416 entropy=15.834748342 top32=0.023525238 edge_entropy=17.515521016 edge_top32=0.010664007 pattern_edge=0.000000000 concentration=0.017094622
kalyx_origin v0.4: label=window_0030 n=524288 skip=30408704 entropy=15.518626871 top32=0.029161453 edge_entropy=17.097808927 edge_top32=0.016992601 pattern_edge=0.000000000 concentration=0.023077027
kalyx_origin v0.4: label=window_0031 n=524288 skip=30932992 entropy=15.884073899 top32=0.023752213 edge_entropy=17.574783575 edge_top32=0.009943027 pattern_edge=0.000000000 concentration=0.016847620
KALYX-ORIGIN v0.4 complete:
  .\Origin_chr17_v04_multiscale\w524288\KALYX_ORIGIN_V0_4_REPORT.md
  .\Origin_chr17_v04_multiscale\w524288\kalyx_origin_v0_4_metrics.csv
  .\Origin_chr17_v04_multiscale\w524288\kalyx_origin_v0_4_baseline.csv
  .\Origin_chr17_v04_multiscale\w524288\kalyx_origin_v0_4_ranking.csv
=== KALYX-ORIGIN v0.4: zoom/local patternless scan ===
symbols=.\GenomeOutFull\chr17_k16_kdna.u64 total=82919499 start=6291456 window=1048576 step=1048576 windows=32
kalyx_origin v0.4: label=window_0000 n=1048576 skip=6291456 entropy=16.213405517 top32=0.022380829 edge_entropy=18.122118317 edge_top32=0.009756098 pattern_edge=0.000000000 concentration=0.016068463
kalyx_origin v0.4: label=window_0001 n=1048576 skip=7340032 entropy=16.064476330 top32=0.026329041 edge_entropy=17.901556723 edge_top32=0.013203634 pattern_edge=0.000000000 concentration=0.019766337
kalyx_origin v0.4: label=window_0002 n=1048576 skip=8388608 entropy=16.128990028 top32=0.022773743 edge_entropy=18.055275737 edge_top32=0.010140429 pattern_edge=0.000000000 concentration=0.016457086
kalyx_origin v0.4: label=window_0003 n=1048576 skip=9437184 entropy=16.107578536 top32=0.022480965 edge_entropy=18.050259005 edge_top32=0.009612093 pattern_edge=0.000000000 concentration=0.016046529
kalyx_origin v0.4: label=window_0004 n=1048576 skip=10485760 entropy=16.180354629 top32=0.021376610 edge_entropy=18.203178361 edge_top32=0.007909782 pattern_edge=0.000000000 concentration=0.014643196
kalyx_origin v0.4: label=window_0005 n=1048576 skip=11534336 entropy=16.057366709 top32=0.022022247 edge_entropy=18.075967622 edge_top32=0.008746155 pattern_edge=0.000000000 concentration=0.015384201
kalyx_origin v0.4: label=window_0006 n=1048576 skip=12582912 entropy=16.092433038 top32=0.021617889 edge_entropy=18.106257604 edge_top32=0.008997926 pattern_edge=0.000000000 concentration=0.015307908
kalyx_origin v0.4: label=window_0007 n=1048576 skip=13631488 entropy=16.130629688 top32=0.021237373 edge_entropy=18.174102005 edge_top32=0.008109100 pattern_edge=0.000000000 concentration=0.014673237
kalyx_origin v0.4: label=window_0008 n=1048576 skip=14680064 entropy=16.172883036 top32=0.020587921 edge_entropy=18.189387422 edge_top32=0.007786758 pattern_edge=0.000000000 concentration=0.014187340
kalyx_origin v0.4: label=window_0009 n=1048576 skip=15728640 entropy=16.014601029 top32=0.024120331 edge_entropy=17.920293351 edge_top32=0.011368762 pattern_edge=0.000000000 concentration=0.017744547
kalyx_origin v0.4: label=window_0010 n=1048576 skip=16777216 entropy=16.200093642 top32=0.025391579 edge_entropy=18.164139244 edge_top32=0.008659371 pattern_edge=0.000000000 concentration=0.017025475
kalyx_origin v0.4: label=window_0011 n=1048576 skip=17825792 entropy=16.115622485 top32=0.025006294 edge_entropy=18.033024091 edge_top32=0.010889064 pattern_edge=0.000000000 concentration=0.017947679
kalyx_origin v0.4: label=window_0012 n=1048576 skip=18874368 entropy=15.988110730 top32=0.026449203 edge_entropy=17.822512141 edge_top32=0.012908948 pattern_edge=0.000000000 concentration=0.019679076
kalyx_origin v0.4: label=window_0013 n=1048576 skip=19922944 entropy=16.069763009 top32=0.023436546 edge_entropy=18.036756985 edge_top32=0.009613046 pattern_edge=0.000000000 concentration=0.016524796
kalyx_origin v0.4: label=window_0014 n=1048576 skip=20971520 entropy=15.821389484 top32=0.050666809 edge_entropy=17.722842514 edge_top32=0.030705481 pattern_edge=0.000000000 concentration=0.040686145
kalyx_origin v0.4: label=window_0015 n=1048576 skip=22020096 entropy=14.291828828 top32=0.050296783 edge_entropy=15.484561554 edge_top32=0.036114727 pattern_edge=0.000000000 concentration=0.043205755
kalyx_origin v0.4: label=window_0016 n=1048576 skip=23068672 entropy=10.556036947 top32=0.106492996 edge_entropy=10.900834955 edge_top32=0.087344253 pattern_edge=0.000000000 concentration=0.096918625
kalyx_origin v0.4: label=window_0017 n=1048576 skip=24117248 entropy=10.545863376 top32=0.106751442 edge_entropy=10.887506792 edge_top32=0.087781990 pattern_edge=0.000000000 concentration=0.097266716
kalyx_origin v0.4: label=window_0018 n=1048576 skip=25165824 entropy=10.649138372 top32=0.105951309 edge_entropy=11.013878395 edge_top32=0.086226546 pattern_edge=0.000000000 concentration=0.096088927
kalyx_origin v0.4: label=window_0019 n=1048576 skip=26214400 entropy=15.174132998 top32=0.049031258 edge_entropy=16.775276273 edge_top32=0.030417471 pattern_edge=0.000000000 concentration=0.039724364
kalyx_origin v0.4: label=window_0020 n=1048576 skip=27262976 entropy=16.205882179 top32=0.021628380 edge_entropy=18.194856172 edge_top32=0.007949837 pattern_edge=0.000000000 concentration=0.014789108
kalyx_origin v0.4: label=window_0021 n=1048576 skip=28311552 entropy=15.986711571 top32=0.026158333 edge_entropy=17.818883525 edge_top32=0.013444913 pattern_edge=0.000000000 concentration=0.019801623
kalyx_origin v0.4: label=window_0022 n=1048576 skip=29360128 entropy=15.952919620 top32=0.023975372 edge_entropy=17.879706825 edge_top32=0.011437427 pattern_edge=0.000000000 concentration=0.017706400
kalyx_origin v0.4: label=window_0023 n=1048576 skip=30408704 entropy=15.909482557 top32=0.026016235 edge_entropy=17.793293026 edge_top32=0.013144506 pattern_edge=0.000000000 concentration=0.019580370
kalyx_origin v0.4: label=window_0024 n=1048576 skip=31457280 entropy=15.889092147 top32=0.025856018 edge_entropy=17.752523341 edge_top32=0.013093007 pattern_edge=0.000000000 concentration=0.019474513
kalyx_origin v0.4: label=window_0025 n=1048576 skip=32505856 entropy=16.282811223 top32=0.020678520 edge_entropy=18.376821307 edge_top32=0.005702978 pattern_edge=0.000000000 concentration=0.013190749
kalyx_origin v0.4: label=window_0026 n=1048576 skip=33554432 entropy=16.337498963 top32=0.019558907 edge_entropy=18.436878806 edge_top32=0.005008702 pattern_edge=0.000000000 concentration=0.012283804
kalyx_origin v0.4: label=window_0027 n=1048576 skip=34603008 entropy=16.104648818 top32=0.022241592 edge_entropy=18.062154162 edge_top32=0.009161958 pattern_edge=0.000000000 concentration=0.015701775
kalyx_origin v0.4: label=window_0028 n=1048576 skip=35651584 entropy=16.130788149 top32=0.023303986 edge_entropy=18.035685436 edge_top32=0.008742341 pattern_edge=0.000000000 concentration=0.016023163
kalyx_origin v0.4: label=window_0029 n=1048576 skip=36700160 entropy=16.008638120 top32=0.023777008 edge_entropy=17.905182024 edge_top32=0.011394512 pattern_edge=0.000000000 concentration=0.017585760
kalyx_origin v0.4: label=window_0030 n=1048576 skip=37748736 entropy=15.925817811 top32=0.027076721 edge_entropy=17.722066726 edge_top32=0.014083876 pattern_edge=0.000000000 concentration=0.020580298
kalyx_origin v0.4: label=window_0031 n=1048576 skip=38797312 entropy=15.954078055 top32=0.027227402 edge_entropy=17.782527345 edge_top32=0.014331831 pattern_edge=0.000000000 concentration=0.020779617
KALYX-ORIGIN v0.4 complete:
  .\Origin_chr17_v04_multiscale\w1048576\KALYX_ORIGIN_V0_4_REPORT.md
  .\Origin_chr17_v04_multiscale\w1048576\kalyx_origin_v0_4_metrics.csv
  .\Origin_chr17_v04_multiscale\w1048576\kalyx_origin_v0_4_baseline.csv
  .\Origin_chr17_v04_multiscale\w1048576\kalyx_origin_v0_4_ranking.csv
KALYX-ORIGIN v0.4 multiscale complete:
  .\Origin_chr17_v04_multiscale\KALYX_ORIGIN_V0_4_MULTISCALE_SUMMARY.md
PS H:\kdna_opencl_with_inspector_krun> Get-Content .\Origin_chr17_v04_multiscale\KALYX_ORIGIN_V0_4_MULTISCALE_SUMMARY.md

# KALYX-ORIGIN v0.4 Multiscale Summary

- Symbols: `.\GenomeOutFull\chr17_k16_kdna.u64`
- CenterStart: `23068672`
- Windows per scale: `32`

## WindowSymbols 131072

| Rank | Label | Skip | Score | Entropy | Top32 | EdgeEntropy | EdgeTop32 |
|---:|---|---:|---:|---:|---:|---:|---:|
| 1 | window_0006 | 21757952 | 1,33186592370281 | 10,884820469923 | 0,290161132812 | 12,090604429916 | 0,194795187341 |
| 2 | window_0017 | 23199744 | 0,688224350539633 | 10,469216062772 | 0,106369018555 | 10,790034463978 | 0,087609005806 |
| 3 | window_0025 | 24248320 | 0,686985349347 | 10,500052100453 | 0,107330322266 | 10,824963186117 | 0,08884497715 |
| 4 | window_0028 | 24641536 | 0,686071579479621 | 10,485093452075 | 0,106941223145 | 10,810174122924 | 0,088165955856 |
| 5 | window_0019 | 23461888 | 0,684775773559369 | 10,474320659157 | 0,106636047363 | 10,798639032573 | 0,087677670881 |

## WindowSymbols 262144

| Rank | Label | Skip | Score | Entropy | Top32 | EdgeEntropy | EdgeTop32 |
|---:|---|---:|---:|---:|---:|---:|---:|
| 1 | window_0022 | 24641536 | 1,03989335618109 | 10,513243490996 | 0,106918334961 | 10,845017706055 | 0,088070251733 |
| 2 | window_0020 | 24117248 | 1,03763626410747 | 10,517988655092 | 0,106887817383 | 10,850509004252 | 0,088100769427 |
| 3 | window_0021 | 24379392 | 1,03507350678316 | 10,52163419204 | 0,106719970703 | 10,853946465895 | 0,087524747943 |
| 4 | window_0019 | 23855104 | 1,03404596573541 | 10,534199865379 | 0,106811523438 | 10,870321230602 | 0,087597227467 |
| 5 | window_0017 | 23330816 | 1,03303245451128 | 10,513477412307 | 0,106365203857 | 10,848028163592 | 0,087322568217 |

## WindowSymbols 524288

| Rank | Label | Skip | Score | Entropy | Top32 | EdgeEntropy | EdgeTop32 |
|---:|---|---:|---:|---:|---:|---:|---:|
| 1 | window_0018 | 24117248 | 1,8262809100597 | 10,53273414917 | 0,106800079346 | 10,869542726317 | 0,087810683843 |
| 2 | window_0019 | 24641536 | 1,82393471263813 | 10,540627098469 | 0,106721878052 | 10,880071493641 | 0,087753463275 |
| 3 | window_0016 | 23068672 | 1,82261712893847 | 10,532251977646 | 0,106374740601 | 10,871143613987 | 0,087474989843 |
| 4 | window_0017 | 23592960 | 1,81779283115461 | 10,559422261043 | 0,106618881226 | 10,902387961515 | 0,08721177523 |
| 5 | window_0021 | 25690112 | 1,79101059570618 | 10,626767766681 | 0,106092453003 | 10,98368658334 | 0,086347744651 |

## WindowSymbols 1048576

| Rank | Label | Skip | Score | Entropy | Top32 | EdgeEntropy | EdgeTop32 |
|---:|---|---:|---:|---:|---:|---:|---:|
| 1 | window_0017 | 24117248 | 2,9649665832066 | 10,54586337613 | 0,106751441956 | 10,887506791663 | 0,087781989843 |
| 2 | window_0016 | 23068672 | 2,95776900381097 | 10,556036947307 | 0,106492996216 | 10,900834954764 | 0,087344252915 |
| 3 | window_0018 | 25165824 | 2,91173339170374 | 10,64913837152 | 0,105951309204 | 11,013878395176 | 0,08622654555 |
| 4 | window_0015 | 22020096 | 0,76496366726083 | 14,291828827814 | 0,050296783447 | 15,484561553751 | 0,03611472713 |
| 5 | window_0019 | 26214400 | 0,359474911514716 | 15,17413299845 | 0,049031257629 | 16,775276272957 | 0,03041747133 |

PS H:\kdna_opencl_with_inspector_krun>


PS H:\kdna_opencl_with_inspector_krun> cd H:\kdna_opencl_with_inspector_krun
PS H:\kdna_opencl_with_inspector_krun>
PS H:\kdna_opencl_with_inspector_krun> Remove-Item -Recurse -Force .\_patch_kalyx_origin_v05 -ErrorAction SilentlyContinue
PS H:\kdna_opencl_with_inspector_krun> Expand-Archive -Force .\kalyx_origin_v0_5_patch.zip .\_patch_kalyx_origin_v05
PS H:\kdna_opencl_with_inspector_krun>
PS H:\kdna_opencl_with_inspector_krun> .\_patch_kalyx_origin_v05\kalyx_origin_v0_5_patch\scripts\apply_kalyx_origin_v0_5_patch.ps1 `
>>   -ProjectRoot H:\kdna_opencl_with_inspector_krun
KALYX-ORIGIN v0.5 angewendet:
  tools\kalyx_fasta_context.c
  scripts\kalyx_origin_context_v0_5.ps1
  scripts\kalyx_origin_multiscale_context_v0_5.ps1
  docs\KALYX_ORIGIN_v0_5_SPEC.md
  CMakeLists.txt: kalyx_fasta_context + help test geprüft/ergänzt
PS H:\kdna_opencl_with_inspector_krun>
PS H:\kdna_opencl_with_inspector_krun> $CMAKE_EXE  = "C:\Program Files\CMake\bin\cmake.exe"
PS H:\kdna_opencl_with_inspector_krun> $CTEST_EXE  = "C:\Program Files\CMake\bin\ctest.exe"
PS H:\kdna_opencl_with_inspector_krun>
PS H:\kdna_opencl_with_inspector_krun> & $CMAKE_EXE -S . -B build_vs `
>>   -G "Visual Studio 17 2022" `
>>   -A x64
-- Selecting Windows SDK version 10.0.26100.0 to target Windows 10.0.29599.
-- Configuring done (0.0s)
-- Generating done (0.7s)
-- Build files have been written to: H:/kdna_opencl_with_inspector_krun/build_vs
PS H:\kdna_opencl_with_inspector_krun>
PS H:\kdna_opencl_with_inspector_krun> & $CMAKE_EXE --build build_vs --config Release --target kalyx_fasta_context
MSBuild-Version 17.14.40+3e7442088 für .NET Framework

  kdna.vcxproj -> H:\kdna_opencl_with_inspector_krun\build_vs\Release\kdna.lib
  Building Custom Rule H:/kdna_opencl_with_inspector_krun/CMakeLists.txt
  kalyx_fasta_context.c
  kalyx_fasta_context.vcxproj -> H:\kdna_opencl_with_inspector_krun\build_vs\Release\kalyx_fasta_context.exe
PS H:\kdna_opencl_with_inspector_krun>
PS H:\kdna_opencl_with_inspector_krun> .\build_vs\Release\kalyx_fasta_context.exe --help
kalyx_fasta_context v0.5 --fasta chr.fa --symbol-skip N --symbol-count N --out-csv out.csv [options]

Options:
  --label NAME             row label, default: region
  --k N                    k-mer length used before KDNA projection, default: 16
  --append                 append to CSV; header is written if file is missing/empty
  --help                   show help

Semantics:
  Maps KDNA/KSTREAM symbol coordinates back to approximate FASTA base coordinates by
  counting valid A/C/G/T k-mers. N or non-ACGT breaks the k-mer run.
  This is a coordinate/context diagnostic, not a biological origin proof.
PS H:\kdna_opencl_with_inspector_krun>
PS H:\kdna_opencl_with_inspector_krun> & $CTEST_EXE --test-dir build_vs -C Release -R "kalyx_fasta_context_help" --output-on-failure
Test project H:/kdna_opencl_with_inspector_krun/build_vs
    Start 86: kalyx_fasta_context_help
1/1 Test #86: kalyx_fasta_context_help .........   Passed    0.01 sec

100% tests passed, 0 tests failed out of 1

Total Test time (real) =   0.02 sec
PS H:\kdna_opencl_with_inspector_krun> Remove-Item -Recurse -Force .\Origin_chr17_v05_context_zoom -ErrorAction SilentlyContinue
PS H:\kdna_opencl_with_inspector_krun>
PS H:\kdna_opencl_with_inspector_krun> .\scripts\kalyx_origin_context_v0_5.ps1 `
>>   -Fasta .\chr17.fa `
>>   -RankingCsv .\Origin_chr17_v04_zoom_20_27M_w262k\kalyx_origin_v0_4_ranking.csv `
>>   -OutDir .\Origin_chr17_v05_context_zoom `
>>   -K 16 `
>>   -WindowSymbols 262144 `
>>   -Top 20 `
>>   -Strict
=== KALYX-ORIGIN v0.5: Coordinate + FASTA Context ===
fasta=.\chr17.fa ranking=.\Origin_chr17_v04_zoom_20_27M_w262k\kalyx_origin_v0_4_ranking.csv top=20 window_symbols=262144 k=16
kalyx_fasta_context v0.5: label=window_0014 symbol_skip=24641536 symbol_count=262144 base=[24862500,25124658] len=262159 GC=0.409275 N=0.000000 status=ok
kalyx_fasta_context v0.5: label=window_0012 symbol_skip=24117248 symbol_count=262144 base=[24338212,24600370] len=262159 GC=0.409160 N=0.000000 status=ok
kalyx_fasta_context v0.5: label=window_0013 symbol_skip=24379392 symbol_count=262144 base=[24600356,24862514] len=262159 GC=0.409080 N=0.000000 status=ok
kalyx_fasta_context v0.5: label=window_0011 symbol_skip=23855104 symbol_count=262144 base=[24076068,24338226] len=262159 GC=0.408859 N=0.000000 status=ok
kalyx_fasta_context v0.5: label=window_0009 symbol_skip=23330816 symbol_count=262144 base=[23551780,23813938] len=262159 GC=0.409217 N=0.000000 status=ok
kalyx_fasta_context v0.5: label=window_0008 symbol_skip=23068672 symbol_count=262144 base=[23289636,23551794] len=262159 GC=0.408958 N=0.000000 status=ok
kalyx_fasta_context v0.5: label=window_0015 symbol_skip=24903680 symbol_count=262144 base=[25124644,25386802] len=262159 GC=0.408977 N=0.000000 status=ok
kalyx_fasta_context v0.5: label=window_0010 symbol_skip=23592960 symbol_count=262144 base=[23813924,24076082] len=262159 GC=0.408649 N=0.000000 status=ok
kalyx_fasta_context v0.5: label=window_0019 symbol_skip=25952256 symbol_count=262144 base=[26173565,26435723] len=262159 GC=0.408779 N=0.000000 status=ok
kalyx_fasta_context v0.5: label=window_0016 symbol_skip=25165824 symbol_count=262144 base=[25386788,25648946] len=262159 GC=0.408710 N=0.000000 status=ok
kalyx_fasta_context v0.5: label=window_0018 symbol_skip=25690112 symbol_count=262144 base=[25911306,26173579] len=262274 GC=0.409099 N=0.000381 status=ok
kalyx_fasta_context v0.5: label=window_0017 symbol_skip=25427968 symbol_count=262144 base=[25648932,25911320] len=262389 GC=0.408350 N=0.000762 status=ok
kalyx_fasta_context v0.5: label=window_0007 symbol_skip=22806528 symbol_count=262144 base=[23027377,23289650] len=262274 GC=0.409232 N=0.000381 status=ok
kalyx_fasta_context v0.5: label=window_0020 symbol_skip=26214400 symbol_count=262144 base=[26435709,26699883] len=264175 GC=0.401115 N=0.007120 status=ok
kalyx_fasta_context v0.5: label=window_0006 symbol_skip=22544384 symbol_count=262144 base=[22715218,23027391] len=312174 GC=0.407558 N=0.160167 status=ok
kalyx_fasta_context v0.5: label=window_0003 symbol_skip=21757952 symbol_count=262144 base=[21877816,22190944] len=313129 GC=0.375912 N=0.162537 status=ok
kalyx_fasta_context v0.5: label=window_0021 symbol_skip=26476544 symbol_count=262144 base=[26699869,27014546] len=314678 GC=0.391850 N=0.166516 status=ok
kalyx_fasta_context v0.5: label=window_0026 symbol_skip=27787264 symbol_count=262144 base=[28063108,28325266] len=262159 GC=0.415843 N=0.000000 status=ok
kalyx_fasta_context v0.5: label=window_0025 symbol_skip=27525120 symbol_count=262144 base=[27800964,28063122] len=262159 GC=0.439333 N=0.000000 status=ok
kalyx_fasta_context v0.5: label=window_0029 symbol_skip=28573696 symbol_count=262144 base=[28849540,29111698] len=262159 GC=0.508947 N=0.000000 status=ok
KALYX-ORIGIN v0.5 context complete:
  .\Origin_chr17_v05_context_zoom\kalyx_origin_v0_5_fasta_context.csv
  .\Origin_chr17_v05_context_zoom\KALYX_ORIGIN_V0_5_CONTEXT_REPORT.md
PS H:\kdna_opencl_with_inspector_krun> Remove-Item -Recurse -Force .\Origin_chr17_v05_multiscale_context -ErrorAction SilentlyContinue
PS H:\kdna_opencl_with_inspector_krun>
PS H:\kdna_opencl_with_inspector_krun> .\scripts\kalyx_origin_multiscale_context_v0_5.ps1 `
>>   -Fasta .\chr17.fa `
>>   -MultiScaleDir .\Origin_chr17_v04_multiscale `
>>   -OutRoot .\Origin_chr17_v05_multiscale_context `
>>   -K 16 `
>>   -Top 10 `
>>   -Strict
=== KALYX-ORIGIN v0.5: Coordinate + FASTA Context ===
fasta=.\chr17.fa ranking=H:\kdna_opencl_with_inspector_krun\Origin_chr17_v04_multiscale\w1048576\kalyx_origin_v0_4_ranking.csv top=10 window_symbols=1048576 k=16
kalyx_fasta_context v0.5: label=window_0017 symbol_skip=24117248 symbol_count=1048576 base=[24338212,25386802] len=1048591 GC=0.409122 N=0.000000 status=ok
kalyx_fasta_context v0.5: label=window_0016 symbol_skip=23068672 symbol_count=1048576 base=[23289636,24338226] len=1048591 GC=0.408922 N=0.000000 status=ok
kalyx_fasta_context v0.5: label=window_0018 symbol_skip=25165824 symbol_count=1048576 base=[25386788,26435723] len=1048936 GC=0.408733 N=0.000286 status=ok
kalyx_fasta_context v0.5: label=window_0015 symbol_skip=22020096 symbol_count=1048576 base=[22190930,23289650] len=1098721 GC=0.414116 N=0.045598 status=ok
kalyx_fasta_context v0.5: label=window_0019 symbol_skip=26214400 symbol_count=1048576 base=[26435709,27538834] len=1103126 GC=0.415949 N=0.049206 status=ok
kalyx_fasta_context v0.5: label=window_0014 symbol_skip=20971520 symbol_count=1048576 base=[21073081,22190944] len=1117864 GC=0.451789 N=0.061875 status=ok
kalyx_fasta_context v0.5: label=window_0021 symbol_skip=28311552 symbol_count=1048576 base=[28587396,29635986] len=1048591 GC=0.477054 N=0.000000 status=ok
kalyx_fasta_context v0.5: label=window_0020 symbol_skip=27262976 symbol_count=1048576 base=[27538820,28587410] len=1048591 GC=0.461003 N=0.000000 status=ok
kalyx_fasta_context v0.5: label=window_0031 symbol_skip=38797312 symbol_count=1048576 base=[39073156,40121746] len=1048591 GC=0.483974 N=0.000000 status=ok
kalyx_fasta_context v0.5: label=window_0030 symbol_skip=37748736 symbol_count=1048576 base=[38024580,39073170] len=1048591 GC=0.487385 N=0.000000 status=ok
KALYX-ORIGIN v0.5 context complete:
  .\Origin_chr17_v05_multiscale_context\w1048576\kalyx_origin_v0_5_fasta_context.csv
  .\Origin_chr17_v05_multiscale_context\w1048576\KALYX_ORIGIN_V0_5_CONTEXT_REPORT.md
=== KALYX-ORIGIN v0.5: Coordinate + FASTA Context ===
fasta=.\chr17.fa ranking=H:\kdna_opencl_with_inspector_krun\Origin_chr17_v04_multiscale\w131072\kalyx_origin_v0_4_ranking.csv top=10 window_symbols=131072 k=16
kalyx_fasta_context v0.5: label=window_0006 symbol_skip=21757952 symbol_count=131072 base=[21877816,22059635] len=181820 GC=0.400543 N=0.278699 status=ok
kalyx_fasta_context v0.5: label=window_0017 symbol_skip=23199744 symbol_count=131072 base=[23420708,23551794] len=131087 GC=0.409232 N=0.000000 status=ok
kalyx_fasta_context v0.5: label=window_0025 symbol_skip=24248320 symbol_count=131072 base=[24469284,24600370] len=131087 GC=0.408866 N=0.000000 status=ok
kalyx_fasta_context v0.5: label=window_0028 symbol_skip=24641536 symbol_count=131072 base=[24862500,24993586] len=131087 GC=0.409392 N=0.000000 status=ok
kalyx_fasta_context v0.5: label=window_0019 symbol_skip=23461888 symbol_count=131072 base=[23682852,23813938] len=131087 GC=0.409385 N=0.000000 status=ok
kalyx_fasta_context v0.5: label=window_0023 symbol_skip=23986176 symbol_count=131072 base=[24207140,24338226] len=131087 GC=0.408835 N=0.000000 status=ok
kalyx_fasta_context v0.5: label=window_0029 symbol_skip=24772608 symbol_count=131072 base=[24993572,25124658] len=131087 GC=0.409163 N=0.000000 status=ok
kalyx_fasta_context v0.5: label=window_0026 symbol_skip=24379392 symbol_count=131072 base=[24600356,24731442] len=131087 GC=0.409026 N=0.000000 status=ok
kalyx_fasta_context v0.5: label=window_0027 symbol_skip=24510464 symbol_count=131072 base=[24731428,24862514] len=131087 GC=0.409118 N=0.000000 status=ok
kalyx_fasta_context v0.5: label=window_0024 symbol_skip=24117248 symbol_count=131072 base=[24338212,24469298] len=131087 GC=0.409453 N=0.000000 status=ok
KALYX-ORIGIN v0.5 context complete:
  .\Origin_chr17_v05_multiscale_context\w131072\kalyx_origin_v0_5_fasta_context.csv
  .\Origin_chr17_v05_multiscale_context\w131072\KALYX_ORIGIN_V0_5_CONTEXT_REPORT.md
=== KALYX-ORIGIN v0.5: Coordinate + FASTA Context ===
fasta=.\chr17.fa ranking=H:\kdna_opencl_with_inspector_krun\Origin_chr17_v04_multiscale\w262144\kalyx_origin_v0_4_ranking.csv top=10 window_symbols=262144 k=16
kalyx_fasta_context v0.5: label=window_0022 symbol_skip=24641536 symbol_count=262144 base=[24862500,25124658] len=262159 GC=0.409275 N=0.000000 status=ok
kalyx_fasta_context v0.5: label=window_0020 symbol_skip=24117248 symbol_count=262144 base=[24338212,24600370] len=262159 GC=0.409160 N=0.000000 status=ok
kalyx_fasta_context v0.5: label=window_0021 symbol_skip=24379392 symbol_count=262144 base=[24600356,24862514] len=262159 GC=0.409080 N=0.000000 status=ok
kalyx_fasta_context v0.5: label=window_0019 symbol_skip=23855104 symbol_count=262144 base=[24076068,24338226] len=262159 GC=0.408859 N=0.000000 status=ok
kalyx_fasta_context v0.5: label=window_0017 symbol_skip=23330816 symbol_count=262144 base=[23551780,23813938] len=262159 GC=0.409217 N=0.000000 status=ok
kalyx_fasta_context v0.5: label=window_0016 symbol_skip=23068672 symbol_count=262144 base=[23289636,23551794] len=262159 GC=0.408958 N=0.000000 status=ok
kalyx_fasta_context v0.5: label=window_0023 symbol_skip=24903680 symbol_count=262144 base=[25124644,25386802] len=262159 GC=0.408977 N=0.000000 status=ok
kalyx_fasta_context v0.5: label=window_0018 symbol_skip=23592960 symbol_count=262144 base=[23813924,24076082] len=262159 GC=0.408649 N=0.000000 status=ok
kalyx_fasta_context v0.5: label=window_0027 symbol_skip=25952256 symbol_count=262144 base=[26173565,26435723] len=262159 GC=0.408779 N=0.000000 status=ok
kalyx_fasta_context v0.5: label=window_0024 symbol_skip=25165824 symbol_count=262144 base=[25386788,25648946] len=262159 GC=0.408710 N=0.000000 status=ok
KALYX-ORIGIN v0.5 context complete:
  .\Origin_chr17_v05_multiscale_context\w262144\kalyx_origin_v0_5_fasta_context.csv
  .\Origin_chr17_v05_multiscale_context\w262144\KALYX_ORIGIN_V0_5_CONTEXT_REPORT.md
=== KALYX-ORIGIN v0.5: Coordinate + FASTA Context ===
fasta=.\chr17.fa ranking=H:\kdna_opencl_with_inspector_krun\Origin_chr17_v04_multiscale\w524288\kalyx_origin_v0_4_ranking.csv top=10 window_symbols=524288 k=16
kalyx_fasta_context v0.5: label=window_0018 symbol_skip=24117248 symbol_count=524288 base=[24338212,24862514] len=524303 GC=0.409116 N=0.000000 status=ok
kalyx_fasta_context v0.5: label=window_0019 symbol_skip=24641536 symbol_count=524288 base=[24862500,25386802] len=524303 GC=0.409126 N=0.000000 status=ok
kalyx_fasta_context v0.5: label=window_0016 symbol_skip=23068672 symbol_count=524288 base=[23289636,23813938] len=524303 GC=0.409088 N=0.000000 status=ok
kalyx_fasta_context v0.5: label=window_0017 symbol_skip=23592960 symbol_count=524288 base=[23813924,24338226] len=524303 GC=0.408756 N=0.000000 status=ok
kalyx_fasta_context v0.5: label=window_0021 symbol_skip=25690112 symbol_count=524288 base=[25911306,26435723] len=524418 GC=0.408939 N=0.000191 status=ok
kalyx_fasta_context v0.5: label=window_0020 symbol_skip=25165824 symbol_count=524288 base=[25386788,25911320] len=524533 GC=0.408529 N=0.000381 status=ok
kalyx_fasta_context v0.5: label=window_0015 symbol_skip=22544384 symbol_count=524288 base=[22715218,23289650] len=574433 GC=0.408397 N=0.087216 status=ok
kalyx_fasta_context v0.5: label=window_0022 symbol_skip=26214400 symbol_count=524288 base=[26435709,27014546] len=578838 GC=0.396484 N=0.093774 status=ok
kalyx_fasta_context v0.5: label=window_0013 symbol_skip=21495808 symbol_count=524288 base=[21597369,22190944] len=593576 GC=0.416172 N=0.116528 status=ok
kalyx_fasta_context v0.5: label=window_0024 symbol_skip=27262976 symbol_count=524288 base=[27538820,28063122] len=524303 GC=0.464258 N=0.000000 status=ok
KALYX-ORIGIN v0.5 context complete:
  .\Origin_chr17_v05_multiscale_context\w524288\kalyx_origin_v0_5_fasta_context.csv
  .\Origin_chr17_v05_multiscale_context\w524288\KALYX_ORIGIN_V0_5_CONTEXT_REPORT.md
KALYX-ORIGIN v0.5 multiscale context complete:
  .\Origin_chr17_v05_multiscale_context\KALYX_ORIGIN_V0_5_MULTISCALE_CONTEXT_SUMMARY.md
PS H:\kdna_opencl_with_inspector_krun> Get-Content .\Origin_chr17_v05_context_zoom\KALYX_ORIGIN_V0_5_CONTEXT_REPORT.md
# KALYX-ORIGIN v0.5 FASTA Context Report

Coordinate + FASTA context for ORIGIN anomaly windows.

## Inputs

- Fasta: `.\chr17.fa`
- RankingCsv: `.\Origin_chr17_v04_zoom_20_27M_w262k\kalyx_origin_v0_4_ranking.csv`
- K: `16`
- WindowSymbols: `262144`
- Top: `20`

## Top FASTA Context Rows

| Label | SymbolSkip | BaseStart0 | BaseEnd0 | BaseLen | GC | N-rate | ValidBaseRate | Status |
|---|---:|---:|---:|---:|---:|---:|---:|---|
| window_0014 | 24641536 | 24862500 | 25124658 | 262159 | 0.409274524239 | 0.000000000000 | 1.000000000000 | ok |
| window_0012 | 24117248 | 24338212 | 24600370 | 262159 | 0.409160089869 | 0.000000000000 | 1.000000000000 | ok |
| window_0013 | 24379392 | 24600356 | 24862514 | 262159 | 0.409079985810 | 0.000000000000 | 1.000000000000 | ok |
| window_0011 | 23855104 | 24076068 | 24338226 | 262159 | 0.408858746028 | 0.000000000000 | 1.000000000000 | ok |
| window_0009 | 23330816 | 23551780 | 23813938 | 262159 | 0.409217307054 | 0.000000000000 | 1.000000000000 | ok |
| window_0008 | 23068672 | 23289636 | 23551794 | 262159 | 0.408957922482 | 0.000000000000 | 1.000000000000 | ok |
| window_0015 | 24903680 | 25124644 | 25386802 | 262159 | 0.408976994877 | 0.000000000000 | 1.000000000000 | ok |
| window_0010 | 23592960 | 23813924 | 24076082 | 262159 | 0.408648949683 | 0.000000000000 | 1.000000000000 | ok |
| window_0019 | 25952256 | 26173565 | 26435723 | 262159 | 0.408778641969 | 0.000000000000 | 1.000000000000 | ok |
| window_0016 | 25165824 | 25386788 | 25648946 | 262159 | 0.408709981347 | 0.000000000000 | 1.000000000000 | ok |
| window_0018 | 25690112 | 25911306 | 26173579 | 262274 | 0.409098537612 | 0.000381280645 | 0.999618719355 | ok |
| window_0017 | 25427968 | 25648932 | 25911320 | 262389 | 0.408350464741 | 0.000762227075 | 0.999237772925 | ok |
| window_0007 | 22806528 | 23027377 | 23289650 | 262274 | 0.409232036739 | 0.000381280645 | 0.999618719355 | ok |
| window_0020 | 26214400 | 26435709 | 26699883 | 264175 | 0.401114779598 | 0.007120280117 | 0.992879719883 | ok |
| window_0006 | 22544384 | 22715218 | 23027391 | 312174 | 0.407557576266 | 0.160167086304 | 0.839832913696 | ok |
| window_0003 | 21757952 | 21877816 | 22190944 | 313129 | 0.375912353089 | 0.162536845837 | 0.837463154163 | ok |
| window_0021 | 26476544 | 26699869 | 27014546 | 314678 | 0.391849900297 | 0.166516248355 | 0.833483751645 | ok |
| window_0026 | 27787264 | 28063108 | 28325266 | 262159 | 0.415843057076 | 0.000000000000 | 1.000000000000 | ok |
| window_0025 | 27525120 | 27800964 | 28063122 | 262159 | 0.439332618754 | 0.000000000000 | 1.000000000000 | ok |
| window_0029 | 28573696 | 28849540 | 29111698 | 262159 | 0.508946860493 | 0.000000000000 | 1.000000000000 | ok |

## Highest N-rate among selected windows

| Label | N-rate | BaseStart0 | BaseEnd0 | BaseLen |
|---|---:|---:|---:|---:|
| window_0021 | 0.166516248355 | 26699869 | 27014546 | 314678 |
| window_0003 | 0.162536845837 | 21877816 | 22190944 | 313129 |
| window_0006 | 0.160167086304 | 22715218 | 23027391 | 312174 |
| window_0020 | 0.007120280117 | 26435709 | 26699883 | 264175 |
| window_0017 | 0.000762227075 | 25648932 | 25911320 | 262389 |
| window_0007 | 0.000381280645 | 23027377 | 23289650 | 262274 |
| window_0018 | 0.000381280645 | 25911306 | 26173579 | 262274 |
| window_0029 | 0.000000000000 | 28849540 | 29111698 | 262159 |
| window_0025 | 0.000000000000 | 27800964 | 28063122 | 262159 |
| window_0026 | 0.000000000000 | 28063108 | 28325266 | 262159 |

## Interpretation Boundary

This maps KDNA symbol anomaly windows back to approximate FASTA base coordinates by counting valid A/C/G/T k-mers. It does not prove biological or artificial origin. It provides context needed to test N-content, GC shifts, low-complexity/repeat hypotheses and coordinate reproducibility.

## Artefacts

- `.\Origin_chr17_v05_context_zoom\kalyx_origin_v0_5_fasta_context.csv`
- `.\Origin_chr17_v05_context_zoom\KALYX_ORIGIN_V0_5_CONTEXT_REPORT.md`
PS H:\kdna_opencl_with_inspector_krun> Get-Content .\Origin_chr17_v05_context_zoom\kalyx_origin_v0_5_fasta_context.csv -TotalCount 30
version,label,fasta,k,symbol_skip,symbol_count,base_start_0,base_end_0,base_len,observed_symbols,total_symbols_seen,A,C,G,T,N,other,gc_rate,n_rate,valid_base_rate,status
KCTX001,window_0014,.\chr17.fa,16,24641536,262144,24862500,25124658,262159,262144,24903680,74663,50458,56837,80201,0,0,0.409274524239,0.000000000000,1.000000000000,ok
KCTX001,window_0012,.\chr17.fa,16,24117248,262144,24338212,24600370,262159,262144,24379392,74707,50482,56783,80187,0,0,0.409160089869,0.000000000000,1.000000000000,ok
KCTX001,window_0013,.\chr17.fa,16,24379392,262144,24600356,24862514,262159,262144,24641536,74792,50414,56830,80123,0,0,0.409079985810,0.000000000000,1.000000000000,ok
KCTX001,window_0011,.\chr17.fa,16,23855104,262144,24076068,24338226,262159,262144,24117248,74871,50254,56932,80102,0,0,0.408858746028,0.000000000000,1.000000000000,ok
KCTX001,window_0009,.\chr17.fa,16,23330816,262144,23551780,23813938,262159,262144,23592960,74719,50400,56880,80160,0,0,0.409217307054,0.000000000000,1.000000000000,ok
KCTX001,window_0008,.\chr17.fa,16,23068672,262144,23289636,23551794,262159,262144,23330816,74786,50340,56872,80161,0,0,0.408957922482,0.000000000000,1.000000000000,ok
KCTX001,window_0015,.\chr17.fa,16,24903680,262144,25124644,25386802,262159,262144,25165824,74850,50325,56892,80092,0,0,0.408976994877,0.000000000000,1.000000000000,ok
KCTX001,window_0010,.\chr17.fa,16,23592960,262144,23813924,24076082,262159,262144,23855104,74907,50238,56893,80121,0,0,0.408648949683,0.000000000000,1.000000000000,ok
KCTX001,window_0019,.\chr17.fa,16,25952256,262144,26173565,26435723,262159,262144,26214400,75321,49991,57174,79673,0,0,0.408778641969,0.000000000000,1.000000000000,ok
KCTX001,window_0016,.\chr17.fa,16,25165824,262144,25386788,25648946,262159,262144,25427968,75000,50141,57006,80012,0,0,0.408709981347,0.000000000000,1.000000000000,ok
KCTX001,window_0018,.\chr17.fa,16,25690112,262144,25911306,26173579,262274,262144,25952256,75194,50102,57153,79725,100,0,0.409098537612,0.000381280645,0.999618719355,ok
KCTX001,window_0017,.\chr17.fa,16,25427968,262144,25648932,25911320,262389,262144,25690112,75352,50004,57061,79772,200,0,0.408350464741,0.000762227075,0.999237772925,ok
KCTX001,window_0007,.\chr17.fa,16,22806528,262144,23027377,23289650,262274,262144,23068672,75795,50087,57203,79089,100,0,0.409232036739,0.000381280645,0.999618719355,ok
KCTX001,window_0020,.\chr17.fa,16,26214400,262144,26435709,26699883,264175,262144,26476544,76981,49126,56084,80103,1881,0,0.401114779598,0.007120280117,0.992879719883,ok
KCTX001,window_0006,.\chr17.fa,16,22544384,262144,22715218,23027391,312174,262144,22806528,76316,49717,57134,79007,50000,0,0.407557576266,0.160167086304,0.839832913696,ok
KCTX001,window_0003,.\chr17.fa,16,21757952,262144,21877816,22190944,313129,262144,22020096,93856,35955,62622,69801,50895,0,0.375912353089,0.162536845837,0.837463154163,ok
KCTX001,window_0021,.\chr17.fa,16,26476544,262144,26699869,27014546,314678,262144,26738688,90227,38816,63958,69278,52399,0,0.391849900297,0.166516248355,0.833483751645,ok
KCTX001,window_0026,.\chr17.fa,16,27787264,262144,28063108,28325266,262159,262144,28049408,74388,54725,54292,78754,0,0,0.415843057076,0.000000000000,1.000000000000,ok
KCTX001,window_0025,.\chr17.fa,16,27525120,262144,27800964,28063122,262159,262144,27787264,74462,57783,57392,72522,0,0,0.439332618754,0.000000000000,1.000000000000,ok
KCTX001,window_0029,.\chr17.fa,16,28573696,262144,28849540,29111698,262159,262144,28835840,64735,65872,67553,63999,0,0,0.508946860493,0.000000000000,1.000000000000,ok
PS H:\kdna_opencl_with_inspector_krun>
PS H:\kdna_opencl_with_inspector_krun> Get-Content .\Origin_chr17_v05_multiscale_context\KALYX_ORIGIN_V0_5_MULTISCALE_CONTEXT_SUMMARY.md
# KALYX-ORIGIN v0.5 Multiscale FASTA Context Summary

## w1048576

- Ranking: `H:\kdna_opencl_with_inspector_krun\Origin_chr17_v04_multiscale\w1048576\kalyx_origin_v0_4_ranking.csv`
- Context: `.\Origin_chr17_v05_multiscale_context\w1048576\kalyx_origin_v0_5_fasta_context.csv`
- Top label: `window_0017`
- Top base range 0-based: `24338212..25386802`
- Top GC: `0.409122336545`
- Top N-rate: `0.000000000000`

## w131072

- Ranking: `H:\kdna_opencl_with_inspector_krun\Origin_chr17_v04_multiscale\w131072\kalyx_origin_v0_4_ranking.csv`
- Context: `.\Origin_chr17_v05_multiscale_context\w131072\kalyx_origin_v0_5_fasta_context.csv`
- Top label: `window_0006`
- Top base range 0-based: `21877816..22059635`
- Top GC: `0.400542902239`
- Top N-rate: `0.278698713013`

## w262144

- Ranking: `H:\kdna_opencl_with_inspector_krun\Origin_chr17_v04_multiscale\w262144\kalyx_origin_v0_4_ranking.csv`
- Context: `.\Origin_chr17_v05_multiscale_context\w262144\kalyx_origin_v0_5_fasta_context.csv`
- Top label: `window_0022`
- Top base range 0-based: `24862500..25124658`
- Top GC: `0.409274524239`
- Top N-rate: `0.000000000000`

## w524288

- Ranking: `H:\kdna_opencl_with_inspector_krun\Origin_chr17_v04_multiscale\w524288\kalyx_origin_v0_4_ranking.csv`
- Context: `.\Origin_chr17_v05_multiscale_context\w524288\kalyx_origin_v0_5_fasta_context.csv`
- Top label: `window_0018`
- Top base range 0-based: `24338212..24862514`
- Top GC: `0.409116484170`
- Top N-rate: `0.000000000000`

PS H:\kdna_opencl_with_inspector_krun>


PS H:\kdna_opencl_with_inspector_krun> cd H:\kdna_opencl_with_inspector_krun
PS H:\kdna_opencl_with_inspector_krun>
PS H:\kdna_opencl_with_inspector_krun> Remove-Item -Recurse -Force .\_patch_kalyx_origin_v06 -ErrorAction SilentlyContinue
PS H:\kdna_opencl_with_inspector_krun> Expand-Archive -Force .\kalyx_origin_v0_6_patch.zip .\_patch_kalyx_origin_v06
PS H:\kdna_opencl_with_inspector_krun>
PS H:\kdna_opencl_with_inspector_krun> .\_patch_kalyx_origin_v06\kalyx_origin_v0_6_patch\scripts\apply_kalyx_origin_v0_6_patch.ps1 `
>>   -ProjectRoot H:\kdna_opencl_with_inspector_krun
KALYX-ORIGIN v0.6 angewendet:
  tools\kalyx_repeat_context.c
  scripts\kalyx_origin_repeat_v0_6.ps1
  scripts\kalyx_origin_multiscale_repeat_v0_6.ps1
  docs\KALYX_ORIGIN_v0_6_SPEC.md
  CMakeLists.txt: kalyx_repeat_context + help test geprüft/ergänzt
PS H:\kdna_opencl_with_inspector_krun>
PS H:\kdna_opencl_with_inspector_krun> $CMAKE_EXE  = "C:\Program Files\CMake\bin\cmake.exe"
PS H:\kdna_opencl_with_inspector_krun> $CTEST_EXE  = "C:\Program Files\CMake\bin\ctest.exe"
PS H:\kdna_opencl_with_inspector_krun>
PS H:\kdna_opencl_with_inspector_krun> & $CMAKE_EXE -S . -B build_vs `
>>   -G "Visual Studio 17 2022" `
>>   -A x64
-- Selecting Windows SDK version 10.0.26100.0 to target Windows 10.0.29599.
-- Configuring done (0.0s)
-- Generating done (0.6s)
-- Build files have been written to: H:/kdna_opencl_with_inspector_krun/build_vs
PS H:\kdna_opencl_with_inspector_krun>
PS H:\kdna_opencl_with_inspector_krun> & $CMAKE_EXE --build build_vs --config Release --target kalyx_repeat_context
MSBuild-Version 17.14.40+3e7442088 für .NET Framework

  kdna.vcxproj -> H:\kdna_opencl_with_inspector_krun\build_vs\Release\kdna.lib
  Building Custom Rule H:/kdna_opencl_with_inspector_krun/CMakeLists.txt
  kalyx_repeat_context.c
  kalyx_repeat_context.vcxproj -> H:\kdna_opencl_with_inspector_krun\build_vs\Release\kalyx_repeat_context.exe
PS H:\kdna_opencl_with_inspector_krun>
PS H:\kdna_opencl_with_inspector_krun> .\build_vs\Release\kalyx_repeat_context.exe --help
kalyx_repeat_context v0.6 --fasta chr.fa --base-start N --base-end N --out-csv out.csv [options]

Options:
  --label NAME             row label, default: region
  --k N                    k-mer length, 1..31, default: 16
  --append                 append to CSV; header written if file missing/empty
  --help                   show help

Semantics:
  Computes raw FASTA-level context for ORIGIN windows: base composition,
  N/GC, k-mer uniqueness/top concentration, k-mer entropy, longest
  homopolymer and dinucleotide tandem runs. This is not an origin proof.
PS H:\kdna_opencl_with_inspector_krun>
PS H:\kdna_opencl_with_inspector_krun> & $CTEST_EXE --test-dir build_vs -C Release -R "kalyx_repeat_context_help" --output-on-failurem
CMake Error: Unknown argument: --output-on-failurem
CMake Error: Run 'ctest --help' for all supported options.
PS H:\kdna_opencl_with_inspector_krun> Remove-Item -Recurse -Force .\Origin_chr17_v06_repeat_zoom -ErrorAction SilentlyContinue
PS H:\kdna_opencl_with_inspector_krun>
PS H:\kdna_opencl_with_inspector_krun> .\scripts\kalyx_origin_repeat_v0_6.ps1 `
>>   -Fasta .\chr17.fa `
>>   -ContextCsv .\Origin_chr17_v05_context_zoom\kalyx_origin_v0_5_fasta_context.csv `
>>   -OutDir .\Origin_chr17_v06_repeat_zoom `
>>   -KValues 8,12,16,20 `
>>   -Top 20 `
>>   -Strict
=== KALYX-ORIGIN v0.6: raw FASTA k-mer/repeat context ===
fasta=.\chr17.fa context=.\Origin_chr17_v05_context_zoom\kalyx_origin_v0_5_fasta_context.csv top=20 k=8,12,16,20
kalyx_repeat_context v0.6: label=window_0014_k8 base=[24862500,25124658] len=262159 k=8 unique_kmers=5116 entropy=10.358125100 top32=0.109714975 N=0.000000000 GC=0.409274524 homo=6 dinuc=8
kalyx_repeat_context v0.6: label=window_0012_k8 base=[24338212,24600370] len=262159 k=8 unique_kmers=5283 entropy=10.360693688 top32=0.109409808 N=0.000000000 GC=0.409160090 homo=6 dinuc=8
kalyx_repeat_context v0.6: label=window_0013_k8 base=[24600356,24862514] len=262159 k=8 unique_kmers=5190 entropy=10.363713612 top32=0.109409808 N=0.000000000 GC=0.409079986 homo=7 dinuc=8
kalyx_repeat_context v0.6: label=window_0011_k8 base=[24076068,24338226] len=262159 k=8 unique_kmers=5154 entropy=10.375620900 top32=0.109138973 N=0.000000000 GC=0.408858746 homo=8 dinuc=8
kalyx_repeat_context v0.6: label=window_0009_k8 base=[23551780,23813938] len=262159 k=8 unique_kmers=5252 entropy=10.357866323 top32=0.109131344 N=0.000000000 GC=0.409217307 homo=8 dinuc=8
kalyx_repeat_context v0.6: label=window_0008_k8 base=[23289636,23551794] len=262159 k=8 unique_kmers=5271 entropy=10.369264368 top32=0.109184748 N=0.000000000 GC=0.408957922 homo=7 dinuc=8
kalyx_repeat_context v0.6: label=window_0015_k8 base=[25124644,25386802] len=262159 k=8 unique_kmers=5497 entropy=10.383554825 top32=0.109367848 N=0.000000000 GC=0.408976995 homo=6 dinuc=8
kalyx_repeat_context v0.6: label=window_0010_k8 base=[23813924,24076082] len=262159 k=8 unique_kmers=5514 entropy=10.399113790 top32=0.109112271 N=0.000000000 GC=0.408648950 homo=7 dinuc=8
kalyx_repeat_context v0.6: label=window_0019_k8 base=[26173565,26435723] len=262159 k=8 unique_kmers=5809 entropy=10.424071567 top32=0.108871952 N=0.000000000 GC=0.408778642 homo=7 dinuc=8
kalyx_repeat_context v0.6: label=window_0016_k8 base=[25386788,25648946] len=262159 k=8 unique_kmers=5932 entropy=10.422780632 top32=0.108559157 N=0.000000000 GC=0.408709981 homo=7 dinuc=8
kalyx_repeat_context v0.6: label=window_0018_k8 base=[25911306,26173579] len=262274 k=8 unique_kmers=7035 entropy=10.464291913 top32=0.108937290 N=0.000381281 GC=0.409098538 homo=100 dinuc=8
kalyx_repeat_context v0.6: label=window_0017_k8 base=[25648932,25911320] len=262389 k=8 unique_kmers=7379 entropy=10.491713718 top32=0.108583046 N=0.000762227 GC=0.408350465 homo=100 dinuc=16
kalyx_repeat_context v0.6: label=window_0007_k8 base=[23027377,23289650] len=262274 k=8 unique_kmers=8350 entropy=10.818479106 top32=0.100366189 N=0.000381281 GC=0.409232037 homo=100 dinuc=8
kalyx_repeat_context v0.6: label=window_0020_k8 base=[26435709,26699883] len=264175 k=8 unique_kmers=18699 entropy=11.438828509 top32=0.102008207 N=0.007120280 GC=0.401114780 homo=408 dinuc=18
kalyx_repeat_context v0.6: label=window_0006_k8 base=[22715218,23027391] len=312174 k=8 unique_kmers=17621 entropy=11.235727126 top32=0.090635490 N=0.160167086 GC=0.407557576 homo=50000 dinuc=10
kalyx_repeat_context v0.6: label=window_0003_k8 base=[21877816,22190944] len=313129 k=8 unique_kmers=43585 entropy=13.228068836 top32=0.161820345 N=0.162536846 GC=0.375912353 homo=50000 dinuc=46
kalyx_repeat_context v0.6: label=window_0021_k8 base=[26699869,27014546] len=314678 k=8 unique_kmers=43173 entropy=13.383586491 top32=0.145021662 N=0.166516248 GC=0.391849900 homo=50000 dinuc=42
kalyx_repeat_context v0.6: label=window_0026_k8 base=[28063108,28325266] len=262159 k=8 unique_kmers=49617 entropy=15.012185763 top32=0.014911197 N=0.000000000 GC=0.415843057 homo=32 dinuc=50
kalyx_repeat_context v0.6: label=window_0025_k8 base=[27800964,28063122] len=262159 k=8 unique_kmers=49979 entropy=15.096386966 top32=0.012229546 N=0.000000000 GC=0.439332619 homo=35 dinuc=46
kalyx_repeat_context v0.6: label=window_0029_k8 base=[28849540,29111698] len=262159 k=8 unique_kmers=51836 entropy=15.032029565 top32=0.013839299 N=0.000000000 GC=0.508946860 homo=31 dinuc=44
kalyx_repeat_context v0.6: label=window_0014_k12 base=[24862500,25124658] len=262159 k=12 unique_kmers=8733 entropy=11.076140220 top32=0.075651922 N=0.000000000 GC=0.409274524 homo=6 dinuc=8
kalyx_repeat_context v0.6: label=window_0012_k12 base=[24338212,24600370] len=262159 k=12 unique_kmers=9144 entropy=11.080902490 top32=0.075426858 N=0.000000000 GC=0.409160090 homo=6 dinuc=8
kalyx_repeat_context v0.6: label=window_0013_k12 base=[24600356,24862514] len=262159 k=12 unique_kmers=8839 entropy=11.081224444 top32=0.075106428 N=0.000000000 GC=0.409079986 homo=7 dinuc=8
kalyx_repeat_context v0.6: label=window_0011_k12 base=[24076068,24338226] len=262159 k=12 unique_kmers=8898 entropy=11.105513849 top32=0.075136946 N=0.000000000 GC=0.408858746 homo=8 dinuc=8
kalyx_repeat_context v0.6: label=window_0009_k12 base=[23551780,23813938] len=262159 k=12 unique_kmers=9098 entropy=11.077512560 top32=0.074785999 N=0.000000000 GC=0.409217307 homo=8 dinuc=8
kalyx_repeat_context v0.6: label=window_0008_k12 base=[23289636,23551794] len=262159 k=12 unique_kmers=9104 entropy=11.092464354 top32=0.074946214 N=0.000000000 GC=0.408957922 homo=7 dinuc=8
kalyx_repeat_context v0.6: label=window_0015_k12 base=[25124644,25386802] len=262159 k=12 unique_kmers=9485 entropy=11.113524393 top32=0.074892809 N=0.000000000 GC=0.408976995 homo=6 dinuc=8
kalyx_repeat_context v0.6: label=window_0010_k12 base=[23813924,24076082] len=262159 k=12 unique_kmers=9580 entropy=11.139840520 top32=0.074522789 N=0.000000000 GC=0.408648950 homo=7 dinuc=8
kalyx_repeat_context v0.6: label=window_0019_k12 base=[26173565,26435723] len=262159 k=12 unique_kmers=10199 entropy=11.176266269 top32=0.074839404 N=0.000000000 GC=0.408778642 homo=7 dinuc=8
kalyx_repeat_context v0.6: label=window_0016_k12 base=[25386788,25648946] len=262159 k=12 unique_kmers=10594 entropy=11.177557047 top32=0.074053588 N=0.000000000 GC=0.408709981 homo=7 dinuc=8
kalyx_repeat_context v0.6: label=window_0018_k12 base=[25911306,26173579] len=262274 k=12 unique_kmers=12206 entropy=11.235055719 top32=0.074601758 N=0.000381281 GC=0.409098538 homo=100 dinuc=8
kalyx_repeat_context v0.6: label=window_0017_k12 base=[25648932,25911320] len=262389 k=12 unique_kmers=13043 entropy=11.276537568 top32=0.074165764 N=0.000762227 GC=0.408350465 homo=100 dinuc=16
kalyx_repeat_context v0.6: label=window_0007_k12 base=[23027377,23289650] len=262274 k=12 unique_kmers=15934 entropy=11.764773126 top32=0.062517166 N=0.000381281 GC=0.409232037 homo=100 dinuc=8
kalyx_repeat_context v0.6: label=window_0020_k12 base=[26435709,26699883] len=264175 k=12 unique_kmers=39271 entropy=12.667572801 top32=0.070053855 N=0.007120280 GC=0.401114780 homo=408 dinuc=18
kalyx_repeat_context v0.6: label=window_0006_k12 base=[22715218,23027391] len=312174 k=12 unique_kmers=32090 entropy=12.148237631 top32=0.054876560 N=0.160167086 GC=0.407557576 homo=50000 dinuc=10
kalyx_repeat_context v0.6: label=window_0003_k12 base=[21877816,22190944] len=313129 k=12 unique_kmers=165018 entropy=15.816074561 top32=0.079040920 N=0.162536846 GC=0.375912353 homo=50000 dinuc=46
kalyx_repeat_context v0.6: label=window_0021_k12 base=[26699869,27014546] len=314678 k=12 unique_kmers=145356 entropy=15.766785813 top32=0.069131894 N=0.166516248 GC=0.391849900 homo=50000 dinuc=42
kalyx_repeat_context v0.6: label=window_0026_k12 base=[28063108,28325266] len=262159 k=12 unique_kmers=230214 entropy=17.596993172 top32=0.007419473 N=0.000000000 GC=0.415843057 homo=32 dinuc=50
kalyx_repeat_context v0.6: label=window_0025_k12 base=[27800964,28063122] len=262159 k=12 unique_kmers=236929 entropy=17.694707032 top32=0.006114866 N=0.000000000 GC=0.439332619 homo=35 dinuc=46
kalyx_repeat_context v0.6: label=window_0029_k12 base=[28849540,29111698] len=262159 k=12 unique_kmers=233077 entropy=17.618574816 top32=0.007190595 N=0.000000000 GC=0.508946860 homo=31 dinuc=44
kalyx_repeat_context v0.6: label=window_0014_k16 base=[24862500,25124658] len=262159 k=16 unique_kmers=11831 entropy=11.511970030 top32=0.056030273 N=0.000000000 GC=0.409274524 homo=6 dinuc=8
kalyx_repeat_context v0.6: label=window_0012_k16 base=[24338212,24600370] len=262159 k=16 unique_kmers=12373 entropy=11.519766083 top32=0.056118011 N=0.000000000 GC=0.409160090 homo=6 dinuc=8
kalyx_repeat_context v0.6: label=window_0013_k16 base=[24600356,24862514] len=262159 k=16 unique_kmers=11941 entropy=11.516333096 top32=0.054725647 N=0.000000000 GC=0.409079986 homo=7 dinuc=8
kalyx_repeat_context v0.6: label=window_0011_k16 base=[24076068,24338226] len=262159 k=16 unique_kmers=12079 entropy=11.551075893 top32=0.054737091 N=0.000000000 GC=0.408858746 homo=8 dinuc=8
kalyx_repeat_context v0.6: label=window_0009_k16 base=[23551780,23813938] len=262159 k=16 unique_kmers=12314 entropy=11.511218630 top32=0.054992676 N=0.000000000 GC=0.409217307 homo=8 dinuc=8
kalyx_repeat_context v0.6: label=window_0008_k16 base=[23289636,23551794] len=262159 k=16 unique_kmers=12303 entropy=11.529564401 top32=0.055217743 N=0.000000000 GC=0.408957922 homo=7 dinuc=8
kalyx_repeat_context v0.6: label=window_0015_k16 base=[25124644,25386802] len=262159 k=16 unique_kmers=12925 entropy=11.559568489 top32=0.054817200 N=0.000000000 GC=0.408976995 homo=6 dinuc=8
kalyx_repeat_context v0.6: label=window_0010_k16 base=[23813924,24076082] len=262159 k=16 unique_kmers=13074 entropy=11.594149241 top32=0.053874969 N=0.000000000 GC=0.408648950 homo=7 dinuc=8
kalyx_repeat_context v0.6: label=window_0019_k16 base=[26173565,26435723] len=262159 k=16 unique_kmers=13924 entropy=11.643918933 top32=0.054649353 N=0.000000000 GC=0.408778642 homo=7 dinuc=8
kalyx_repeat_context v0.6: label=window_0016_k16 base=[25386788,25648946] len=262159 k=16 unique_kmers=14461 entropy=11.643138716 top32=0.053775787 N=0.000000000 GC=0.408709981 homo=7 dinuc=8
kalyx_repeat_context v0.6: label=window_0018_k16 base=[25911306,26173579] len=262274 k=16 unique_kmers=16453 entropy=11.716030421 top32=0.054447174 N=0.000381281 GC=0.409098538 homo=100 dinuc=8
kalyx_repeat_context v0.6: label=window_0017_k16 base=[25648932,25911320] len=262389 k=16 unique_kmers=17568 entropy=11.767099725 top32=0.053188324 N=0.000762227 GC=0.408350465 homo=100 dinuc=16
kalyx_repeat_context v0.6: label=window_0007_k16 base=[23027377,23289650] len=262274 k=16 unique_kmers=22304 entropy=12.345102741 top32=0.041133881 N=0.000381281 GC=0.409232037 homo=100 dinuc=8
kalyx_repeat_context v0.6: label=window_0020_k16 base=[26435709,26699883] len=264175 k=16 unique_kmers=53084 entropy=13.410292585 top32=0.044815063 N=0.007120280 GC=0.401114780 homo=408 dinuc=18
kalyx_repeat_context v0.6: label=window_0006_k16 base=[22715218,23027391] len=312174 k=16 unique_kmers=39834 entropy=12.607841409 top32=0.035678864 N=0.160167086 GC=0.407557576 homo=50000 dinuc=10
kalyx_repeat_context v0.6: label=window_0003_k16 base=[21877816,22190944] len=313129 k=16 unique_kmers=193324 entropy=16.728081936 top32=0.036136627 N=0.162536846 GC=0.375912353 homo=50000 dinuc=46
kalyx_repeat_context v0.6: label=window_0021_k16 base=[26699869,27014546] len=314678 k=16 unique_kmers=175788 entropy=16.646422325 top32=0.031673431 N=0.166516248 GC=0.391849900 homo=50000 dinuc=42
kalyx_repeat_context v0.6: label=window_0026_k16 base=[28063108,28325266] len=262159 k=16 unique_kmers=245405 entropy=17.796779627 top32=0.004795074 N=0.000000000 GC=0.415843057 homo=32 dinuc=50
kalyx_repeat_context v0.6: label=window_0025_k16 base=[27800964,28063122] len=262159 k=16 unique_kmers=250035 entropy=17.859391966 top32=0.003585815 N=0.000000000 GC=0.439332619 homo=35 dinuc=46
kalyx_repeat_context v0.6: label=window_0029_k16 base=[28849540,29111698] len=262159 k=16 unique_kmers=247214 entropy=17.808094832 top32=0.004539490 N=0.000000000 GC=0.508946860 homo=31 dinuc=44
kalyx_repeat_context v0.6: label=window_0014_k20 base=[24862500,25124658] len=262159 k=20 unique_kmers=14770 entropy=11.813668194 top32=0.039177539 N=0.000000000 GC=0.409274524 homo=6 dinuc=8
kalyx_repeat_context v0.6: label=window_0012_k20 base=[24338212,24600370] len=262159 k=20 unique_kmers=15442 entropy=11.824518795 top32=0.039154650 N=0.000000000 GC=0.409160090 homo=6 dinuc=8
kalyx_repeat_context v0.6: label=window_0013_k20 base=[24600356,24862514] len=262159 k=20 unique_kmers=14862 entropy=11.817685739 top32=0.037582971 N=0.000000000 GC=0.409079986 homo=7 dinuc=8
kalyx_repeat_context v0.6: label=window_0011_k20 base=[24076068,24338226] len=262159 k=20 unique_kmers=15098 entropy=11.860888953 top32=0.038071260 N=0.000000000 GC=0.408858746 homo=8 dinuc=8
kalyx_repeat_context v0.6: label=window_0009_k20 base=[23551780,23813938] len=262159 k=20 unique_kmers=15372 entropy=11.810580037 top32=0.038197147 N=0.000000000 GC=0.409217307 homo=8 dinuc=8
kalyx_repeat_context v0.6: label=window_0008_k20 base=[23289636,23551794] len=262159 k=20 unique_kmers=15293 entropy=11.831500749 top32=0.038548104 N=0.000000000 GC=0.408957922 homo=7 dinuc=8
kalyx_repeat_context v0.6: label=window_0015_k20 base=[25124644,25386802] len=262159 k=20 unique_kmers=16184 entropy=11.869928438 top32=0.037972076 N=0.000000000 GC=0.408976995 homo=6 dinuc=8
kalyx_repeat_context v0.6: label=window_0010_k20 base=[23813924,24076082] len=262159 k=20 unique_kmers=16344 entropy=11.910382437 top32=0.037369345 N=0.000000000 GC=0.408648950 homo=7 dinuc=8
kalyx_repeat_context v0.6: label=window_0019_k20 base=[26173565,26435723] len=262159 k=20 unique_kmers=17380 entropy=11.970675855 top32=0.038860914 N=0.000000000 GC=0.408778642 homo=7 dinuc=8
kalyx_repeat_context v0.6: label=window_0016_k20 base=[25386788,25648946] len=262159 k=20 unique_kmers=18110 entropy=11.970587081 top32=0.037590600 N=0.000000000 GC=0.408709981 homo=7 dinuc=8
kalyx_repeat_context v0.6: label=window_0018_k20 base=[25911306,26173579] len=262274 k=20 unique_kmers=20476 entropy=12.060298321 top32=0.038270211 N=0.000381281 GC=0.409098538 homo=100 dinuc=8
kalyx_repeat_context v0.6: label=window_0017_k20 base=[25648932,25911320] len=262389 k=20 unique_kmers=21853 entropy=12.118566997 top32=0.037317077 N=0.000762227 GC=0.408350465 homo=100 dinuc=16
kalyx_repeat_context v0.6: label=window_0007_k20 base=[23027377,23289650] len=262274 k=20 unique_kmers=28279 entropy=12.765557358 top32=0.027947325 N=0.000381281 GC=0.409232037 homo=100 dinuc=8
kalyx_repeat_context v0.6: label=window_0020_k20 base=[26435709,26699883] len=264175 k=20 unique_kmers=65188 entropy=13.934083265 top32=0.028557367 N=0.007120280 GC=0.401114780 homo=408 dinuc=18
kalyx_repeat_context v0.6: label=window_0006_k20 base=[22715218,23027391] len=312174 k=20 unique_kmers=46165 entropy=12.912632266 top32=0.024777215 N=0.160167086 GC=0.407557576 homo=50000 dinuc=10
kalyx_repeat_context v0.6: label=window_0003_k20 base=[21877816,22190944] len=313129 k=20 unique_kmers=215342 entropy=17.272925289 top32=0.019441477 N=0.162536846 GC=0.375912353 homo=50000 dinuc=46
kalyx_repeat_context v0.6: label=window_0021_k20 base=[26699869,27014546] len=314678 k=20 unique_kmers=200364 entropy=17.175263900 top32=0.017416485 N=0.166516248 GC=0.391849900 homo=50000 dinuc=42
kalyx_repeat_context v0.6: label=window_0026_k20 base=[28063108,28325266] len=262159 k=20 unique_kmers=251306 entropy=17.879358517 top32=0.003284504 N=0.000000000 GC=0.415843057 homo=32 dinuc=50
kalyx_repeat_context v0.6: label=window_0025_k20 base=[27800964,28063122] len=262159 k=20 unique_kmers=255093 entropy=17.925483735 top32=0.002395666 N=0.000000000 GC=0.439332619 homo=35 dinuc=46
kalyx_repeat_context v0.6: label=window_0029_k20 base=[28849540,29111698] len=262159 k=20 unique_kmers=252713 entropy=17.890361812 top32=0.003002213 N=0.000000000 GC=0.508946860 homo=31 dinuc=44
KALYX-ORIGIN v0.6 repeat context complete:
  .\Origin_chr17_v06_repeat_zoom\kalyx_origin_v0_6_repeat_context.csv
  .\Origin_chr17_v06_repeat_zoom\kalyx_origin_v0_6_repeat_summary.csv
  .\Origin_chr17_v06_repeat_zoom\KALYX_ORIGIN_V0_6_REPEAT_REPORT.md
PS H:\kdna_opencl_with_inspector_krun> Get-Content .\Origin_chr17_v06_repeat_zoom\KALYX_ORIGIN_V0_6_REPEAT_REPORT.md
# KALYX-ORIGIN v0.6 Repeat / Raw k-mer Context Report

Raw FASTA-level k-mer and repeat diagnostics for ORIGIN candidate windows.

## Inputs

- Fasta: `.\chr17.fa`
- ContextCsv: `.\Origin_chr17_v05_context_zoom\kalyx_origin_v0_5_fasta_context.csv`
- Top: `20`
- KValues: `8,12,16,20`

## Top repeat/k-mer concentration rows

| Rank | Label | BaseStart0 | BaseEnd0 | N-rate | GC | k16 unique ratio | k16 entropy | k16 top32 | max top32 | min unique ratio | homopolymer | dinuc tandem |
|---:|---|---:|---:|---:|---:|---:|---:|---:|---:|---:|---:|---:|
| 1 | window_0003 | 21877816 | 22190944 | 0,162536845837 | 0,375912353089 | 0,166233142125 | 13,228068836 | 0,161820345396 | 0,161820345396 | 0,166233142125 | 50000 | 46 |
| 2 | window_0021 | 26699869 | 27014546 | 0,166516248355 | 0,391849900297 | 0,164646703481 | 13,383586491 | 0,145021661531 | 0,145021661531 | 0,164646703481 | 50000 | 42 |
| 3 | window_0014 | 24862500 | 25124658 | 0,000000000000 | 0,409274524239 | 0,019515395648 | 10,358125100 | 0,109714974519 | 0,109714974519 | 0,019515395648 | 6 | 8 |
| 4 | window_0013 | 24600356 | 24862514 | 0,000000000000 | 0,409079985810 | 0,019797674632 | 10,363713612 | 0,109409808050 | 0,109409808050 | 0,019797674632 | 7 | 8 |
| 5 | window_0012 | 24338212 | 24600370 | 0,000000000000 | 0,409160089869 | 0,020152430651 | 10,360693688 | 0,109409808050 | 0,109409808050 | 0,020152430651 | 6 | 8 |
| 6 | window_0015 | 25124644 | 25386802 | 0,000000000000 | 0,408976994877 | 0,020968750954 | 10,383554825 | 0,109367847661 | 0,109367847661 | 0,020968750954 | 6 | 8 |
| 7 | window_0008 | 23289636 | 23551794 | 0,000000000000 | 0,408957922482 | 0,020106655681 | 10,369264368 | 0,109184747780 | 0,109184747780 | 0,020106655681 | 7 | 8 |
| 8 | window_0011 | 24076068 | 24338226 | 0,000000000000 | 0,408858746028 | 0,019660349721 | 10,375620900 | 0,109138972810 | 0,109138972810 | 0,019660349721 | 8 | 8 |
| 9 | window_0009 | 23551780 | 23813938 | 0,000000000000 | 0,409217307054 | 0,020034178644 | 10,357866323 | 0,109131343648 | 0,109131343648 | 0,020034178644 | 8 | 8 |
| 10 | window_0010 | 23813924 | 24076082 | 0,000000000000 | 0,408648949683 | 0,021033598828 | 10,399113790 | 0,109112270744 | 0,109112270744 | 0,021033598828 | 7 | 8 |
| 11 | window_0018 | 25911306 | 26173579 | 0,000381280645 | 0,409098537612 | 0,026834757400 | 10,464291913 | 0,108937290204 | 0,108937290204 | 0,026834757400 | 100 | 8 |
| 12 | window_0019 | 26173565 | 26435723 | 0,000000000000 | 0,408778641969 | 0,022158900180 | 10,424071567 | 0,108871952150 | 0,108871952150 | 0,022158900180 | 7 | 8 |
| 13 | window_0017 | 25648932 | 25911320 | 0,000762227075 | 0,408350464741 | 0,028146074273 | 10,491713718 | 0,108583045986 | 0,108583045986 | 0,028146074273 | 100 | 16 |
| 14 | window_0016 | 25386788 | 25648946 | 0,000000000000 | 0,408709981347 | 0,022628093625 | 10,422780632 | 0,108559156520 | 0,108559156520 | 0,022628093625 | 7 | 8 |
| 15 | window_0020 | 26435709 | 26699883 | 0,007120280117 | 0,401114779598 | 0,071309262310 | 11,438828509 | 0,102008206724 | 0,102008206724 | 0,071309262310 | 408 | 18 |
| 16 | window_0007 | 23027377 | 23289650 | 0,000381280645 | 0,409232036739 | 0,031850778151 | 10,818479106 | 0,100366188587 | 0,100366188587 | 0,031850778151 | 100 | 8 |
| 17 | window_0006 | 22715218 | 23027391 | 0,160167086304 | 0,407557576266 | 0,067214678059 | 11,235727126 | 0,090635489777 | 0,090635489777 | 0,067214678059 | 50000 | 10 |
| 18 | window_0003 | 21877816 | 22190944 | 0,162536845837 | 0,375912353089 | 0,629436086784 | 15,816074561 | 0,079040920326 | 0,079040920326 | 0,629436086784 | 50000 | 46 |
| 19 | window_0014 | 24862500 | 25124658 | 0,000000000000 | 0,409274524239 | 0,033313242901 | 11,076140220 | 0,075651921815 | 0,075651921815 | 0,033313242901 | 6 | 8 |
| 20 | window_0012 | 24338212 | 24600370 | 0,000000000000 | 0,409160089869 | 0,034881059554 | 11,080902490 | 0,075426858111 | 0,075426858111 | 0,034881059554 | 6 | 8 |

## Interpretation Boundary

v0.6 tests whether ORIGIN anomalies are visible already at raw FASTA k-mer/repeat level. It does not prove natural or artificial origin.

## Artefacts

- `.\Origin_chr17_v06_repeat_zoom\kalyx_origin_v0_6_repeat_context.csv`
- `.\Origin_chr17_v06_repeat_zoom\kalyx_origin_v0_6_repeat_summary.csv`
- `.\Origin_chr17_v06_repeat_zoom\KALYX_ORIGIN_V0_6_REPEAT_REPORT.md`
PS H:\kdna_opencl_with_inspector_krun> Get-Content .\Origin_chr17_v06_repeat_zoom\kalyx_origin_v0_6_repeat_summary.csv -TotalCount 30
"label","base_start_0","base_end_0","n_rate","gc_rate","k16_unique_ratio","k16_entropy","k16_top32","longest_homopolymer","longest_dinuc_tandem_bases","min_unique_ratio","max_top32","min_entropy"
"window_0014","24862500","25124658","0","0,409274524239","0,019515395648","10,358125099521","0,109714974519","6","8","0,019515395648","0,109714974519","10,358125099521"
"window_0012","24338212","24600370","0","0,409160089869","0,020152430651","10,360693687706","0,10940980805","6","8","0,020152430651","0,10940980805","10,360693687706"
"window_0013","24600356","24862514","0","0,40907998581","0,019797674632","10,363713611595","0,10940980805","7","8","0,019797674632","0,10940980805","10,363713611595"
"window_0011","24076068","24338226","0","0,408858746028","0,019660349721","10,375620900167","0,10913897281","8","8","0,019660349721","0,10913897281","10,375620900167"
"window_0009","23551780","23813938","0","0,409217307054","0,020034178644","10,357866323089","0,109131343648","8","8","0,020034178644","0,109131343648","10,357866323089"
"window_0008","23289636","23551794","0","0,408957922482","0,020106655681","10,369264368148","0,10918474778","7","8","0,020106655681","0,10918474778","10,369264368148"
"window_0015","25124644","25386802","0","0,408976994877","0,020968750954","10,383554825321","0,109367847661","6","8","0,020968750954","0,109367847661","10,383554825321"
"window_0010","23813924","24076082","0","0,408648949683","0,021033598828","10,3991137895","0,109112270744","7","8","0,021033598828","0,109112270744","10,3991137895"
"window_0019","26173565","26435723","0","0,408778641969","0,02215890018","10,424071567172","0,10887195215","7","8","0,02215890018","0,10887195215","10,424071567172"
"window_0016","25386788","25648946","0","0,408709981347","0,022628093625","10,42278063218","0,10855915652","7","8","0,022628093625","0,10855915652","10,42278063218"
"window_0018","25911306","26173579","0,000381280645","0,409098537612","0,0268347574","10,464291913263","0,108937290204","100","8","0,0268347574","0,108937290204","10,464291913263"
"window_0017","25648932","25911320","0,000762227075","0,408350464741","0,028146074273","10,491713718073","0,108583045986","100","16","0,028146074273","0,108583045986","10,491713718073"
"window_0007","23027377","23289650","0,000381280645","0,409232036739","0,031850778151","10,81847910642","0,100366188587","100","8","0,031850778151","0,100366188587","10,81847910642"
"window_0020","26435709","26699883","0,007120280117","0,401114779598","0,07130926231","11,438828509096","0,102008206724","408","18","0,07130926231","0,102008206724","11,438828509096"
"window_0006","22715218","23027391","0,160167086304","0,407557576266","0,067214678059","11,23572712581","0,090635489777","50000","10","0,067214678059","0,090635489777","11,23572712581"
"window_0003","21877816","22190944","0,162536845837","0,375912353089","0,166233142125","13,228068836361","0,161820345396","50000","46","0,166233142125","0,161820345396","13,228068836361"
"window_0021","26699869","27014546","0,166516248355","0,391849900297","0,164646703481","13,383586491152","0,145021661531","50000","42","0,164646703481","0,145021661531","13,383586491152"
"window_0026","28063108","28325266","0","0,415843057076","0,189268058226","15,012185762525","0,014911196558","32","50","0,189268058226","0,014911196558","15,012185762525"
"window_0025","27800964","28063122","0","0,439332618754","0,190648936495","15,096386965861","0,012229546217","35","46","0,190648936495","0,012229546217","15,096386965861"
"window_0029","28849540","29111698","0","0,508946860493","0,19773261314","15,032029565484","0,013839299338","31","44","0,19773261314","0,013839299338","15,032029565484"
"window_0014","24862500","25124658","0","0,409274524239","0,033313242901","11,0761402196","0,075651921815","6","8","0,033313242901","0,075651921815","11,0761402196"
"window_0012","24338212","24600370","0","0,409160089869","0,034881059554","11,080902490438","0,075426858111","6","8","0,034881059554","0,075426858111","11,080902490438"
"window_0013","24600356","24862514","0","0,40907998581","0,033717594641","11,081224443999","0,07510642843","7","8","0,033717594641","0,07510642843","11,081224443999"
"window_0011","24076068","24338226","0","0,408858746028","0,033942658346","11,105513849271","0,075136945542","8","8","0,033942658346","0,075136945542","11,105513849271"
"window_0009","23551780","23813938","0","0,409217307054","0,034705586157","11,077512559511","0,074785998749","8","8","0,034705586157","0,074785998749","11,077512559511"
"window_0008","23289636","23551794","0","0,408957922482","0,034728473992","11,092464354209","0,074946213589","7","8","0,034728473992","0,074946213589","11,092464354209"
"window_0015","25124644","25386802","0","0,408976994877","0,036181851473","11,11352439328","0,074892808642","6","8","0,036181851473","0,074892808642","11,11352439328"
"window_0010","23813924","24076082","0","0,408648949683","0,036544242184","11,139840520375","0,074522788654","7","8","0,036544242184","0,074522788654","11,139840520375"
"window_0019","26173565","26435723","0","0,408778641969","0,038905503761","11,176266268962","0,074839403696","7","8","0,038905503761","0,074839403696","11,176266268962"
PS H:\kdna_opencl_with_inspector_krun> Remove-Item -Recurse -Force .\Origin_chr17_v06_multiscale_repeat -ErrorAction SilentlyContinue
PS H:\kdna_opencl_with_inspector_krun>
PS H:\kdna_opencl_with_inspector_krun> .\scripts\kalyx_origin_multiscale_repeat_v0_6.ps1 `
>>   -Fasta .\chr17.fa `
>>   -ContextRoot .\Origin_chr17_v05_multiscale_context `
>>   -OutRoot .\Origin_chr17_v06_multiscale_repeat `
>>   -KValues 8,12,16,20 `
>>   -Top 10 `
>>   -Strict
=== KALYX-ORIGIN v0.6: raw FASTA k-mer/repeat context ===
fasta=.\chr17.fa context=H:\kdna_opencl_with_inspector_krun\Origin_chr17_v05_multiscale_context\w1048576\kalyx_origin_v0_5_fasta_context.csv top=10 k=8,12,16,20
kalyx_repeat_context v0.6: label=window_0017_k8 base=[24338212,25386802] len=1048591 k=8 unique_kmers=9697 entropy=10.385000889 top32=0.109461903 N=0.000000000 GC=0.409122337 homo=7 dinuc=8
kalyx_repeat_context v0.6: label=window_0016_k8 base=[23289636,24338226] len=1048591 k=8 unique_kmers=9752 entropy=10.393992897 top32=0.109077575 N=0.000000000 GC=0.408922068 homo=8 dinuc=8
kalyx_repeat_context v0.6: label=window_0018_k8 base=[25386788,26435723] len=1048936 k=8 unique_kmers=12752 entropy=10.477706335 top32=0.108714601 N=0.000286004 GC=0.408732868 homo=100 dinuc=16
kalyx_repeat_context v0.6: label=window_0015_k8 base=[22190930,23289650] len=1098721 k=8 unique_kmers=56699 entropy=13.843608794 top32=0.048050734 N=0.045598473 GC=0.414116254 homo=50000 dinuc=50
kalyx_repeat_context v0.6: label=window_0019_k8 base=[26435709,27538834] len=1103126 k=8 unique_kmers=58934 entropy=14.498533314 top32=0.045620375 N=0.049205621 GC=0.415948576 homo=50000 dinuc=46
kalyx_repeat_context v0.6: label=window_0014_k8 base=[21073081,22190944] len=1117864 k=8 unique_kmers=61574 entropy=14.922531417 top32=0.052235276 N=0.061875148 GC=0.451788698 homo=50000 dinuc=60
kalyx_repeat_context v0.6: label=window_0021_k8 base=[28587396,29635986] len=1048591 k=8 unique_kmers=62064 entropy=15.052620351 top32=0.020440899 N=0.000000000 GC=0.477054447 homo=40 dinuc=54
kalyx_repeat_context v0.6: label=window_0020_k8 base=[27538820,28587410] len=1048591 k=8 unique_kmers=61486 entropy=15.252464703 top32=0.011965660 N=0.000000000 GC=0.461003385 homo=35 dinuc=50
kalyx_repeat_context v0.6: label=window_0031_k8 base=[39073156,40121746] len=1048591 k=8 unique_kmers=61972 entropy=15.014115567 top32=0.021919083 N=0.000000000 GC=0.483974209 homo=42 dinuc=76
kalyx_repeat_context v0.6: label=window_0030_k8 base=[38024580,39073170] len=1048591 k=8 unique_kmers=62018 entropy=15.008023984 top32=0.021551921 N=0.000000000 GC=0.487385453 homo=49 dinuc=48
kalyx_repeat_context v0.6: label=window_0017_k12 base=[24338212,25386802] len=1048591 k=12 unique_kmers=19485 entropy=11.125894596 top32=0.075117778 N=0.000000000 GC=0.409122337 homo=7 dinuc=8
kalyx_repeat_context v0.6: label=window_0016_k12 base=[23289636,24338226] len=1048591 k=12 unique_kmers=19786 entropy=11.142374923 top32=0.074837399 N=0.000000000 GC=0.408922068 homo=8 dinuc=8
kalyx_repeat_context v0.6: label=window_0018_k12 base=[25386788,26435723] len=1048936 k=12 unique_kmers=26222 entropy=11.271453506 top32=0.074381647 N=0.000286004 GC=0.408732868 homo=100 dinuc=16
kalyx_repeat_context v0.6: label=window_0015_k12 base=[22190930,23289650] len=1098721 k=12 unique_kmers=444340 entropy=16.144429745 top32=0.029134417 N=0.045598473 GC=0.414116254 homo=50000 dinuc=50
kalyx_repeat_context v0.6: label=window_0019_k12 base=[26435709,27538834] len=1103126 k=12 unique_kmers=585231 entropy=17.688777937 top32=0.024668907 N=0.049205621 GC=0.415948576 homo=50000 dinuc=46
kalyx_repeat_context v0.6: label=window_0014_k12 base=[21073081,22190944] len=1117864 k=12 unique_kmers=763431 entropy=18.816617330 top32=0.024803358 N=0.061875148 GC=0.451788698 homo=50000 dinuc=60
kalyx_repeat_context v0.6: label=window_0021_k12 base=[28587396,29635986] len=1048591 k=12 unique_kmers=786402 entropy=18.876391648 top32=0.011232333 N=0.000000000 GC=0.477054447 homo=40 dinuc=54
kalyx_repeat_context v0.6: label=window_0020_k12 base=[27538820,28587410] len=1048591 k=12 unique_kmers=857266 entropy=19.378265725 top32=0.005933739 N=0.000000000 GC=0.461003385 homo=35 dinuc=50
kalyx_repeat_context v0.6: label=window_0031_k12 base=[39073156,40121746] len=1048591 k=12 unique_kmers=778258 entropy=18.835489087 top32=0.012042953 N=0.000000000 GC=0.483974209 homo=42 dinuc=76
kalyx_repeat_context v0.6: label=window_0030_k12 base=[38024580,39073170] len=1048591 k=12 unique_kmers=742201 entropy=18.746202277 top32=0.011720613 N=0.000000000 GC=0.487385453 homo=49 dinuc=48
kalyx_repeat_context v0.6: label=window_0017_k16 base=[24338212,25386802] len=1048591 k=16 unique_kmers=27975 entropy=11.582001546 top32=0.055403709 N=0.000000000 GC=0.409122337 homo=7 dinuc=8
kalyx_repeat_context v0.6: label=window_0016_k16 base=[23289636,24338226] len=1048591 k=16 unique_kmers=28511 entropy=11.602571225 top32=0.054697037 N=0.000000000 GC=0.408922068 homo=8 dinuc=8
kalyx_repeat_context v0.6: label=window_0018_k16 base=[25386788,26435723] len=1048936 k=16 unique_kmers=37464 entropy=11.771883457 top32=0.054010391 N=0.000286004 GC=0.408732868 homo=100 dinuc=16
kalyx_repeat_context v0.6: label=window_0015_k16 base=[22190930,23289650] len=1098721 k=16 unique_kmers=503137 entropy=16.584377976 top32=0.019150734 N=0.045598473 GC=0.414116254 homo=50000 dinuc=50
kalyx_repeat_context v0.6: label=window_0019_k16 base=[26435709,27538834] len=1103126 k=16 unique_kmers=687359 entropy=18.298951397 top32=0.013648033 N=0.049205621 GC=0.415948576 homo=50000 dinuc=46
kalyx_repeat_context v0.6: label=window_0014_k16 base=[21073081,22190944] len=1117864 k=16 unique_kmers=874554 entropy=19.339819976 top32=0.011155128 N=0.061875148 GC=0.451788698 homo=50000 dinuc=60
kalyx_repeat_context v0.6: label=window_0021_k16 base=[28587396,29635986] len=1048591 k=16 unique_kmers=898739 entropy=19.362257716 top32=0.007052422 N=0.000000000 GC=0.477054447 homo=40 dinuc=54
kalyx_repeat_context v0.6: label=window_0020_k16 base=[27538820,28587410] len=1048591 k=16 unique_kmers=961756 entropy=19.708393351 top32=0.003613472 N=0.000000000 GC=0.461003385 homo=35 dinuc=50
kalyx_repeat_context v0.6: label=window_0031_k16 base=[39073156,40121746] len=1048591 k=16 unique_kmers=894445 entropy=19.339081774 top32=0.007328033 N=0.000000000 GC=0.483974209 homo=42 dinuc=76
kalyx_repeat_context v0.6: label=window_0030_k16 base=[38024580,39073170] len=1048591 k=16 unique_kmers=851936 entropy=19.241480812 top32=0.007297516 N=0.000000000 GC=0.487385453 homo=49 dinuc=48
kalyx_repeat_context v0.6: label=window_0017_k20 base=[24338212,25386802] len=1048591 k=20 unique_kmers=36299 entropy=11.903515638 top32=0.038454202 N=0.000000000 GC=0.409122337 homo=7 dinuc=8
kalyx_repeat_context v0.6: label=window_0016_k20 base=[23289636,24338226] len=1048591 k=20 unique_kmers=36915 entropy=11.926342674 top32=0.038038399 N=0.000000000 GC=0.408922068 homo=8 dinuc=8
kalyx_repeat_context v0.6: label=window_0018_k20 base=[25386788,26435723] len=1048936 k=20 unique_kmers=48399 entropy=12.132940423 top32=0.037917716 N=0.000286004 GC=0.408732868 homo=100 dinuc=16
kalyx_repeat_context v0.6: label=window_0015_k20 base=[22190930,23289650] len=1098721 k=20 unique_kmers=532011 entropy=16.848084914 top32=0.012896685 N=0.045598473 GC=0.414116254 homo=50000 dinuc=50
kalyx_repeat_context v0.6: label=window_0019_k20 base=[26435709,27538834] len=1103126 k=20 unique_kmers=744107 entropy=18.641457596 top32=0.008127771 N=0.049205621 GC=0.415948576 homo=50000 dinuc=46
kalyx_repeat_context v0.6: label=window_0014_k20 base=[21073081,22190944] len=1117864 k=20 unique_kmers=921079 entropy=19.590109276 top32=0.005891026 N=0.061875148 GC=0.451788698 homo=50000 dinuc=60
kalyx_repeat_context v0.6: label=window_0021_k20 base=[28587396,29635986] len=1048591 k=20 unique_kmers=944163 entropy=19.600555289 top32=0.004723567 N=0.000000000 GC=0.477054447 homo=40 dinuc=54
kalyx_repeat_context v0.6: label=window_0020_k20 base=[27538820,28587410] len=1048591 k=20 unique_kmers=989557 entropy=19.822539321 top32=0.002419481 N=0.000000000 GC=0.461003385 homo=35 dinuc=50
kalyx_repeat_context v0.6: label=window_0031_k20 base=[39073156,40121746] len=1048591 k=20 unique_kmers=941205 entropy=19.585667285 top32=0.004889507 N=0.000000000 GC=0.483974209 homo=42 dinuc=76
kalyx_repeat_context v0.6: label=window_0030_k20 base=[38024580,39073170] len=1048591 k=20 unique_kmers=896821 entropy=19.488289029 top32=0.005041142 N=0.000000000 GC=0.487385453 homo=49 dinuc=48
KALYX-ORIGIN v0.6 repeat context complete:
  .\Origin_chr17_v06_multiscale_repeat\w1048576\kalyx_origin_v0_6_repeat_context.csv
  .\Origin_chr17_v06_multiscale_repeat\w1048576\kalyx_origin_v0_6_repeat_summary.csv
  .\Origin_chr17_v06_multiscale_repeat\w1048576\KALYX_ORIGIN_V0_6_REPEAT_REPORT.md
=== KALYX-ORIGIN v0.6: raw FASTA k-mer/repeat context ===
fasta=.\chr17.fa context=H:\kdna_opencl_with_inspector_krun\Origin_chr17_v05_multiscale_context\w131072\kalyx_origin_v0_5_fasta_context.csv top=10 k=8,12,16,20
kalyx_repeat_context v0.6: label=window_0006_k8 base=[21877816,22059635] len=181820 k=8 unique_kmers=19608 entropy=10.336849055 top32=0.322769846 N=0.278698713 GC=0.400542902 homo=50000 dinuc=46
kalyx_repeat_context v0.6: label=window_0017_k8 base=[23420708,23551794] len=131087 k=8 unique_kmers=3439 entropy=10.319516328 top32=0.109147086 N=0.000000000 GC=0.409232037 homo=7 dinuc=8
kalyx_repeat_context v0.6: label=window_0025_k8 base=[24469284,24600370] len=131087 k=8 unique_kmers=3769 entropy=10.344076725 top32=0.109681111 N=0.000000000 GC=0.408865868 homo=6 dinuc=8
kalyx_repeat_context v0.6: label=window_0028_k8 base=[24862500,24993586] len=131087 k=8 unique_kmers=3738 entropy=10.334026072 top32=0.110016784 N=0.000000000 GC=0.409392236 homo=6 dinuc=8
kalyx_repeat_context v0.6: label=window_0019_k8 base=[23682852,23813938] len=131087 k=8 unique_kmers=3700 entropy=10.322482450 top32=0.109246262 N=0.000000000 GC=0.409384607 homo=8 dinuc=8
kalyx_repeat_context v0.6: label=window_0023_k8 base=[24207140,24338226] len=131087 k=8 unique_kmers=3725 entropy=10.350681890 top32=0.109665853 N=0.000000000 GC=0.408835354 homo=8 dinuc=8
kalyx_repeat_context v0.6: label=window_0029_k8 base=[24993572,25124658] len=131087 k=8 unique_kmers=3792 entropy=10.354013726 top32=0.109520903 N=0.000000000 GC=0.409163380 homo=5 dinuc=8
kalyx_repeat_context v0.6: label=window_0026_k8 base=[24600356,24731442] len=131087 k=8 unique_kmers=3723 entropy=10.347964877 top32=0.109147086 N=0.000000000 GC=0.409026067 homo=7 dinuc=8
kalyx_repeat_context v0.6: label=window_0027_k8 base=[24731428,24862514] len=131087 k=8 unique_kmers=3853 entropy=10.351590245 top32=0.109665853 N=0.000000000 GC=0.409117609 homo=6 dinuc=8
kalyx_repeat_context v0.6: label=window_0024_k8 base=[24338212,24469298] len=131087 k=8 unique_kmers=3926 entropy=10.347773611 top32=0.109276778 N=0.000000000 GC=0.409453264 homo=6 dinuc=8
kalyx_repeat_context v0.6: label=window_0006_k12 base=[21877816,22059635] len=181820 k=12 unique_kmers=42999 entropy=12.822720516 top32=0.158072194 N=0.278698713 GC=0.400542902 homo=50000 dinuc=46
kalyx_repeat_context v0.6: label=window_0017_k12 base=[23420708,23551794] len=131087 k=12 unique_kmers=5501 entropy=11.008906821 top32=0.075162501 N=0.000000000 GC=0.409232037 homo=7 dinuc=8
kalyx_repeat_context v0.6: label=window_0025_k12 base=[24469284,24600370] len=131087 k=12 unique_kmers=6126 entropy=11.050784841 top32=0.075879642 N=0.000000000 GC=0.408865868 homo=6 dinuc=8
kalyx_repeat_context v0.6: label=window_0028_k12 base=[24862500,24993586] len=131087 k=12 unique_kmers=6032 entropy=11.033638295 top32=0.076154292 N=0.000000000 GC=0.409392236 homo=6 dinuc=8
kalyx_repeat_context v0.6: label=window_0019_k12 base=[23682852,23813938] len=131087 k=12 unique_kmers=6027 entropy=11.020276063 top32=0.075009918 N=0.000000000 GC=0.409384607 homo=8 dinuc=8
kalyx_repeat_context v0.6: label=window_0023_k12 base=[24207140,24338226] len=131087 k=12 unique_kmers=6020 entropy=11.063839392 top32=0.075673655 N=0.000000000 GC=0.408835354 homo=8 dinuc=8
kalyx_repeat_context v0.6: label=window_0029_k12 base=[24993572,25124658] len=131087 k=12 unique_kmers=6075 entropy=11.066221201 top32=0.075284568 N=0.000000000 GC=0.409163380 homo=5 dinuc=8
kalyx_repeat_context v0.6: label=window_0026_k12 base=[24600356,24731442] len=131087 k=12 unique_kmers=5906 entropy=11.048835403 top32=0.075086210 N=0.000000000 GC=0.409026067 homo=7 dinuc=8
kalyx_repeat_context v0.6: label=window_0027_k12 base=[24731428,24862514] len=131087 k=12 unique_kmers=6203 entropy=11.061305861 top32=0.075162501 N=0.000000000 GC=0.409117609 homo=6 dinuc=8
kalyx_repeat_context v0.6: label=window_0024_k12 base=[24338212,24469298] len=131087 k=12 unique_kmers=6382 entropy=11.055490204 top32=0.075139614 N=0.000000000 GC=0.409453264 homo=6 dinuc=8
kalyx_repeat_context v0.6: label=window_0006_k16 base=[21877816,22059635] len=181820 k=16 unique_kmers=65494 entropy=14.524827082 top32=0.072273254 N=0.278698713 GC=0.400542902 homo=50000 dinuc=46
kalyx_repeat_context v0.6: label=window_0017_k16 base=[23420708,23551794] len=131087 k=16 unique_kmers=7193 entropy=11.416575839 top32=0.055671692 N=0.000000000 GC=0.409232037 homo=7 dinuc=8
kalyx_repeat_context v0.6: label=window_0025_k16 base=[24469284,24600370] len=131087 k=16 unique_kmers=8084 entropy=11.480493055 top32=0.056488037 N=0.000000000 GC=0.408865868 homo=6 dinuc=8
kalyx_repeat_context v0.6: label=window_0028_k16 base=[24862500,24993586] len=131087 k=16 unique_kmers=7940 entropy=11.452466778 top32=0.056686401 N=0.000000000 GC=0.409392236 homo=6 dinuc=8
kalyx_repeat_context v0.6: label=window_0019_k16 base=[23682852,23813938] len=131087 k=16 unique_kmers=7940 entropy=11.435689405 top32=0.055679321 N=0.000000000 GC=0.409384607 homo=8 dinuc=8
kalyx_repeat_context v0.6: label=window_0023_k16 base=[24207140,24338226] len=131087 k=16 unique_kmers=7939 entropy=11.494623219 top32=0.054870605 N=0.000000000 GC=0.408835354 homo=8 dinuc=8
kalyx_repeat_context v0.6: label=window_0029_k16 base=[24993572,25124658] len=131087 k=16 unique_kmers=8003 entropy=11.497593781 top32=0.055397034 N=0.000000000 GC=0.409163380 homo=5 dinuc=8
kalyx_repeat_context v0.6: label=window_0026_k16 base=[24600356,24731442] len=131087 k=16 unique_kmers=7726 entropy=11.470363252 top32=0.054779053 N=0.000000000 GC=0.409026067 homo=7 dinuc=8
kalyx_repeat_context v0.6: label=window_0027_k16 base=[24731428,24862514] len=131087 k=16 unique_kmers=8179 entropy=11.488409744 top32=0.054695129 N=0.000000000 GC=0.409117609 homo=6 dinuc=8
kalyx_repeat_context v0.6: label=window_0024_k16 base=[24338212,24469298] len=131087 k=16 unique_kmers=8419 entropy=11.481395617 top32=0.055755615 N=0.000000000 GC=0.409453264 homo=6 dinuc=8
kalyx_repeat_context v0.6: label=window_0006_k20 base=[21877816,22059635] len=181820 k=20 unique_kmers=86076 entropy=15.580075418 top32=0.038885328 N=0.278698713 GC=0.400542902 homo=50000 dinuc=46
kalyx_repeat_context v0.6: label=window_0017_k20 base=[23420708,23551794] len=131087 k=20 unique_kmers=8766 entropy=11.692358895 top32=0.038850063 N=0.000000000 GC=0.409232037 homo=7 dinuc=8
kalyx_repeat_context v0.6: label=window_0025_k20 base=[24469284,24600370] len=131087 k=20 unique_kmers=9913 entropy=11.777040537 top32=0.039666433 N=0.000000000 GC=0.408865868 homo=6 dinuc=8
kalyx_repeat_context v0.6: label=window_0028_k20 base=[24862500,24993586] len=131087 k=20 unique_kmers=9701 entropy=11.738652220 top32=0.039590136 N=0.000000000 GC=0.409392236 homo=6 dinuc=8
kalyx_repeat_context v0.6: label=window_0019_k20 base=[23682852,23813938] len=131087 k=20 unique_kmers=9712 entropy=11.718865823 top32=0.038819544 N=0.000000000 GC=0.409384607 homo=8 dinuc=8
kalyx_repeat_context v0.6: label=window_0023_k20 base=[24207140,24338226] len=131087 k=20 unique_kmers=9686 entropy=11.789103439 top32=0.038300729 N=0.000000000 GC=0.408835354 homo=8 dinuc=8
kalyx_repeat_context v0.6: label=window_0029_k20 base=[24993572,25124658] len=131087 k=20 unique_kmers=9821 entropy=11.794123498 top32=0.038872951 N=0.000000000 GC=0.409163380 homo=5 dinuc=8
kalyx_repeat_context v0.6: label=window_0026_k20 base=[24600356,24731442] len=131087 k=20 unique_kmers=9424 entropy=11.758471727 top32=0.037598804 N=0.000000000 GC=0.409026067 homo=7 dinuc=8
kalyx_repeat_context v0.6: label=window_0027_k20 base=[24731428,24862514] len=131087 k=20 unique_kmers=9984 entropy=11.782003270 top32=0.037568285 N=0.000000000 GC=0.409117609 homo=6 dinuc=8
kalyx_repeat_context v0.6: label=window_0024_k20 base=[24338212,24469298] len=131087 k=20 unique_kmers=10295 entropy=11.772567863 top32=0.038773766 N=0.000000000 GC=0.409453264 homo=6 dinuc=8
KALYX-ORIGIN v0.6 repeat context complete:
  .\Origin_chr17_v06_multiscale_repeat\w131072\kalyx_origin_v0_6_repeat_context.csv
  .\Origin_chr17_v06_multiscale_repeat\w131072\kalyx_origin_v0_6_repeat_summary.csv
  .\Origin_chr17_v06_multiscale_repeat\w131072\KALYX_ORIGIN_V0_6_REPEAT_REPORT.md
=== KALYX-ORIGIN v0.6: raw FASTA k-mer/repeat context ===
fasta=.\chr17.fa context=H:\kdna_opencl_with_inspector_krun\Origin_chr17_v05_multiscale_context\w262144\kalyx_origin_v0_5_fasta_context.csv top=10 k=8,12,16,20
kalyx_repeat_context v0.6: label=window_0022_k8 base=[24862500,25124658] len=262159 k=8 unique_kmers=5116 entropy=10.358125100 top32=0.109714975 N=0.000000000 GC=0.409274524 homo=6 dinuc=8
kalyx_repeat_context v0.6: label=window_0020_k8 base=[24338212,24600370] len=262159 k=8 unique_kmers=5283 entropy=10.360693688 top32=0.109409808 N=0.000000000 GC=0.409160090 homo=6 dinuc=8
kalyx_repeat_context v0.6: label=window_0021_k8 base=[24600356,24862514] len=262159 k=8 unique_kmers=5190 entropy=10.363713612 top32=0.109409808 N=0.000000000 GC=0.409079986 homo=7 dinuc=8
kalyx_repeat_context v0.6: label=window_0019_k8 base=[24076068,24338226] len=262159 k=8 unique_kmers=5154 entropy=10.375620900 top32=0.109138973 N=0.000000000 GC=0.408858746 homo=8 dinuc=8
kalyx_repeat_context v0.6: label=window_0017_k8 base=[23551780,23813938] len=262159 k=8 unique_kmers=5252 entropy=10.357866323 top32=0.109131344 N=0.000000000 GC=0.409217307 homo=8 dinuc=8
kalyx_repeat_context v0.6: label=window_0016_k8 base=[23289636,23551794] len=262159 k=8 unique_kmers=5271 entropy=10.369264368 top32=0.109184748 N=0.000000000 GC=0.408957922 homo=7 dinuc=8
kalyx_repeat_context v0.6: label=window_0023_k8 base=[25124644,25386802] len=262159 k=8 unique_kmers=5497 entropy=10.383554825 top32=0.109367848 N=0.000000000 GC=0.408976995 homo=6 dinuc=8
kalyx_repeat_context v0.6: label=window_0018_k8 base=[23813924,24076082] len=262159 k=8 unique_kmers=5514 entropy=10.399113790 top32=0.109112271 N=0.000000000 GC=0.408648950 homo=7 dinuc=8
kalyx_repeat_context v0.6: label=window_0027_k8 base=[26173565,26435723] len=262159 k=8 unique_kmers=5809 entropy=10.424071567 top32=0.108871952 N=0.000000000 GC=0.408778642 homo=7 dinuc=8
kalyx_repeat_context v0.6: label=window_0024_k8 base=[25386788,25648946] len=262159 k=8 unique_kmers=5932 entropy=10.422780632 top32=0.108559157 N=0.000000000 GC=0.408709981 homo=7 dinuc=8
kalyx_repeat_context v0.6: label=window_0022_k12 base=[24862500,25124658] len=262159 k=12 unique_kmers=8733 entropy=11.076140220 top32=0.075651922 N=0.000000000 GC=0.409274524 homo=6 dinuc=8
kalyx_repeat_context v0.6: label=window_0020_k12 base=[24338212,24600370] len=262159 k=12 unique_kmers=9144 entropy=11.080902490 top32=0.075426858 N=0.000000000 GC=0.409160090 homo=6 dinuc=8
kalyx_repeat_context v0.6: label=window_0021_k12 base=[24600356,24862514] len=262159 k=12 unique_kmers=8839 entropy=11.081224444 top32=0.075106428 N=0.000000000 GC=0.409079986 homo=7 dinuc=8
kalyx_repeat_context v0.6: label=window_0019_k12 base=[24076068,24338226] len=262159 k=12 unique_kmers=8898 entropy=11.105513849 top32=0.075136946 N=0.000000000 GC=0.408858746 homo=8 dinuc=8
kalyx_repeat_context v0.6: label=window_0017_k12 base=[23551780,23813938] len=262159 k=12 unique_kmers=9098 entropy=11.077512560 top32=0.074785999 N=0.000000000 GC=0.409217307 homo=8 dinuc=8
kalyx_repeat_context v0.6: label=window_0016_k12 base=[23289636,23551794] len=262159 k=12 unique_kmers=9104 entropy=11.092464354 top32=0.074946214 N=0.000000000 GC=0.408957922 homo=7 dinuc=8
kalyx_repeat_context v0.6: label=window_0023_k12 base=[25124644,25386802] len=262159 k=12 unique_kmers=9485 entropy=11.113524393 top32=0.074892809 N=0.000000000 GC=0.408976995 homo=6 dinuc=8
kalyx_repeat_context v0.6: label=window_0018_k12 base=[23813924,24076082] len=262159 k=12 unique_kmers=9580 entropy=11.139840520 top32=0.074522789 N=0.000000000 GC=0.408648950 homo=7 dinuc=8
kalyx_repeat_context v0.6: label=window_0027_k12 base=[26173565,26435723] len=262159 k=12 unique_kmers=10199 entropy=11.176266269 top32=0.074839404 N=0.000000000 GC=0.408778642 homo=7 dinuc=8
kalyx_repeat_context v0.6: label=window_0024_k12 base=[25386788,25648946] len=262159 k=12 unique_kmers=10594 entropy=11.177557047 top32=0.074053588 N=0.000000000 GC=0.408709981 homo=7 dinuc=8
kalyx_repeat_context v0.6: label=window_0022_k16 base=[24862500,25124658] len=262159 k=16 unique_kmers=11831 entropy=11.511970030 top32=0.056030273 N=0.000000000 GC=0.409274524 homo=6 dinuc=8
kalyx_repeat_context v0.6: label=window_0020_k16 base=[24338212,24600370] len=262159 k=16 unique_kmers=12373 entropy=11.519766083 top32=0.056118011 N=0.000000000 GC=0.409160090 homo=6 dinuc=8
kalyx_repeat_context v0.6: label=window_0021_k16 base=[24600356,24862514] len=262159 k=16 unique_kmers=11941 entropy=11.516333096 top32=0.054725647 N=0.000000000 GC=0.409079986 homo=7 dinuc=8
kalyx_repeat_context v0.6: label=window_0019_k16 base=[24076068,24338226] len=262159 k=16 unique_kmers=12079 entropy=11.551075893 top32=0.054737091 N=0.000000000 GC=0.408858746 homo=8 dinuc=8
kalyx_repeat_context v0.6: label=window_0017_k16 base=[23551780,23813938] len=262159 k=16 unique_kmers=12314 entropy=11.511218630 top32=0.054992676 N=0.000000000 GC=0.409217307 homo=8 dinuc=8
kalyx_repeat_context v0.6: label=window_0016_k16 base=[23289636,23551794] len=262159 k=16 unique_kmers=12303 entropy=11.529564401 top32=0.055217743 N=0.000000000 GC=0.408957922 homo=7 dinuc=8
kalyx_repeat_context v0.6: label=window_0023_k16 base=[25124644,25386802] len=262159 k=16 unique_kmers=12925 entropy=11.559568489 top32=0.054817200 N=0.000000000 GC=0.408976995 homo=6 dinuc=8
kalyx_repeat_context v0.6: label=window_0018_k16 base=[23813924,24076082] len=262159 k=16 unique_kmers=13074 entropy=11.594149241 top32=0.053874969 N=0.000000000 GC=0.408648950 homo=7 dinuc=8
kalyx_repeat_context v0.6: label=window_0027_k16 base=[26173565,26435723] len=262159 k=16 unique_kmers=13924 entropy=11.643918933 top32=0.054649353 N=0.000000000 GC=0.408778642 homo=7 dinuc=8
kalyx_repeat_context v0.6: label=window_0024_k16 base=[25386788,25648946] len=262159 k=16 unique_kmers=14461 entropy=11.643138716 top32=0.053775787 N=0.000000000 GC=0.408709981 homo=7 dinuc=8
kalyx_repeat_context v0.6: label=window_0022_k20 base=[24862500,25124658] len=262159 k=20 unique_kmers=14770 entropy=11.813668194 top32=0.039177539 N=0.000000000 GC=0.409274524 homo=6 dinuc=8
kalyx_repeat_context v0.6: label=window_0020_k20 base=[24338212,24600370] len=262159 k=20 unique_kmers=15442 entropy=11.824518795 top32=0.039154650 N=0.000000000 GC=0.409160090 homo=6 dinuc=8
kalyx_repeat_context v0.6: label=window_0021_k20 base=[24600356,24862514] len=262159 k=20 unique_kmers=14862 entropy=11.817685739 top32=0.037582971 N=0.000000000 GC=0.409079986 homo=7 dinuc=8
kalyx_repeat_context v0.6: label=window_0019_k20 base=[24076068,24338226] len=262159 k=20 unique_kmers=15098 entropy=11.860888953 top32=0.038071260 N=0.000000000 GC=0.408858746 homo=8 dinuc=8
kalyx_repeat_context v0.6: label=window_0017_k20 base=[23551780,23813938] len=262159 k=20 unique_kmers=15372 entropy=11.810580037 top32=0.038197147 N=0.000000000 GC=0.409217307 homo=8 dinuc=8
kalyx_repeat_context v0.6: label=window_0016_k20 base=[23289636,23551794] len=262159 k=20 unique_kmers=15293 entropy=11.831500749 top32=0.038548104 N=0.000000000 GC=0.408957922 homo=7 dinuc=8
kalyx_repeat_context v0.6: label=window_0023_k20 base=[25124644,25386802] len=262159 k=20 unique_kmers=16184 entropy=11.869928438 top32=0.037972076 N=0.000000000 GC=0.408976995 homo=6 dinuc=8
kalyx_repeat_context v0.6: label=window_0018_k20 base=[23813924,24076082] len=262159 k=20 unique_kmers=16344 entropy=11.910382437 top32=0.037369345 N=0.000000000 GC=0.408648950 homo=7 dinuc=8
kalyx_repeat_context v0.6: label=window_0027_k20 base=[26173565,26435723] len=262159 k=20 unique_kmers=17380 entropy=11.970675855 top32=0.038860914 N=0.000000000 GC=0.408778642 homo=7 dinuc=8
kalyx_repeat_context v0.6: label=window_0024_k20 base=[25386788,25648946] len=262159 k=20 unique_kmers=18110 entropy=11.970587081 top32=0.037590600 N=0.000000000 GC=0.408709981 homo=7 dinuc=8
KALYX-ORIGIN v0.6 repeat context complete:
  .\Origin_chr17_v06_multiscale_repeat\w262144\kalyx_origin_v0_6_repeat_context.csv
  .\Origin_chr17_v06_multiscale_repeat\w262144\kalyx_origin_v0_6_repeat_summary.csv
  .\Origin_chr17_v06_multiscale_repeat\w262144\KALYX_ORIGIN_V0_6_REPEAT_REPORT.md
=== KALYX-ORIGIN v0.6: raw FASTA k-mer/repeat context ===
fasta=.\chr17.fa context=H:\kdna_opencl_with_inspector_krun\Origin_chr17_v05_multiscale_context\w524288\kalyx_origin_v0_5_fasta_context.csv top=10 k=8,12,16,20
kalyx_repeat_context v0.6: label=window_0018_k8 base=[24338212,24862514] len=524303 k=8 unique_kmers=7198 entropy=10.372960658 top32=0.109390497 N=0.000000000 GC=0.409116484 homo=7 dinuc=8
kalyx_repeat_context v0.6: label=window_0019_k8 base=[24862500,25386802] len=524303 k=8 unique_kmers=7318 entropy=10.382141259 top32=0.109535453 N=0.000000000 GC=0.409126021 homo=6 dinuc=8
kalyx_repeat_context v0.6: label=window_0016_k8 base=[23289636,23813938] len=524303 k=8 unique_kmers=7186 entropy=10.373746200 top32=0.109106306 N=0.000000000 GC=0.409087875 homo=8 dinuc=8
kalyx_repeat_context v0.6: label=window_0017_k8 base=[23813924,24338226] len=524303 k=8 unique_kmers=7289 entropy=10.397513821 top32=0.109127287 N=0.000000000 GC=0.408756006 homo=8 dinuc=8
kalyx_repeat_context v0.6: label=window_0021_k8 base=[25911306,26435723] len=524418 k=8 unique_kmers=9101 entropy=10.458930730 top32=0.108906283 N=0.000190688 GC=0.408938850 homo=100 dinuc=8
kalyx_repeat_context v0.6: label=window_0020_k8 base=[25386788,25911320] len=524533 k=8 unique_kmers=9389 entropy=10.472985584 top32=0.108555593 N=0.000381292 GC=0.408528550 homo=100 dinuc=16
kalyx_repeat_context v0.6: label=window_0015_k8 base=[22715218,23289650] len=574433 k=8 unique_kmers=20042 entropy=11.110547767 top32=0.095382139 N=0.087216438 GC=0.408396954 homo=50000 dinuc=10
kalyx_repeat_context v0.6: label=window_0022_k8 base=[26435709,27014546] len=578838 k=8 unique_kmers=45921 entropy=13.079717975 top32=0.089864844 N=0.093774078 GC=0.396484278 homo=50000 dinuc=42
kalyx_repeat_context v0.6: label=window_0013_k8 base=[21597369,22190944] len=593576 k=8 unique_kmers=55273 entropy=14.282205534 top32=0.100585103 N=0.116527622 GC=0.416172141 homo=50000 dinuc=44
kalyx_repeat_context v0.6: label=window_0024_k8 base=[27538820,28063122] len=524303 k=8 unique_kmers=56692 entropy=15.227067280 top32=0.010269008 N=0.000000000 GC=0.464258263 homo=35 dinuc=46
kalyx_repeat_context v0.6: label=window_0018_k12 base=[24338212,24862514] len=524303 k=12 unique_kmers=13307 entropy=11.102613886 top32=0.075131797 N=0.000000000 GC=0.409116484 homo=7 dinuc=8
kalyx_repeat_context v0.6: label=window_0019_k12 base=[24862500,25386802] len=524303 k=12 unique_kmers=13475 entropy=11.116972249 top32=0.075122260 N=0.000000000 GC=0.409126021 homo=6 dinuc=8
kalyx_repeat_context v0.6: label=window_0016_k12 base=[23289636,23813938] len=524303 k=12 unique_kmers=13383 entropy=11.105601651 top32=0.074855233 N=0.000000000 GC=0.409087875 homo=8 dinuc=8
kalyx_repeat_context v0.6: label=window_0017_k12 base=[23813924,24338226] len=524303 k=12 unique_kmers=13586 entropy=11.143330013 top32=0.074830438 N=0.000000000 GC=0.408756006 homo=8 dinuc=8
kalyx_repeat_context v0.6: label=window_0021_k12 base=[25911306,26435723] len=524418 k=12 unique_kmers=17009 entropy=11.234701076 top32=0.074721150 N=0.000190688 GC=0.408938850 homo=100 dinuc=8
kalyx_repeat_context v0.6: label=window_0020_k12 base=[25386788,25911320] len=524533 k=12 unique_kmers=17991 entropy=11.258488033 top32=0.074079725 N=0.000381292 GC=0.408528550 homo=100 dinuc=16
kalyx_repeat_context v0.6: label=window_0015_k12 base=[22715218,23289650] len=574433 k=12 unique_kmers=40460 entropy=12.104076309 top32=0.058266260 N=0.087216438 GC=0.408396954 homo=50000 dinuc=10
kalyx_repeat_context v0.6: label=window_0022_k12 base=[26435709,27014546] len=578838 k=12 unique_kmers=177314 entropy=15.118474206 top32=0.049267679 N=0.093774078 GC=0.396484278 homo=50000 dinuc=42
kalyx_repeat_context v0.6: label=window_0013_k12 base=[21597369,22190944] len=593576 k=12 unique_kmers=371243 entropy=17.410387653 top32=0.048403647 N=0.116527622 GC=0.416172141 homo=50000 dinuc=44
kalyx_repeat_context v0.6: label=window_0024_k12 base=[27538820,28063122] len=524303 k=12 unique_kmers=453475 entropy=18.601625817 top32=0.004791223 N=0.000000000 GC=0.464258263 homo=35 dinuc=46
kalyx_repeat_context v0.6: label=window_0018_k16 base=[24338212,24862514] len=524303 k=16 unique_kmers=18548 entropy=11.549142511 top32=0.055398941 N=0.000000000 GC=0.409116484 homo=7 dinuc=8
kalyx_repeat_context v0.6: label=window_0019_k16 base=[24862500,25386802] len=524303 k=16 unique_kmers=18788 entropy=11.567319569 top32=0.055416107 N=0.000000000 GC=0.409126021 homo=6 dinuc=8
kalyx_repeat_context v0.6: label=window_0016_k16 base=[23289636,23813938] len=524303 k=16 unique_kmers=18601 entropy=11.549991651 top32=0.055105209 N=0.000000000 GC=0.409087875 homo=8 dinuc=8
kalyx_repeat_context v0.6: label=window_0017_k16 base=[23813924,24338226] len=524303 k=16 unique_kmers=19027 entropy=11.602342626 top32=0.054306030 N=0.000000000 GC=0.408756006 homo=8 dinuc=8
kalyx_repeat_context v0.6: label=window_0021_k16 base=[25911306,26435723] len=524418 k=16 unique_kmers=23637 entropy=11.721276120 top32=0.054548264 N=0.000190688 GC=0.408938850 homo=100 dinuc=8
kalyx_repeat_context v0.6: label=window_0020_k16 base=[25386788,25911320] len=524533 k=16 unique_kmers=25052 entropy=11.750132024 top32=0.053472519 N=0.000381292 GC=0.408528550 homo=100 dinuc=16
kalyx_repeat_context v0.6: label=window_0015_k16 base=[22715218,23289650] len=574433 k=16 unique_kmers=52903 entropy=12.668858129 top32=0.038301468 N=0.087216438 GC=0.408396954 homo=50000 dinuc=10
kalyx_repeat_context v0.6: label=window_0022_k16 base=[26435709,27014546] len=578838 k=16 unique_kmers=222914 entropy=15.961318383 top32=0.027290344 N=0.093774078 GC=0.396484278 homo=50000 dinuc=42
kalyx_repeat_context v0.6: label=window_0013_k16 base=[21597369,22190944] len=593576 k=16 unique_kmers=420993 entropy=18.077112963 top32=0.021886826 N=0.116527622 GC=0.416172141 homo=50000 dinuc=44
kalyx_repeat_context v0.6: label=window_0024_k16 base=[27538820,28063122] len=524303 k=16 unique_kmers=488378 entropy=18.806670350 top32=0.002742767 N=0.000000000 GC=0.464258263 homo=35 dinuc=46
kalyx_repeat_context v0.6: label=window_0018_k20 base=[24338212,24862514] len=524303 k=20 unique_kmers=23629 entropy=11.861702180 top32=0.038362796 N=0.000000000 GC=0.409116484 homo=7 dinuc=8
kalyx_repeat_context v0.6: label=window_0019_k20 base=[24862500,25386802] len=524303 k=20 unique_kmers=23939 entropy=11.882669669 top32=0.038563069 N=0.000000000 GC=0.409126021 homo=6 dinuc=8
kalyx_repeat_context v0.6: label=window_0016_k20 base=[23289636,23813938] len=524303 k=20 unique_kmers=23527 entropy=11.859105282 top32=0.038379962 N=0.000000000 GC=0.409087875 homo=8 dinuc=8
kalyx_repeat_context v0.6: label=window_0017_k20 base=[23813924,24338226] len=524303 k=20 unique_kmers=24193 entropy=11.924136439 top32=0.037710478 N=0.000000000 GC=0.408756006 homo=8 dinuc=8
kalyx_repeat_context v0.6: label=window_0021_k20 base=[25911306,26435723] len=524418 k=20 unique_kmers=29954 entropy=12.068687928 top32=0.038426032 N=0.000190688 GC=0.408938850 homo=100 dinuc=8
kalyx_repeat_context v0.6: label=window_0020_k20 base=[25386788,25911320] len=524533 k=20 unique_kmers=31817 entropy=12.102618105 top32=0.037445925 N=0.000381292 GC=0.408528550 homo=100 dinuc=16
kalyx_repeat_context v0.6: label=window_0015_k20 base=[22715218,23289650] len=574433 k=20 unique_kmers=63853 entropy=13.067522870 top32=0.025793666 N=0.087216438 GC=0.408396954 homo=50000 dinuc=10
kalyx_repeat_context v0.6: label=window_0022_k20 base=[26435709,27014546] len=578838 k=20 unique_kmers=260531 entropy=16.507814853 top32=0.016256658 N=0.093774078 GC=0.396484278 homo=50000 dinuc=42
kalyx_repeat_context v0.6: label=window_0013_k20 base=[21597369,22190944] len=593576 k=20 unique_kmers=452230 entropy=18.457233203 top32=0.011627907 N=0.116527622 GC=0.416172141 homo=50000 dinuc=44
kalyx_repeat_context v0.6: label=window_0024_k20 base=[27538820,28063122] len=524303 k=20 unique_kmers=499530 entropy=18.880078794 top32=0.001771940 N=0.000000000 GC=0.464258263 homo=35 dinuc=46
KALYX-ORIGIN v0.6 repeat context complete:
  .\Origin_chr17_v06_multiscale_repeat\w524288\kalyx_origin_v0_6_repeat_context.csv
  .\Origin_chr17_v06_multiscale_repeat\w524288\kalyx_origin_v0_6_repeat_summary.csv
  .\Origin_chr17_v06_multiscale_repeat\w524288\KALYX_ORIGIN_V0_6_REPEAT_REPORT.md
KALYX-ORIGIN v0.6 multiscale repeat complete:
  .\Origin_chr17_v06_multiscale_repeat\kalyx_origin_v0_6_multiscale_repeat_summary.csv
  .\Origin_chr17_v06_multiscale_repeat\KALYX_ORIGIN_V0_6_MULTISCALE_REPEAT_SUMMARY.md
PS H:\kdna_opencl_with_inspector_krun> Get-Content .\Origin_chr17_v06_multiscale_repeat\KALYX_ORIGIN_V0_6_MULTISCALE_REPEAT_SUMMARY.md
# KALYX-ORIGIN v0.6 Multiscale Repeat / k-mer Summary

| Scale | Top label | BaseStart0 | BaseEnd0 | N-rate | GC | max top32 | min unique ratio | k16 entropy |
|---|---|---:|---:|---:|---:|---:|---:|---:|
| w1048576 | window_0017 | 24338212 | 25386802 | 0 | 0,409122336545 | 0,109461902909 | 0,009247709292 | 10,385000888709 |
| w131072 | window_0006 | 21877816 | 22059635 | 0,278698713013 | 0,400542902239 | 0,322769845628 | 0,149551528464 | 10,336849055247 |
| w262144 | window_0022 | 24862500 | 25124658 | 0 | 0,409274524239 | 0,109714974519 | 0,019515395648 | 10,358125099521 |
| w524288 | window_0019 | 24862500 | 25386802 | 0 | 0,409126020641 | 0,109535453255 | 0,013957764316 | 10,382141258772 |

## Artefacts

- `.\Origin_chr17_v06_multiscale_repeat\kalyx_origin_v0_6_multiscale_repeat_summary.csv`
- `.\Origin_chr17_v06_multiscale_repeat\w1048576\KALYX_ORIGIN_V0_6_REPEAT_REPORT.md`
- `.\Origin_chr17_v06_multiscale_repeat\w131072\KALYX_ORIGIN_V0_6_REPEAT_REPORT.md`
- `.\Origin_chr17_v06_multiscale_repeat\w262144\KALYX_ORIGIN_V0_6_REPEAT_REPORT.md`
- `.\Origin_chr17_v06_multiscale_repeat\w524288\KALYX_ORIGIN_V0_6_REPEAT_REPORT.md`
PS H:\kdna_opencl_with_inspector_krun>


PS H:\kdna_opencl_with_inspector_krun> Remove-Item -Recurse -Force .\Origin_chr17_v07_motif_zoom -ErrorAction SilentlyContinue
PS H:\kdna_opencl_with_inspector_krun>
PS H:\kdna_opencl_with_inspector_krun> .\scripts\kalyx_origin_motif_v0_7.ps1 `
>>   -Fasta .\chr17.fa `
>>   -ContextCsv .\Origin_chr17_v05_context_zoom\kalyx_origin_v0_5_fasta_context.csv `
>>   -OutDir .\Origin_chr17_v07_motif_zoom `
>>   -KValues "12,16,20" `
>>   -Top 12 `
>>   -TopKmers 64 `
>>   -PeriodMax 512 `
>>   -Strict
=== KALYX-ORIGIN v0.7: motif / period decomposition ===
fasta=.\chr17.fa context=.\Origin_chr17_v05_context_zoom\kalyx_origin_v0_5_fasta_context.csv out=.\Origin_chr17_v07_motif_zoom top=12 k=12,16,20 topKmers=64 periodMax=512
kalyx_motif_context v0.7: label=window_0014 base=[24862500,25124658] len=262158 k=12 unique=8733 entropy=11.076140783 top64=0.129671520 N=0.000000000 GC=0.409276085
kalyx_motif_context v0.7: label=window_0014 base=[24862500,25124658] len=262158 k=16 unique=11831 entropy=11.511970541 top64=0.090217934 N=0.000000000 GC=0.409276085
kalyx_motif_context v0.7: label=window_0014 base=[24862500,25124658] len=262158 k=20 unique=14770 entropy=11.813669856 top64=0.065118124 N=0.000000000 GC=0.409276085
kalyx_motif_context v0.7: label=window_0012 base=[24338212,24600370] len=262158 k=12 unique=9144 entropy=11.080910540 top64=0.130033912 N=0.000000000 GC=0.409161651
kalyx_motif_context v0.7: label=window_0012 base=[24338212,24600370] len=262158 k=16 unique=12373 entropy=11.519775657 top64=0.090710032 N=0.000000000 GC=0.409161651
kalyx_motif_context v0.7: label=window_0012 base=[24338212,24600370] len=262158 k=20 unique=15442 entropy=11.824528191 top64=0.065484342 N=0.000000000 GC=0.409161651
kalyx_motif_context v0.7: label=window_0013 base=[24600356,24862514] len=262158 k=12 unique=8839 entropy=11.081231100 top64=0.128466090 N=0.000000000 GC=0.409081546
kalyx_motif_context v0.7: label=window_0013 base=[24600356,24862514] len=262158 k=16 unique=11941 entropy=11.516333949 top64=0.089111668 N=0.000000000 GC=0.409081546
kalyx_motif_context v0.7: label=window_0013 base=[24600356,24862514] len=262158 k=20 unique=14862 entropy=11.817687689 top64=0.063187851 N=0.000000000 GC=0.409081546
kalyx_motif_context v0.7: label=window_0011 base=[24076068,24338226] len=262158 k=12 unique=8898 entropy=11.105513029 top64=0.128073180 N=0.000000000 GC=0.408860306
kalyx_motif_context v0.7: label=window_0011 base=[24076068,24338226] len=262158 k=16 unique=12079 entropy=11.551076772 top64=0.089241368 N=0.000000000 GC=0.408860306
kalyx_motif_context v0.7: label=window_0011 base=[24076068,24338226] len=262158 k=20 unique=15098 entropy=11.860890960 top64=0.063203110 N=0.000000000 GC=0.408860306
kalyx_motif_context v0.7: label=window_0009 base=[23551780,23813938] len=262158 k=12 unique=9098 entropy=11.077520596 top64=0.128580529 N=0.000000000 GC=0.409218868
kalyx_motif_context v0.7: label=window_0009 base=[23551780,23813938] len=262158 k=16 unique=12314 entropy=11.511226980 top64=0.088821750 N=0.000000000 GC=0.409218868
kalyx_motif_context v0.7: label=window_0009 base=[23551780,23813938] len=262158 k=20 unique=15372 entropy=11.810582066 top64=0.063779140 N=0.000000000 GC=0.409218868
kalyx_motif_context v0.7: label=window_0008 base=[23289636,23551794] len=262158 k=12 unique=9104 entropy=11.092470998 top64=0.128282986 N=0.000000000 GC=0.408959482
kalyx_motif_context v0.7: label=window_0008 base=[23289636,23551794] len=262158 k=16 unique=12303 entropy=11.529572644 top64=0.089302404 N=0.000000000 GC=0.408959482
kalyx_motif_context v0.7: label=window_0008 base=[23289636,23551794] len=262158 k=20 unique=15293 entropy=11.831504394 top64=0.064339911 N=0.000000000 GC=0.408959482
kalyx_motif_context v0.7: label=window_0015 base=[25124644,25386802] len=262158 k=12 unique=9485 entropy=11.113531172 top64=0.128260098 N=0.000000000 GC=0.408978555
kalyx_motif_context v0.7: label=window_0015 base=[25124644,25386802] len=262158 k=16 unique=12925 entropy=11.559571290 top64=0.088726382 N=0.000000000 GC=0.408978555
kalyx_motif_context v0.7: label=window_0015 base=[25124644,25386802] len=262158 k=20 unique=16184 entropy=11.869932309 top64=0.063180221 N=0.000000000 GC=0.408978555
kalyx_motif_context v0.7: label=window_0010 base=[23813924,24076082] len=262158 k=12 unique=9580 entropy=11.139836553 top64=0.126966931 N=0.000000000 GC=0.408646694
kalyx_motif_context v0.7: label=window_0010 base=[23813924,24076082] len=262158 k=16 unique=13074 entropy=11.594147007 top64=0.088028290 N=0.000000000 GC=0.408646694
kalyx_motif_context v0.7: label=window_0010 base=[23813924,24076082] len=262158 k=20 unique=16344 entropy=11.910381410 top64=0.062531710 N=0.000000000 GC=0.408646694
kalyx_motif_context v0.7: label=window_0019 base=[26173565,26435723] len=262158 k=12 unique=10199 entropy=11.176264108 top64=0.126902082 N=0.000000000 GC=0.408780201
kalyx_motif_context v0.7: label=window_0019 base=[26173565,26435723] len=262158 k=16 unique=13924 entropy=11.643918336 top64=0.088947635 N=0.000000000 GC=0.408780201
kalyx_motif_context v0.7: label=window_0019 base=[26173565,26435723] len=262158 k=20 unique=17380 entropy=11.970676429 top64=0.062859780 N=0.000000000 GC=0.408780201
kalyx_motif_context v0.7: label=window_0016 base=[25386788,25648946] len=262158 k=12 unique=10594 entropy=11.177555240 top64=0.126589280 N=0.000000000 GC=0.408707726
kalyx_motif_context v0.7: label=window_0016 base=[25386788,25648946] len=262158 k=16 unique=14461 entropy=11.643138548 top64=0.087627745 N=0.000000000 GC=0.408707726
kalyx_motif_context v0.7: label=window_0016 base=[25386788,25648946] len=262158 k=20 unique=18110 entropy=11.970586185 top64=0.061745868 N=0.000000000 GC=0.408707726
kalyx_motif_context v0.7: label=window_0018 base=[25911306,26173579] len=262273 k=12 unique=12206 entropy=11.235062596 top64=0.127392228 N=0.000381282 GC=0.409100098
kalyx_motif_context v0.7: label=window_0018 base=[25911306,26173579] len=262273 k=16 unique=16453 entropy=11.716031424 top64=0.088806491 N=0.000381282 GC=0.409100098
kalyx_motif_context v0.7: label=window_0018 base=[25911306,26173579] len=262273 k=20 unique=20476 entropy=12.060300396 top64=0.063005703 N=0.000381282 GC=0.409100098
kalyx_motif_context v0.7: label=window_0017 base=[25648932,25911320] len=262388 k=12 unique=13043 entropy=11.276540003 top64=0.126146745 N=0.000762230 GC=0.408352022
kalyx_motif_context v0.7: label=window_0017 base=[25648932,25911320] len=262388 k=16 unique=17568 entropy=11.767103164 top64=0.087730742 N=0.000762230 GC=0.408352022
kalyx_motif_context v0.7: label=window_0017 base=[25648932,25911320] len=262388 k=20 unique=21853 entropy=12.118571738 top64=0.061457821 N=0.000762230 GC=0.408352022
KALYX-ORIGIN v0.7 motif context complete:
  .\Origin_chr17_v07_motif_zoom\kalyx_origin_v0_7_motif_summary_all.csv
  .\Origin_chr17_v07_motif_zoom\kalyx_origin_v0_7_top_kmers_all.csv
  .\Origin_chr17_v07_motif_zoom\kalyx_origin_v0_7_periods_all.csv
  .\Origin_chr17_v07_motif_zoom\KALYX_ORIGIN_V0_7_MOTIF_REPORT.md
PS H:\kdna_opencl_with_inspector_krun> Get-Content .\Origin_chr17_v07_motif_zoom\KALYX_ORIGIN_V0_7_MOTIF_REPORT.md
# KALYX-ORIGIN v0.7 Motif / Period Report

Motif decomposition for ORIGIN candidate windows.

## Inputs

- Fasta: `.\chr17.fa`
- ContextCsv: `.\Origin_chr17_v05_context_zoom\kalyx_origin_v0_5_fasta_context.csv`
- Top context rows: `12`
- KValues: `12,16,20`
- TopKmers: `64`
- PeriodMax: `512`

## Summary rows

| Label | k | BaseStart | BaseEnd | UniqueRatio | Entropy | TopN mass | GC | N-rate |
|---|---:|---:|---:|---:|---:|---:|---:|---:|
| window_0014 | 12 | 24862500 | 25124658 | 0.033313369979 | 11.076140782567 | 0.129671520178 | 0.409276085414 | 0.000000000000 |
| window_0014 | 16 | 24862500 | 25124658 | 0.045131855514 | 11.511970541017 | 0.090217934486 | 0.409276085414 | 0.000000000000 |
| window_0014 | 20 | 24862500 | 25124658 | 0.056344153293 | 11.813669856323 | 0.065118124354 | 0.409276085414 | 0.000000000000 |
| window_0012 | 12 | 24338212 | 24600370 | 0.034881192613 | 11.080910540007 | 0.130033912271 | 0.409161650608 | 0.000000000000 |
| window_0012 | 16 | 24338212 | 24600370 | 0.047199429319 | 11.519775657067 | 0.090710032311 | 0.409161650608 | 0.000000000000 |
| window_0012 | 20 | 24338212 | 24600370 | 0.058907678751 | 11.824528190744 | 0.065484342276 | 0.409161650608 | 0.000000000000 |
| window_0013 | 12 | 24600356 | 24862514 | 0.033717723262 | 11.081231099665 | 0.128466089637 | 0.409081546243 | 0.000000000000 |
| window_0013 | 16 | 24600356 | 24862514 | 0.045551473814 | 11.516333949458 | 0.089111668059 | 0.409081546243 | 0.000000000000 |
| window_0013 | 20 | 24600356 | 24862514 | 0.056695112135 | 11.817687688926 | 0.063187850720 | 0.409081546243 | 0.000000000000 |
| window_0011 | 12 | 24076068 | 24338226 | 0.033942787825 | 11.105513029003 | 0.128073180315 | 0.408860305617 | 0.000000000000 |
| window_0011 | 16 | 24076068 | 24338226 | 0.046077904045 | 11.551076772444 | 0.089241368261 | 0.408860305617 | 0.000000000000 |
| window_0011 | 20 | 24076068 | 24338226 | 0.057595397861 | 11.860890960299 | 0.063203109801 | 0.408860305617 | 0.000000000000 |
| window_0009 | 12 | 23551780 | 23813938 | 0.034705718547 | 11.077520596149 | 0.128580529245 | 0.409218868011 | 0.000000000000 |
| window_0009 | 16 | 23551780 | 23813938 | 0.046974361322 | 11.511226979998 | 0.088821749961 | 0.409218868011 | 0.000000000000 |
| window_0009 | 20 | 23551780 | 23813938 | 0.058640644849 | 11.810582065668 | 0.063779140075 | 0.409218868011 | 0.000000000000 |
| window_0008 | 12 | 23289636 | 23551794 | 0.034728606469 | 11.092470998196 | 0.128282986263 | 0.408959482450 | 0.000000000000 |
| window_0008 | 16 | 23289636 | 23551794 | 0.046932399492 | 11.529572643868 | 0.089302403650 | 0.408959482450 | 0.000000000000 |
| window_0008 | 20 | 23289636 | 23551794 | 0.058339278017 | 11.831504394240 | 0.064339911268 | 0.408959482450 | 0.000000000000 |
| window_0015 | 12 | 25124644 | 25386802 | 0.036181989494 | 11.113531172160 | 0.128260098342 | 0.408978554917 | 0.000000000000 |
| window_0015 | 16 | 25124644 | 25386802 | 0.049305150242 | 11.559571290436 | 0.088726382165 | 0.408978554917 | 0.000000000000 |
| window_0015 | 20 | 25124644 | 25386802 | 0.061738238110 | 11.869932308779 | 0.063180221180 | 0.408978554917 | 0.000000000000 |
| window_0010 | 12 | 23813924 | 24076082 | 0.036544381587 | 11.139836553065 | 0.126966930768 | 0.408646693978 | 0.000000000000 |
| window_0010 | 16 | 23813924 | 24076082 | 0.049873542303 | 11.594147007077 | 0.088028289903 | 0.408646693978 | 0.000000000000 |
| window_0010 | 20 | 23813924 | 24076082 | 0.062348601315 | 11.910381409504 | 0.062531710276 | 0.408646693978 | 0.000000000000 |
| window_0019 | 12 | 26173565 | 26435723 | 0.038905652172 | 11.176264108436 | 0.126902081656 | 0.408780201253 | 0.000000000000 |
| window_0019 | 16 | 26173565 | 26435723 | 0.053116047348 | 11.643918336290 | 0.088947635451 | 0.408780201253 | 0.000000000000 |
| window_0019 | 20 | 26173565 | 26435723 | 0.066300703062 | 11.970676429488 | 0.062859780498 | 0.408780201253 | 0.000000000000 |
| window_0016 | 12 | 25386788 | 25648946 | 0.040412440348 | 11.177555239742 | 0.126589280060 | 0.408707725875 | 0.000000000000 |
| window_0016 | 16 | 25386788 | 25648946 | 0.055164547594 | 11.643138548345 | 0.087627745162 | 0.408707725875 | 0.000000000000 |
| window_0016 | 20 | 25386788 | 25648946 | 0.069085485182 | 11.970586185059 | 0.061745867650 | 0.408707725875 | 0.000000000000 |
| window_0018 | 12 | 25911306 | 26173579 | 0.046560951513 | 11.235062596232 | 0.127392228143 | 0.409100098027 | 0.000381282099 |
| window_0018 | 16 | 25911306 | 26173579 | 0.062763453535 | 11.716031423729 | 0.088806491114 | 0.409100098027 | 0.000381282099 |
| window_0018 | 20 | 25911306 | 26173579 | 0.078112422988 | 12.060300396455 | 0.063005703168 | 0.409100098027 | 0.000381282099 |
| window_0017 | 12 | 25648932 | 25911320 | 0.049753008716 | 11.276540003465 | 0.126146745246 | 0.408352022213 | 0.000762229980 |
| window_0017 | 16 | 25648932 | 25911320 | 0.067016857212 | 11.767103164205 | 0.087730742381 | 0.408352022213 | 0.000762229980 |
| window_0017 | 20 | 25648932 | 25911320 | 0.083366713590 | 12.118571738048 | 0.061457820708 | 0.408352022213 | 0.000762229980 |

## Top exported k-mers

| Label | k | Rank | kmer | Count | Freq | RevComp | RC Count | GapMean | GapStd |
|---|---:|---:|---|---:|---:|---|---:|---:|---:|
| window_0014 | 12 | 1 | AGCATTCTCAGA | 858 | 0.003272972798 | TCTGAGAATGCT | 0 | 305.185530921820 | 145.148374979331 |
| window_0014 | 12 | 2 | GCATTCTCAGAA | 854 | 0.003257714183 | TTCTGAGAATGC | 0 | 306.815943728019 | 145.706879883710 |
| window_0014 | 12 | 3 | AAGCATTCTCAG | 817 | 0.003116572000 | CTGAGAATGCTT | 0 | 320.519607843137 | 156.108801638043 |
| window_0014 | 12 | 4 | GAAGCATTCTCA | 815 | 0.003108942692 | TGAGAATGCTTC | 0 | 321.307125307125 | 156.629012921578 |
| window_0014 | 12 | 5 | AGAAGCATTCTC | 713 | 0.002719848024 | GAGAATGCTTCT | 0 | 367.337078651685 | 175.710656172554 |
| window_0014 | 12 | 6 | GCATTCAACTCA | 679 | 0.002590149801 | TGAGTTGAATGC | 0 | 386.008849557522 | 245.799045997194 |
| window_0014 | 12 | 7 | TGCATTCAACTC | 678 | 0.002586335148 | GAGTTGAATGCA | 0 | 386.579025110783 | 246.053077046422 |
| window_0014 | 12 | 8 | CATTCAACTCAC | 675 | 0.002574891187 | GTGAGTTGAATG | 0 | 388.299703264095 | 248.863951308822 |
| window_0014 | 12 | 9 | TTGGAAACGGGA | 673 | 0.002567261880 | TCCCGTTTCCAA | 0 | 388.946428571429 | 241.779224828506 |
| window_0014 | 12 | 10 | TTCGTTGGAAAC | 671 | 0.002559632573 | GTTTCCAACGAA | 0 | 390.107462686567 | 209.228598337366 |
| window_0014 | 12 | 11 | TCGTTGGAAACG | 668 | 0.002548188612 | CGTTTCCAACGA | 0 | 391.862068965517 | 207.401107412278 |
| window_0014 | 12 | 12 | ACAGAAGCATTC | 664 | 0.002532929997 | GAATGCTTCTGT | 0 | 393.717948717949 | 302.107904410170 |
| window_0014 | 12 | 13 | CGTTGGAAACGG | 663 | 0.002529115344 | CCGTTTCCAACG | 0 | 394.821752265861 | 219.943789051996 |
| window_0014 | 12 | 14 | TGAAACACTCTT | 623 | 0.002376529199 | AAGAGTGTTTCA | 0 | 421.030546623794 | 219.423632679248 |
| window_0014 | 12 | 15 | CAGAAGCATTCT | 618 | 0.002357455931 | AGAATGCTTCTG | 0 | 423.071312803890 | 302.552761012842 |
| window_0014 | 12 | 16 | ATTTCGTTGGAA | 565 | 0.002155279290 | TTCCAACGAAAT | 0 | 462.829787234043 | 255.083617425107 |
| window_0014 | 12 | 17 | TTTCGTTGGAAA | 565 | 0.002155279290 | TTTCCAACGAAA | 0 | 462.829787234043 | 255.083617425107 |
| window_0014 | 12 | 18 | GTTGGAAACGGG | 563 | 0.002147649983 | CCCGTTTCCAAC | 0 | 465.074733096085 | 305.827937754303 |
| window_0014 | 12 | 19 | ATTCAACTCACA | 559 | 0.002132391368 | TGTGAGTTGAAT | 0 | 467.498207885305 | 454.997738184555 |
| window_0014 | 12 | 20 | TTCAACTCACAG | 556 | 0.002120947407 | CTGTGAGTTGAA | 0 | 470.025225225225 | 454.686506489370 |
| window_0014 | 12 | 21 | GATTTCGTTGGA | 555 | 0.002117132754 | TCCAACGAAATC | 0 | 471.184115523466 | 257.640807319141 |
| window_0014 | 12 | 22 | GAAACACTCTTT | 550 | 0.002098059486 | AAAGAGTGTTTC | 0 | 477.014571948998 | 192.794660736296 |
| window_0014 | 12 | 23 | GGAAACGGGATA | 537 | 0.002048468989 | TATCCCGTTTCC | 0 | 487.634328358209 | 363.000519942162 |
| window_0014 | 12 | 24 | TGGAAACGGGAT | 536 | 0.002044654335 | ATCCCGTTTCCA | 0 | 488.545794392523 | 363.017948702876 |
| window_0014 | 12 | 25 | GAAACGGGATAA | 535 | 0.002040839682 | TTATCCCGTTTC | 0 | 489.460674157303 | 364.388916079158 |
| window_0014 | 12 | 26 | TTTGAAACACTC | 533 | 0.002033210374 | GAGTGTTTCAAA | 0 | 491.300751879699 | 287.079309336390 |
| window_0014 | 12 | 27 | TTGAAACACTCT | 532 | 0.002029395721 | AGAGTGTTTCAA | 0 | 492.225988700565 | 286.932208117674 |
| window_0014 | 12 | 28 | TCTGCAAGTGGA | 531 | 0.002025581067 | TCCACTTGCAGA | 0 | 491.890566037736 | 433.371028567400 |
| window_0014 | 12 | 29 | CAAGTGGATATT | 515 | 0.001964546609 | AATATCCACTTG | 0 | 508.838521400778 | 186.674833279462 |
| window_0014 | 12 | 30 | AAGTGGATATTT | 514 | 0.001960731956 | AAATATCCACTT | 0 | 509.830409356725 | 183.984702758545 |

## Top period candidates

| Label | k | Period | ValidPairs | MatchRate |
|---|---:|---:|---:|---:|
| window_0014 | 12 | 171 | 261987 | 0.469962250035 |
| window_0014 | 12 | 170 | 261988 | 0.374826327923 |
| window_0014 | 12 | 342 | 261816 | 0.358259235494 |
| window_0014 | 12 | 337 | 261821 | 0.355406938328 |
| window_0014 | 12 | 341 | 261817 | 0.350874847699 |
| window_0014 | 12 | 508 | 261650 | 0.337542518632 |
| window_0014 | 12 | 169 | 261989 | 0.336071361775 |
| window_0014 | 12 | 167 | 261991 | 0.333984755202 |
| window_0014 | 12 | 512 | 261646 | 0.329777638489 |
| window_0014 | 12 | 338 | 261820 | 0.322782827897 |
| window_0014 | 12 | 509 | 261649 | 0.320903194738 |
| window_0014 | 12 | 336 | 261822 | 0.311478790934 |
| window_0014 | 12 | 507 | 261651 | 0.307677020153 |
| window_0014 | 12 | 340 | 261818 | 0.307373824565 |
| window_0014 | 12 | 168 | 261990 | 0.304049772892 |
| window_0014 | 12 | 2 | 262156 | 0.299630754207 |
| window_0014 | 16 | 171 | 261987 | 0.469962250035 |
| window_0014 | 16 | 170 | 261988 | 0.374826327923 |
| window_0014 | 16 | 342 | 261816 | 0.358259235494 |
| window_0014 | 16 | 337 | 261821 | 0.355406938328 |
| window_0014 | 16 | 341 | 261817 | 0.350874847699 |
| window_0014 | 16 | 508 | 261650 | 0.337542518632 |
| window_0014 | 16 | 169 | 261989 | 0.336071361775 |
| window_0014 | 16 | 167 | 261991 | 0.333984755202 |
| window_0014 | 16 | 512 | 261646 | 0.329777638489 |
| window_0014 | 16 | 338 | 261820 | 0.322782827897 |
| window_0014 | 16 | 509 | 261649 | 0.320903194738 |
| window_0014 | 16 | 336 | 261822 | 0.311478790934 |
| window_0014 | 16 | 507 | 261651 | 0.307677020153 |
| window_0014 | 16 | 340 | 261818 | 0.307373824565 |

## Interpretation Boundary

v0.7 decomposes ORIGIN candidates into explicit motif, reverse-complement and period diagnostics. It does not prove natural or artificial origin.

## Artefacts

- `.\Origin_chr17_v07_motif_zoom\kalyx_origin_v0_7_motif_summary_all.csv`
- `.\Origin_chr17_v07_motif_zoom\kalyx_origin_v0_7_top_kmers_all.csv`
- `.\Origin_chr17_v07_motif_zoom\kalyx_origin_v0_7_periods_all.csv`
- `.\Origin_chr17_v07_motif_zoom\KALYX_ORIGIN_V0_7_MOTIF_REPORT.md`
PS H:\kdna_opencl_with_inspector_krun> Get-Content .\Origin_chr17_v07_motif_zoom\kalyx_origin_v0_7_motif_summary_all.csv -TotalCount 30
version,label,fasta,base_start_0,base_end_0,base_len,k,valid_kmers,unique_kmers,unique_ratio,entropy_bits,topN,topN_mass,A,C,G,T,N,other,gc_rate,n_rate,region_hash
KMOTIF007,window_0014,.\chr17.fa,24862500,25124658,262158,12,262147,8733,0.033313369979,11.076140782567,64,0.129671520178,74662,50458,56837,80201,0,0,0.409276085414,0.000000000000,0x9c3da18e4ffdf6ba
KMOTIF007,window_0014,.\chr17.fa,24862500,25124658,262158,16,262143,11831,0.045131855514,11.511970541017,64,0.090217934486,74662,50458,56837,80201,0,0,0.409276085414,0.000000000000,0x9c3da18e4ffdf6ba
KMOTIF007,window_0014,.\chr17.fa,24862500,25124658,262158,20,262139,14770,0.056344153293,11.813669856323,64,0.065118124354,74662,50458,56837,80201,0,0,0.409276085414,0.000000000000,0x9c3da18e4ffdf6ba
KMOTIF007,window_0012,.\chr17.fa,24338212,24600370,262158,12,262147,9144,0.034881192613,11.080910540007,64,0.130033912271,74707,50482,56783,80186,0,0,0.409161650608,0.000000000000,0x49cd4dc3f6953815
KMOTIF007,window_0012,.\chr17.fa,24338212,24600370,262158,16,262143,12373,0.047199429319,11.519775657067,64,0.090710032311,74707,50482,56783,80186,0,0,0.409161650608,0.000000000000,0x49cd4dc3f6953815
KMOTIF007,window_0012,.\chr17.fa,24338212,24600370,262158,20,262139,15442,0.058907678751,11.824528190744,64,0.065484342276,74707,50482,56783,80186,0,0,0.409161650608,0.000000000000,0x49cd4dc3f6953815
KMOTIF007,window_0013,.\chr17.fa,24600356,24862514,262158,12,262147,8839,0.033717723262,11.081231099665,64,0.128466089637,74791,50414,56830,80123,0,0,0.409081546243,0.000000000000,0x8e2dbf594fe7922
KMOTIF007,window_0013,.\chr17.fa,24600356,24862514,262158,16,262143,11941,0.045551473814,11.516333949458,64,0.089111668059,74791,50414,56830,80123,0,0,0.409081546243,0.000000000000,0x8e2dbf594fe7922
KMOTIF007,window_0013,.\chr17.fa,24600356,24862514,262158,20,262139,14862,0.056695112135,11.817687688926,64,0.063187850720,74791,50414,56830,80123,0,0,0.409081546243,0.000000000000,0x8e2dbf594fe7922
KMOTIF007,window_0011,.\chr17.fa,24076068,24338226,262158,12,262147,8898,0.033942787825,11.105513029003,64,0.128073180315,74870,50254,56932,80102,0,0,0.408860305617,0.000000000000,0x3617cdecaa92f13f
KMOTIF007,window_0011,.\chr17.fa,24076068,24338226,262158,16,262143,12079,0.046077904045,11.551076772444,64,0.089241368261,74870,50254,56932,80102,0,0,0.408860305617,0.000000000000,0x3617cdecaa92f13f
KMOTIF007,window_0011,.\chr17.fa,24076068,24338226,262158,20,262139,15098,0.057595397861,11.860890960299,64,0.063203109801,74870,50254,56932,80102,0,0,0.408860305617,0.000000000000,0x3617cdecaa92f13f
KMOTIF007,window_0009,.\chr17.fa,23551780,23813938,262158,12,262147,9098,0.034705718547,11.077520596149,64,0.128580529245,74719,50400,56880,80159,0,0,0.409218868011,0.000000000000,0xec2cc21932d185b2
KMOTIF007,window_0009,.\chr17.fa,23551780,23813938,262158,16,262143,12314,0.046974361322,11.511226979998,64,0.088821749961,74719,50400,56880,80159,0,0,0.409218868011,0.000000000000,0xec2cc21932d185b2
KMOTIF007,window_0009,.\chr17.fa,23551780,23813938,262158,20,262139,15372,0.058640644849,11.810582065668,64,0.063779140075,74719,50400,56880,80159,0,0,0.409218868011,0.000000000000,0xec2cc21932d185b2
KMOTIF007,window_0008,.\chr17.fa,23289636,23551794,262158,12,262147,9104,0.034728606469,11.092470998196,64,0.128282986263,74786,50340,56872,80160,0,0,0.408959482450,0.000000000000,0x155b505529d68def
KMOTIF007,window_0008,.\chr17.fa,23289636,23551794,262158,16,262143,12303,0.046932399492,11.529572643868,64,0.089302403650,74786,50340,56872,80160,0,0,0.408959482450,0.000000000000,0x155b505529d68def
KMOTIF007,window_0008,.\chr17.fa,23289636,23551794,262158,20,262139,15293,0.058339278017,11.831504394240,64,0.064339911268,74786,50340,56872,80160,0,0,0.408959482450,0.000000000000,0x155b505529d68def
KMOTIF007,window_0015,.\chr17.fa,25124644,25386802,262158,12,262147,9485,0.036181989494,11.113531172160,64,0.128260098342,74850,50325,56892,80091,0,0,0.408978554917,0.000000000000,0x3b49c67f5496526e
KMOTIF007,window_0015,.\chr17.fa,25124644,25386802,262158,16,262143,12925,0.049305150242,11.559571290436,64,0.088726382165,74850,50325,56892,80091,0,0,0.408978554917,0.000000000000,0x3b49c67f5496526e
KMOTIF007,window_0015,.\chr17.fa,25124644,25386802,262158,20,262139,16184,0.061738238110,11.869932308779,64,0.063180221180,74850,50325,56892,80091,0,0,0.408978554917,0.000000000000,0x3b49c67f5496526e
KMOTIF007,window_0010,.\chr17.fa,23813924,24076082,262158,12,262147,9580,0.036544381587,11.139836553065,64,0.126966930768,74907,50238,56892,80121,0,0,0.408646693978,0.000000000000,0x1a901e5d307a46f0
KMOTIF007,window_0010,.\chr17.fa,23813924,24076082,262158,16,262143,13074,0.049873542303,11.594147007077,64,0.088028289903,74907,50238,56892,80121,0,0,0.408646693978,0.000000000000,0x1a901e5d307a46f0
KMOTIF007,window_0010,.\chr17.fa,23813924,24076082,262158,20,262139,16344,0.062348601315,11.910381409504,64,0.062531710276,74907,50238,56892,80121,0,0,0.408646693978,0.000000000000,0x1a901e5d307a46f0
KMOTIF007,window_0019,.\chr17.fa,26173565,26435723,262158,12,262147,10199,0.038905652172,11.176264108436,64,0.126902081656,75321,49991,57174,79672,0,0,0.408780201253,0.000000000000,0xf82b4a89a885a9bd
KMOTIF007,window_0019,.\chr17.fa,26173565,26435723,262158,16,262143,13924,0.053116047348,11.643918336290,64,0.088947635451,75321,49991,57174,79672,0,0,0.408780201253,0.000000000000,0xf82b4a89a885a9bd
KMOTIF007,window_0019,.\chr17.fa,26173565,26435723,262158,20,262139,17380,0.066300703062,11.970676429488,64,0.062859780498,75321,49991,57174,79672,0,0,0.408780201253,0.000000000000,0xf82b4a89a885a9bd
KMOTIF007,window_0016,.\chr17.fa,25386788,25648946,262158,12,262147,10594,0.040412440348,11.177555239742,64,0.126589280060,75000,50140,57006,80012,0,0,0.408707725875,0.000000000000,0xe10d209c006bf4d
KMOTIF007,window_0016,.\chr17.fa,25386788,25648946,262158,16,262143,14461,0.055164547594,11.643138548345,64,0.087627745162,75000,50140,57006,80012,0,0,0.408707725875,0.000000000000,0xe10d209c006bf4d
PS H:\kdna_opencl_with_inspector_krun> Get-Content .\Origin_chr17_v07_motif_zoom\kalyx_origin_v0_7_top_kmers_all.csv -TotalCount 30
version,label,k,rank,kmer,key,count,frequency,revcomp,revcomp_key,revcomp_count,rc_pair_count,first_pos,last_pos,gap_mean,gap_std
KMOTIF007,window_0014,12,1,AGCATTCTCAGA,0x24f748,858,0.003272972798,TCTGAGAATGCT,0xde20e7,0,858,489,262033,305.185530921820,145.148374979331
KMOTIF007,window_0014,12,2,GCATTCTCAGAA,0x93dd20,854,0.003257714183,TTCTGAGAATGC,0xf78839,0,854,320,262034,306.815943728019,145.706879883710
KMOTIF007,window_0014,12,3,AAGCATTCTCAG,0x93dd2,817,0.003116572000,CTGAGAATGCTT,0x78839f,0,817,488,262032,320.519607843137,156.108801638043
KMOTIF007,window_0014,12,4,GAAGCATTCTCA,0x824f74,815,0.003108942692,TGAGAATGCTTC,0xe20e7d,0,815,487,262031,321.307125307125,156.629012921578
KMOTIF007,window_0014,12,5,AGAAGCATTCTC,0x2093dd,713,0.002719848024,GAGAATGCTTCT,0x8839f7,0,713,486,262030,367.337078651685,175.710656172554
KMOTIF007,window_0014,12,6,GCATTCAACTCA,0x93d074,679,0.002590149801,TGAGTTGAATGC,0xe2f839,0,679,349,262063,386.008849557522,245.799045997194
KMOTIF007,window_0014,12,7,TGCATTCAACTC,0xe4f41d,678,0.002586335148,GAGTTGAATGCA,0x8be0e4,0,678,348,262062,386.579025110783,246.053077046422
KMOTIF007,window_0014,12,8,CATTCAACTCAC,0x4f41d1,675,0.002574891187,GTGAGTTGAATG,0xb8be0e,0,675,350,262064,388.299703264095,248.863951308822
KMOTIF007,window_0014,12,9,TTGGAAACGGGA,0xfa01a8,673,0.002567261880,TCCCGTTTCCAA,0xd5bf50,0,673,285,261657,388.946428571429,241.779224828506
KMOTIF007,window_0014,12,10,TTCGTTGGAAAC,0xf6fa01,671,0.002559632573,GTTTCCAACGAA,0xbf5060,0,671,281,261653,390.107462686567,209.228598337366
KMOTIF007,window_0014,12,11,TCGTTGGAAACG,0xdbe806,668,0.002548188612,CGTTTCCAACGA,0x6fd418,0,668,282,261654,391.862068965517,207.401107412278
KMOTIF007,window_0014,12,12,ACAGAAGCATTC,0x12093d,664,0.002532929997,GAATGCTTCTGT,0x839f7b,0,664,484,261519,393.717948717949,302.107904410170
KMOTIF007,window_0014,12,13,CGTTGGAAACGG,0x6fa01a,663,0.002529115344,CCGTTTCCAACG,0x5bf506,0,663,283,261655,394.821752265861,219.943789051996
KMOTIF007,window_0014,12,14,TGAAACACTCTT,0xe011df,623,0.002376529199,AAGAGTGTTTCA,0x8bbf4,0,623,56,261937,421.030546623794,219.423632679248
KMOTIF007,window_0014,12,15,CAGAAGCATTCT,0x4824f7,618,0.002357455931,AGAATGCTTCTG,0x20e7de,0,618,485,261520,423.071312803890,302.552761012842
KMOTIF007,window_0014,12,16,ATTTCGTTGGAA,0x3f6fa0,565,0.002155279290,TTCCAACGAAAT,0xf50603,0,565,615,261651,462.829787234043,255.083617425107
KMOTIF007,window_0014,12,17,TTTCGTTGGAAA,0xfdbe80,565,0.002155279290,TTTCCAACGAAA,0xfd4180,0,565,616,261652,462.829787234043,255.083617425107
KMOTIF007,window_0014,12,18,GTTGGAAACGGG,0xbe806a,563,0.002147649983,CCCGTTTCCAAC,0x56fd41,0,563,284,261656,465.074733096085,305.827937754303
KMOTIF007,window_0014,12,19,ATTCAACTCACA,0x3d0744,559,0.002132391368,TGTGAGTTGAAT,0xee2f83,0,559,351,261215,467.498207885305,454.997738184555
KMOTIF007,window_0014,12,20,TTCAACTCACAG,0xf41d12,556,0.002120947407,CTGTGAGTTGAA,0x7b8be0,0,556,352,261216,470.025225225225,454.686506489370
KMOTIF007,window_0014,12,21,GATTTCGTTGGA,0x8fdbe8,555,0.002117132754,TCCAACGAAATC,0xd4180d,0,555,614,261650,471.184115523466,257.640807319141
KMOTIF007,window_0014,12,22,GAAACACTCTTT,0x80477f,550,0.002098059486,AAAGAGTGTTTC,0x22efd,0,550,57,261938,477.014571948998,192.794660736296
KMOTIF007,window_0014,12,23,GGAAACGGGATA,0xa01a8c,537,0.002048468989,TATCCCGTTTCC,0xcd5bf5,0,537,287,261659,487.634328358209,363.000519942162
KMOTIF007,window_0014,12,24,TGGAAACGGGAT,0xe806a3,536,0.002044654335,ATCCCGTTTCCA,0x356fd4,0,536,286,261658,488.545794392523,363.017948702876
KMOTIF007,window_0014,12,25,GAAACGGGATAA,0x806a30,535,0.002040839682,TTATCCCGTTTC,0xf356fd,0,535,288,261660,489.460674157303,364.388916079158
KMOTIF007,window_0014,12,26,TTTGAAACACTC,0xfe011d,533,0.002033210374,GAGTGTTTCAAA,0x8bbf40,0,533,54,261426,491.300751879699,287.079309336390
KMOTIF007,window_0014,12,27,TTGAAACACTCT,0xf80477,532,0.002029395721,AGAGTGTTTCAA,0x22efd0,0,532,55,261427,492.225988700565,286.932208117674
KMOTIF007,window_0014,12,28,TCTGCAAGTGGA,0xde42e8,531,0.002025581067,TCCACTTGCAGA,0xd47e48,0,531,1256,261958,491.890566037736,433.371028567400
KMOTIF007,window_0014,12,29,CAAGTGGATATT,0x42e8cf,515,0.001964546609,AATATCCACTTG,0xcd47e,0,515,81,261624,508.838521400778,186.674833279462
PS H:\kdna_opencl_with_inspector_krun> Get-Content .\Origin_chr17_v07_motif_zoom\kalyx_origin_v0_7_periods_all.csv -TotalCount 30
"label","k","period","valid_pairs","match_rate"
"window_0014","12","171","261987","0.469962250035"
"window_0014","12","170","261988","0.374826327923"
"window_0014","12","342","261816","0.358259235494"
"window_0014","12","337","261821","0.355406938328"
"window_0014","12","341","261817","0.350874847699"
"window_0014","12","508","261650","0.337542518632"
"window_0014","12","169","261989","0.336071361775"
"window_0014","12","167","261991","0.333984755202"
"window_0014","12","512","261646","0.329777638489"
"window_0014","12","338","261820","0.322782827897"
"window_0014","12","509","261649","0.320903194738"
"window_0014","12","336","261822","0.311478790934"
"window_0014","12","507","261651","0.307677020153"
"window_0014","12","340","261818","0.307373824565"
"window_0014","12","168","261990","0.304049772892"
"window_0014","12","2","262156","0.299630754207"
"window_0014","16","171","261987","0.469962250035"
"window_0014","16","170","261988","0.374826327923"
"window_0014","16","342","261816","0.358259235494"
"window_0014","16","337","261821","0.355406938328"
"window_0014","16","341","261817","0.350874847699"
"window_0014","16","508","261650","0.337542518632"
"window_0014","16","169","261989","0.336071361775"
"window_0014","16","167","261991","0.333984755202"
"window_0014","16","512","261646","0.329777638489"
"window_0014","16","338","261820","0.322782827897"
"window_0014","16","509","261649","0.320903194738"
"window_0014","16","336","261822","0.311478790934"
"window_0014","16","507","261651","0.307677020153"
PS H:\kdna_opencl_with_inspector_krun> Remove-Item -Recurse -Force .\Origin_chr17_v07_multiscale_motif -ErrorAction SilentlyContinue
PS H:\kdna_opencl_with_inspector_krun>
PS H:\kdna_opencl_with_inspector_krun> .\scripts\kalyx_origin_multiscale_motif_v0_7.ps1 `
>>   -Fasta .\chr17.fa `
>>   -ContextRoot .\Origin_chr17_v05_multiscale_context `
>>   -OutRoot .\Origin_chr17_v07_multiscale_motif `
>>   -KValues "12,16,20" `
>>   -Top 5 `
>>   -TopKmers 64 `
>>   -PeriodMax 512 `
>>   -Strict
=== KALYX-ORIGIN v0.7: motif / period decomposition ===
fasta=.\chr17.fa context=H:\kdna_opencl_with_inspector_krun\Origin_chr17_v05_multiscale_context\w1048576\kalyx_origin_v0_5_fasta_context.csv out=.\Origin_chr17_v07_multiscale_motif\w1048576 top=5 k=12,16,20 topKmers=64 periodMax=512
kalyx_motif_context v0.7: label=window_0017 base=[24338212,25386802] len=1048590 k=12 unique=19485 entropy=11.125896319 top64=0.129106152 N=0.000000000 GC=0.409122727
kalyx_motif_context v0.7: label=window_0017 base=[24338212,25386802] len=1048590 k=16 unique=27975 entropy=11.582002272 top64=0.089593973 N=0.000000000 GC=0.409122727
kalyx_motif_context v0.7: label=window_0017 base=[24338212,25386802] len=1048590 k=20 unique=36299 entropy=11.903516648 top64=0.064015694 N=0.000000000 GC=0.409122727
kalyx_motif_context v0.7: label=window_0016 base=[23289636,24338226] len=1048590 k=12 unique=19786 entropy=11.142374761 top64=0.127956024 N=0.000000000 GC=0.408922458
kalyx_motif_context v0.7: label=window_0016 base=[23289636,24338226] len=1048590 k=16 unique=28511 entropy=11.602571492 top64=0.088813866 N=0.000000000 GC=0.408922458
kalyx_motif_context v0.7: label=window_0016 base=[23289636,24338226] len=1048590 k=20 unique=36915 entropy=11.926343227 top64=0.063406293 N=0.000000000 GC=0.408922458
kalyx_motif_context v0.7: label=window_0018 base=[25386788,26435723] len=1048935 k=12 unique=26222 entropy=11.271453085 top64=0.126657581 N=0.000286004 GC=0.408733258
kalyx_motif_context v0.7: label=window_0018 base=[25386788,26435723] len=1048935 k=16 unique=37464 entropy=11.771883496 top64=0.088207329 N=0.000286004 GC=0.408733258
kalyx_motif_context v0.7: label=window_0018 base=[25386788,26435723] len=1048935 k=20 unique=48399 entropy=12.132940775 top64=0.062036566 N=0.000286004 GC=0.408733258
kalyx_motif_context v0.7: label=window_0015 base=[22190930,23289650] len=1098720 k=12 unique=444340 entropy=16.144431090 top64=0.048738922 N=0.045598515 GC=0.414116649
kalyx_motif_context v0.7: label=window_0015 base=[22190930,23289650] len=1098720 k=16 unique=503137 entropy=16.584379590 top64=0.031559974 N=0.045598515 GC=0.414116649
kalyx_motif_context v0.7: label=window_0015 base=[22190930,23289650] len=1098720 k=20 unique=532011 entropy=16.848086698 top64=0.023251822 N=0.045598515 GC=0.414116649
kalyx_motif_context v0.7: label=window_0019 base=[26435709,27538834] len=1103125 k=12 unique=585230 entropy=17.688774357 top64=0.038234029 N=0.049205666 GC=0.415948019
kalyx_motif_context v0.7: label=window_0019 base=[26435709,27538834] len=1103125 k=16 unique=687358 entropy=18.298948398 top64=0.021884939 N=0.049205666 GC=0.415948019
kalyx_motif_context v0.7: label=window_0019 base=[26435709,27538834] len=1103125 k=20 unique=744106 entropy=18.641454924 top64=0.013457281 N=0.049205666 GC=0.415948019
KALYX-ORIGIN v0.7 motif context complete:
  .\Origin_chr17_v07_multiscale_motif\w1048576\kalyx_origin_v0_7_motif_summary_all.csv
  .\Origin_chr17_v07_multiscale_motif\w1048576\kalyx_origin_v0_7_top_kmers_all.csv
  .\Origin_chr17_v07_multiscale_motif\w1048576\kalyx_origin_v0_7_periods_all.csv
  .\Origin_chr17_v07_multiscale_motif\w1048576\KALYX_ORIGIN_V0_7_MOTIF_REPORT.md
=== KALYX-ORIGIN v0.7: motif / period decomposition ===
fasta=.\chr17.fa context=H:\kdna_opencl_with_inspector_krun\Origin_chr17_v05_multiscale_context\w131072\kalyx_origin_v0_5_fasta_context.csv out=.\Origin_chr17_v07_multiscale_motif\w131072 top=5 k=12,16,20 topKmers=64 periodMax=512
kalyx_motif_context v0.7: label=window_0006 base=[21877816,22059635] len=181819 k=12 unique=42998 entropy=12.822677644 top64=0.213409006 N=0.278700246 GC=0.400545956
kalyx_motif_context v0.7: label=window_0006 base=[21877816,22059635] len=181819 k=16 unique=65493 entropy=14.524797191 top64=0.103867370 N=0.278700246 GC=0.400545956
kalyx_motif_context v0.7: label=window_0006 base=[21877816,22059635] len=181819 k=20 unique=86075 entropy=15.580053576 top64=0.054795461 N=0.278700246 GC=0.400545956
kalyx_motif_context v0.7: label=window_0017 base=[23420708,23551794] len=131086 k=12 unique=5501 entropy=11.008919675 top64=0.128743086 N=0.000000000 GC=0.409235159
kalyx_motif_context v0.7: label=window_0017 base=[23420708,23551794] len=131086 k=16 unique=7193 entropy=11.416591587 top64=0.089646070 N=0.000000000 GC=0.409235159
kalyx_motif_context v0.7: label=window_0017 base=[23420708,23551794] len=131086 k=20 unique=8766 entropy=11.692365085 top64=0.065348257 N=0.000000000 GC=0.409235159
kalyx_motif_context v0.7: label=window_0025 base=[24469284,24600370] len=131086 k=12 unique=6126 entropy=11.050800720 top64=0.131031852 N=0.000000000 GC=0.408868987
kalyx_motif_context v0.7: label=window_0025 base=[24469284,24600370] len=131086 k=16 unique=8084 entropy=11.480511915 top64=0.091912017 N=0.000000000 GC=0.408868987
kalyx_motif_context v0.7: label=window_0025 base=[24469284,24600370] len=131086 k=20 unique=9913 entropy=11.777058981 top64=0.066370635 N=0.000000000 GC=0.408868987
kalyx_motif_context v0.7: label=window_0028 base=[24862500,24993586] len=131086 k=12 unique=6032 entropy=11.033658953 top64=0.130398627 N=0.000000000 GC=0.409387730
kalyx_motif_context v0.7: label=window_0028 base=[24862500,24993586] len=131086 k=16 unique=7940 entropy=11.452487578 top64=0.090988853 N=0.000000000 GC=0.409387730
kalyx_motif_context v0.7: label=window_0028 base=[24862500,24993586] len=131086 k=20 unique=9701 entropy=11.738655676 top64=0.065836557 N=0.000000000 GC=0.409387730
kalyx_motif_context v0.7: label=window_0019 base=[23682852,23813938] len=131086 k=12 unique=6027 entropy=11.020291540 top64=0.129460233 N=0.000000000 GC=0.409387730
kalyx_motif_context v0.7: label=window_0019 base=[23682852,23813938] len=131086 k=16 unique=7940 entropy=11.435705299 top64=0.089676587 N=0.000000000 GC=0.409387730
kalyx_motif_context v0.7: label=window_0019 base=[23682852,23813938] len=131086 k=20 unique=9712 entropy=11.718868256 top64=0.065104107 N=0.000000000 GC=0.409387730
KALYX-ORIGIN v0.7 motif context complete:
  .\Origin_chr17_v07_multiscale_motif\w131072\kalyx_origin_v0_7_motif_summary_all.csv
  .\Origin_chr17_v07_multiscale_motif\w131072\kalyx_origin_v0_7_top_kmers_all.csv
  .\Origin_chr17_v07_multiscale_motif\w131072\kalyx_origin_v0_7_periods_all.csv
  .\Origin_chr17_v07_multiscale_motif\w131072\KALYX_ORIGIN_V0_7_MOTIF_REPORT.md
=== KALYX-ORIGIN v0.7: motif / period decomposition ===
fasta=.\chr17.fa context=H:\kdna_opencl_with_inspector_krun\Origin_chr17_v05_multiscale_context\w262144\kalyx_origin_v0_5_fasta_context.csv out=.\Origin_chr17_v07_multiscale_motif\w262144 top=5 k=12,16,20 topKmers=64 periodMax=512
kalyx_motif_context v0.7: label=window_0022 base=[24862500,25124658] len=262158 k=12 unique=8733 entropy=11.076140783 top64=0.129671520 N=0.000000000 GC=0.409276085
kalyx_motif_context v0.7: label=window_0022 base=[24862500,25124658] len=262158 k=16 unique=11831 entropy=11.511970541 top64=0.090217934 N=0.000000000 GC=0.409276085
kalyx_motif_context v0.7: label=window_0022 base=[24862500,25124658] len=262158 k=20 unique=14770 entropy=11.813669856 top64=0.065118124 N=0.000000000 GC=0.409276085
kalyx_motif_context v0.7: label=window_0020 base=[24338212,24600370] len=262158 k=12 unique=9144 entropy=11.080910540 top64=0.130033912 N=0.000000000 GC=0.409161651
kalyx_motif_context v0.7: label=window_0020 base=[24338212,24600370] len=262158 k=16 unique=12373 entropy=11.519775657 top64=0.090710032 N=0.000000000 GC=0.409161651
kalyx_motif_context v0.7: label=window_0020 base=[24338212,24600370] len=262158 k=20 unique=15442 entropy=11.824528191 top64=0.065484342 N=0.000000000 GC=0.409161651
kalyx_motif_context v0.7: label=window_0021 base=[24600356,24862514] len=262158 k=12 unique=8839 entropy=11.081231100 top64=0.128466090 N=0.000000000 GC=0.409081546
kalyx_motif_context v0.7: label=window_0021 base=[24600356,24862514] len=262158 k=16 unique=11941 entropy=11.516333949 top64=0.089111668 N=0.000000000 GC=0.409081546
kalyx_motif_context v0.7: label=window_0021 base=[24600356,24862514] len=262158 k=20 unique=14862 entropy=11.817687689 top64=0.063187851 N=0.000000000 GC=0.409081546
kalyx_motif_context v0.7: label=window_0019 base=[24076068,24338226] len=262158 k=12 unique=8898 entropy=11.105513029 top64=0.128073180 N=0.000000000 GC=0.408860306
kalyx_motif_context v0.7: label=window_0019 base=[24076068,24338226] len=262158 k=16 unique=12079 entropy=11.551076772 top64=0.089241368 N=0.000000000 GC=0.408860306
kalyx_motif_context v0.7: label=window_0019 base=[24076068,24338226] len=262158 k=20 unique=15098 entropy=11.860890960 top64=0.063203110 N=0.000000000 GC=0.408860306
kalyx_motif_context v0.7: label=window_0017 base=[23551780,23813938] len=262158 k=12 unique=9098 entropy=11.077520596 top64=0.128580529 N=0.000000000 GC=0.409218868
kalyx_motif_context v0.7: label=window_0017 base=[23551780,23813938] len=262158 k=16 unique=12314 entropy=11.511226980 top64=0.088821750 N=0.000000000 GC=0.409218868
kalyx_motif_context v0.7: label=window_0017 base=[23551780,23813938] len=262158 k=20 unique=15372 entropy=11.810582066 top64=0.063779140 N=0.000000000 GC=0.409218868
KALYX-ORIGIN v0.7 motif context complete:
  .\Origin_chr17_v07_multiscale_motif\w262144\kalyx_origin_v0_7_motif_summary_all.csv
  .\Origin_chr17_v07_multiscale_motif\w262144\kalyx_origin_v0_7_top_kmers_all.csv
  .\Origin_chr17_v07_multiscale_motif\w262144\kalyx_origin_v0_7_periods_all.csv
  .\Origin_chr17_v07_multiscale_motif\w262144\KALYX_ORIGIN_V0_7_MOTIF_REPORT.md
=== KALYX-ORIGIN v0.7: motif / period decomposition ===
fasta=.\chr17.fa context=H:\kdna_opencl_with_inspector_krun\Origin_chr17_v05_multiscale_context\w524288\kalyx_origin_v0_5_fasta_context.csv out=.\Origin_chr17_v07_multiscale_motif\w524288 top=5 k=12,16,20 topKmers=64 periodMax=512
kalyx_motif_context v0.7: label=window_0018 base=[24338212,24862514] len=524302 k=12 unique=13307 entropy=11.102617327 top64=0.129245019 N=0.000000000 GC=0.409117264
kalyx_motif_context v0.7: label=window_0018 base=[24338212,24862514] len=524302 k=16 unique=18548 entropy=11.549143020 top64=0.089817218 N=0.000000000 GC=0.409117264
kalyx_motif_context v0.7: label=window_0018 base=[24338212,24862514] len=524302 k=20 unique=23629 entropy=11.861703246 top64=0.064011231 N=0.000000000 GC=0.409117264
kalyx_motif_context v0.7: label=window_0019 base=[24862500,25386802] len=524302 k=12 unique=13475 entropy=11.116975671 top64=0.128966547 N=0.000000000 GC=0.409126801
kalyx_motif_context v0.7: label=window_0019 base=[24862500,25386802] len=524302 k=16 unique=18788 entropy=11.567320980 top64=0.089445285 N=0.000000000 GC=0.409126801
kalyx_motif_context v0.7: label=window_0019 base=[24862500,25386802] len=524302 k=20 unique=23939 entropy=11.882671643 top64=0.064053193 N=0.000000000 GC=0.409126801
kalyx_motif_context v0.7: label=window_0016 base=[23289636,23813938] len=524302 k=12 unique=13383 entropy=11.105605751 top64=0.128424863 N=0.000000000 GC=0.409088655
kalyx_motif_context v0.7: label=window_0016 base=[23289636,23813938] len=524302 k=16 unique=18601 entropy=11.549995929 top64=0.089061907 N=0.000000000 GC=0.409088655
kalyx_motif_context v0.7: label=window_0016 base=[23289636,23813938] len=524302 k=20 unique=23527 entropy=11.859106303 top64=0.064028397 N=0.000000000 GC=0.409088655
kalyx_motif_context v0.7: label=window_0017 base=[23813924,24338226] len=524302 k=12 unique=13586 entropy=11.143329708 top64=0.127518878 N=0.000000000 GC=0.408756785
kalyx_motif_context v0.7: label=window_0017 base=[23813924,24338226] len=524302 k=16 unique=19027 entropy=11.602343171 top64=0.088619401 N=0.000000000 GC=0.408756785
kalyx_motif_context v0.7: label=window_0017 base=[23813924,24338226] len=524302 k=20 unique=24193 entropy=11.924137557 top64=0.062864903 N=0.000000000 GC=0.408756785
kalyx_motif_context v0.7: label=window_0021 base=[25911306,26435723] len=524417 k=12 unique=17009 entropy=11.234700204 top64=0.127071591 N=0.000190688 GC=0.408939630
kalyx_motif_context v0.7: label=window_0021 base=[25911306,26435723] len=524417 k=16 unique=23637 entropy=11.721276123 top64=0.088834932 N=0.000190688 GC=0.408939630
kalyx_motif_context v0.7: label=window_0021 base=[25911306,26435723] len=524417 k=20 unique=29954 entropy=12.068688559 top64=0.062852031 N=0.000190688 GC=0.408939630
KALYX-ORIGIN v0.7 motif context complete:
  .\Origin_chr17_v07_multiscale_motif\w524288\kalyx_origin_v0_7_motif_summary_all.csv
  .\Origin_chr17_v07_multiscale_motif\w524288\kalyx_origin_v0_7_top_kmers_all.csv
  .\Origin_chr17_v07_multiscale_motif\w524288\kalyx_origin_v0_7_periods_all.csv
  .\Origin_chr17_v07_multiscale_motif\w524288\KALYX_ORIGIN_V0_7_MOTIF_REPORT.md
KALYX-ORIGIN v0.7 multiscale motif complete:
  .\Origin_chr17_v07_multiscale_motif\KALYX_ORIGIN_V0_7_MULTISCALE_MOTIF_SUMMARY.md
PS H:\kdna_opencl_with_inspector_krun> Get-Content .\Origin_chr17_v07_multiscale_motif\KALYX_ORIGIN_V0_7_MULTISCALE_MOTIF_SUMMARY.md
# KALYX-ORIGIN v0.7 Multiscale Motif Summary

## w1048576

- Context: `H:\kdna_opencl_with_inspector_krun\Origin_chr17_v05_multiscale_context\w1048576\kalyx_origin_v0_5_fasta_context.csv`
- Output: `.\Origin_chr17_v07_multiscale_motif\w1048576`
- window_0017 k=12: unique_ratio=0.018582290891, entropy=11.125896319444, topN_mass=0.129106152231, GC=0.409122726709, N=0.000000000000
- window_0017 k=16: unique_ratio=0.026679064445, entropy=11.582002271841, topN_mass=0.089593972773, GC=0.409122726709, N=0.000000000000
- window_0017 k=20: unique_ratio=0.034617589081, entropy=11.903516648470, topN_mass=0.064015693739, GC=0.409122726709, N=0.000000000000
- window_0016 k=12: unique_ratio=0.018869346039, entropy=11.142374761113, topN_mass=0.127956024296, GC=0.408922457777, N=0.000000000000
- top motif example: label=window_0017, k=12, kmer=AGCATTCTCAGA, freq=0.003284444949, revcomp=TCTGAGAATGCT, rc_count=0

## w131072

- Context: `H:\kdna_opencl_with_inspector_krun\Origin_chr17_v05_multiscale_context\w131072\kalyx_origin_v0_5_fasta_context.csv`
- Output: `.\Origin_chr17_v07_multiscale_motif\w131072`
- window_0006 k=12: unique_ratio=0.328001159500, entropy=12.822677643625, topN_mass=0.213409005958, GC=0.400545956415, N=0.278700245849
- window_0006 k=16: unique_ratio=0.499675748259, entropy=14.524797191288, topN_mass=0.103867369594, GC=0.400545956415, N=0.278700245849
- window_0006 k=20: unique_ratio=0.656805365850, entropy=15.580053575748, topN_mass=0.054795461309, GC=0.400545956415, N=0.278700245849
- window_0017 k=12: unique_ratio=0.041968338737, entropy=11.008919674851, topN_mass=0.128743086019, GC=0.409235158598, N=0.000000000000
- top motif example: label=window_0006, k=12, kmer=GAATGGAATGGA, freq=0.021298182179, revcomp=TCCATTCCATTC, rc_count=0

## w262144

- Context: `H:\kdna_opencl_with_inspector_krun\Origin_chr17_v05_multiscale_context\w262144\kalyx_origin_v0_5_fasta_context.csv`
- Output: `.\Origin_chr17_v07_multiscale_motif\w262144`
- window_0022 k=12: unique_ratio=0.033313369979, entropy=11.076140782567, topN_mass=0.129671520178, GC=0.409276085414, N=0.000000000000
- window_0022 k=16: unique_ratio=0.045131855514, entropy=11.511970541017, topN_mass=0.090217934486, GC=0.409276085414, N=0.000000000000
- window_0022 k=20: unique_ratio=0.056344153293, entropy=11.813669856323, topN_mass=0.065118124354, GC=0.409276085414, N=0.000000000000
- window_0020 k=12: unique_ratio=0.034881192613, entropy=11.080910540007, topN_mass=0.130033912271, GC=0.409161650608, N=0.000000000000
- top motif example: label=window_0022, k=12, kmer=AGCATTCTCAGA, freq=0.003272972798, revcomp=TCTGAGAATGCT, rc_count=0

## w524288

- Context: `H:\kdna_opencl_with_inspector_krun\Origin_chr17_v05_multiscale_context\w524288\kalyx_origin_v0_5_fasta_context.csv`
- Output: `.\Origin_chr17_v07_multiscale_motif\w524288`
- window_0018 k=12: unique_ratio=0.025380943026, entropy=11.102617326816, topN_mass=0.129245018511, GC=0.409117264477, N=0.000000000000
- window_0018 k=16: unique_ratio=0.035377569919, entropy=11.549143019724, topN_mass=0.089817218432, GC=0.409117264477, N=0.000000000000
- window_0018 k=20: unique_ratio=0.045069170658, entropy=11.861703245629, topN_mass=0.064011230576, GC=0.409117264477, N=0.000000000000
- window_0019 k=12: unique_ratio=0.025701375763, entropy=11.116975670608, topN_mass=0.128966547204, GC=0.409126800966, N=0.000000000000
- top motif example: label=window_0018, k=12, kmer=AGCATTCTCAGA, freq=0.003301601591, revcomp=TCTGAGAATGCT, rc_count=0

PS H:\kdna_opencl_with_inspector_krun>

PS H:\kdna_opencl_with_inspector_krun> Remove-Item -Recurse -Force .\Origin_chr17_v08_family_zoom -ErrorAction SilentlyContinue
PS H:\kdna_opencl_with_inspector_krun>
PS H:\kdna_opencl_with_inspector_krun> .\scripts\kalyx_origin_family_v0_8.ps1 `
>>   -TopKmersCsv .\Origin_chr17_v07_motif_zoom\kalyx_origin_v0_7_top_kmers_all.csv `
>>   -OutDir .\Origin_chr17_v08_family_zoom `
>>   -KValues "12,16,20" `
>>   -Hamming 2 `
>>   -MinCount 1 `
>>   -TopFamilies 25 `
>>   -Strict
=== KALYX-ORIGIN v0.8: motif-family / consensus clustering ===
top=.\Origin_chr17_v07_motif_zoom\kalyx_origin_v0_7_top_kmers_all.csv out=.\Origin_chr17_v08_family_zoom k=12,16,20 hamming=2 minCount=1 rcLink=False
kalyx_motif_family v0.8: rows=768 families=66 hamming=2 rc_link=0 out=.\Origin_chr17_v08_family_zoom\k12
kalyx_motif_family v0.8: rows=768 families=73 hamming=2 rc_link=0 out=.\Origin_chr17_v08_family_zoom\k16
kalyx_motif_family v0.8: rows=768 families=89 hamming=2 rc_link=0 out=.\Origin_chr17_v08_family_zoom\k20
KALYX-ORIGIN v0.8 complete:
  .\Origin_chr17_v08_family_zoom\KALYX_ORIGIN_V0_8_FAMILY_REPORT.md
  .\Origin_chr17_v08_family_zoom\kalyx_origin_v0_8_families_all.csv
  .\Origin_chr17_v08_family_zoom\kalyx_origin_v0_8_members_all.csv
  .\Origin_chr17_v08_family_zoom\kalyx_origin_v0_8_edges_all.csv
PS H:\kdna_opencl_with_inspector_krun> Get-Content .\Origin_chr17_v08_family_zoom\KALYX_ORIGIN_V0_8_FAMILY_REPORT.md
# KALYX-ORIGIN v0.8 Motif-Family Report

Consensus and motif-family clustering for KALYX-ORIGIN v0.7 top-kmer outputs.

## Inputs

- TopKmersCsv: `.\Origin_chr17_v07_motif_zoom\kalyx_origin_v0_7_top_kmers_all.csv`
- KValues: `12,16,20`
- Hamming: `2`
- MinCount: `1`
- RcLink: `False`

## Top Motif Families

| Rank | k | Family | Size | TotalCount | Consensus | Support | RC balance | Top member | Labels |
|---:|---:|---:|---:|---:|---|---:|---:|---|---:|
| 1 | 12 | 0 | 12 | 10375 | AGCATTCTCAGA | 1,000000 | 0,000096 | AGCATTCTCAGA | 12 |
| 2 | 12 | 1 | 12 | 10304 | GCATTCTCAGAA | 1,000000 | 0,000097 | GCATTCTCAGAA | 12 |
| 3 | 12 | 2 | 12 | 9678 | AAGCATTCTCAG | 1,000000 | 0,000103 | AAGCATTCTCAG | 12 |
| 4 | 12 | 3 | 12 | 9594 | GAAGCATTCTCA | 1,000000 | 0,000104 | GAAGCATTCTCA | 12 |
| 5 | 16 | 14 | 24 | 9081 | GTGATGTTTGCATTCA | 0,970054 | 0,000110 | GTGATGTTTGCATTCA | 12 |
| 6 | 12 | 4 | 12 | 8393 | AGAAGCATTCTC | 1,000000 | 0,000000 | AGAAGCATTCTC | 12 |
| 7 | 16 | 0 | 12 | 8218 | AGAAGCATTCTCAGAA | 1,000000 | 0,000000 | AGAAGCATTCTCAGAA | 12 |
| 8 | 12 | 11 | 12 | 8094 | ACAGAAGCATTC | 1,000000 | 0,000000 | ACAGAAGCATTC | 12 |
| 9 | 12 | 6 | 12 | 7930 | TGCATTCAACTC | 1,000000 | 0,000126 | TGCATTCAACTC | 12 |
| 10 | 12 | 5 | 12 | 7927 | GCATTCAACTCA | 1,000000 | 0,000126 | GCATTCAACTCA | 12 |
| 11 | 12 | 7 | 12 | 7894 | CATTCAACTCAC | 1,000000 | 0,000127 | CATTCAACTCAC | 12 |
| 12 | 16 | 13 | 24 | 7864 | TGATGTTTGCATTCAA | 0,975156 | 0,000127 | TGATGTTTGCATTCAA | 12 |
| 13 | 12 | 9 | 12 | 7801 | TTCGTTGGAAAC | 1,000000 | 0,000128 | TTCGTTGGAAAC | 12 |
| 14 | 12 | 10 | 12 | 7779 | TCGTTGGAAACG | 1,000000 | 0,000129 | TCGTTGGAAACG | 12 |
| 15 | 12 | 8 | 12 | 7702 | TTGGAAACGGGA | 1,000000 | 0,000130 | TTGGAAACGGGA | 12 |
| 16 | 12 | 12 | 12 | 7659 | CGTTGGAAACGG | 1,000000 | 0,000131 | CGTTGGAAACGG | 12 |
| 17 | 12 | 14 | 12 | 7339 | CAGAAGCATTCT | 1,000000 | 0,000000 | CAGAAGCATTCT | 12 |
| 18 | 12 | 13 | 12 | 7316 | TGAAACACTCTT | 1,000000 | 0,000137 | TGAAACACTCTT | 12 |
| 19 | 16 | 1 | 12 | 7270 | ACAGAAGCATTCTCAG | 1,000000 | 0,000000 | ACAGAAGCATTCTCAG | 12 |
| 20 | 16 | 2 | 12 | 7223 | CAGAAGCATTCTCAGA | 1,000000 | 0,000000 | CAGAAGCATTCTCAGA | 12 |
| 21 | 12 | 16 | 12 | 6682 | TTTCGTTGGAAA | 1,000000 | 0,000150 | TTTCGTTGGAAA | 12 |
| 22 | 12 | 15 | 12 | 6680 | ATTTCGTTGGAA | 1,000000 | 0,000150 | ATTTCGTTGGAA | 12 |
| 23 | 12 | 27 | 12 | 6648 | TCTGCAAGTGGA | 1,000000 | 0,000000 | TCTGCAAGTGGA | 12 |
| 24 | 12 | 18 | 12 | 6602 | ATTCAACTCACA | 1,000000 | 0,000151 | ATTCAACTCACA | 12 |
| 25 | 12 | 20 | 12 | 6601 | GATTTCGTTGGA | 1,000000 | 0,000151 | GATTTCGTTGGA | 12 |

## Interpretation Boundary

v0.8 clusters motif carriers into Hamming-neighborhood families and reports consensus, family mass and reverse-complement balance. It does not prove natural or artificial origin.

## Artefacts

- `.\Origin_chr17_v08_family_zoom\kalyx_origin_v0_8_families_all.csv`
- `.\Origin_chr17_v08_family_zoom\kalyx_origin_v0_8_members_all.csv`
- `.\Origin_chr17_v08_family_zoom\kalyx_origin_v0_8_edges_all.csv`
PS H:\kdna_opencl_with_inspector_krun> Get-Content .\Origin_chr17_v08_family_zoom\kalyx_origin_v0_8_families_all.csv -TotalCount 30
version,run_label,k,family_id,size,total_count,total_frequency,consensus,consensus_support,member_entropy_bits,rc_balance,gap_mean_weighted,gap_std_weighted,top_member,top_count,labels_count
KMFAM008,k12,12,0,12,10375,0.039576877954,AGCATTCTCAGA,1.000000000000,3.584867005182,0.000096385542,303.224304935904,149.074361987377,AGCATTCTCAGA,880,12
KMFAM008,k12,12,1,12,10304,0.039306039178,GCATTCTCAGAA,1.000000000000,3.584856046084,0.000097049689,305.366064148518,150.776497442401,GCATTCTCAGAA,877,12
KMFAM008,k12,12,2,12,9678,0.036918078066,AAGCATTCTCAG,1.000000000000,3.584872253715,0.000103327134,325.001396007411,163.183179815479,AAGCATTCTCAG,818,12
KMFAM008,k12,12,3,12,9594,0.036597648326,GAAGCATTCTCA,1.000000000000,3.584840616135,0.000104231812,327.850518362856,165.976624099869,GAAGCATTCTCA,815,12
KMFAM008,k12,12,4,12,8393,0.032016265637,AGAAGCATTCTC,1.000000000000,3.584892388424,0.000000000000,374.608570729558,185.621823429610,AGAAGCATTCTC,713,12
KMFAM008,k12,12,11,12,8094,0.030875685664,ACAGAAGCATTC,1.000000000000,3.584607347293,0.000000000000,388.111132602329,302.404918620429,ACAGAAGCATTC,707,12
KMFAM008,k12,12,6,12,7930,0.030250091204,TGCATTCAACTC,1.000000000000,3.584719482001,0.000126103405,396.362034510120,249.658409109644,TGCATTCAACTC,678,12
KMFAM008,k12,12,5,12,7927,0.030238647064,GCATTCAACTCA,1.000000000000,3.584735929251,0.000126151129,396.490648084696,249.870506325726,GCATTCAACTCA,679,12
KMFAM008,k12,12,7,12,7894,0.030112763849,CATTCAACTCAC,1.000000000000,3.584728947659,0.000126678490,398.042951753602,253.210566621522,CATTCAACTCAC,675,12
KMFAM008,k12,12,9,12,7801,0.029758003390,TTCGTTGGAAAC,1.000000000000,3.584581968743,0.000128188694,403.099959176517,203.739835330798,TTCGTTGGAAAC,671,12
KMFAM008,k12,12,10,12,7779,0.029674080951,TCGTTGGAAACG,1.000000000000,3.584594803547,0.000128551228,404.241726583509,204.260062436411,TCGTTGGAAACG,671,12
KMFAM008,k12,12,8,12,7702,0.029380354255,TTGGAAACGGGA,1.000000000000,3.584376959240,0.000129836406,408.333815294335,254.827516957399,TTGGAAACGGGA,673,12
KMFAM008,k12,12,12,12,7659,0.029216324731,CGTTGGAAACGG,1.000000000000,3.584537756313,0.000130565348,410.607418719552,224.906023043959,CGTTGGAAACGG,663,12
KMFAM008,k12,12,14,12,7339,0.027995636100,CAGAAGCATTCT,1.000000000000,3.584843636937,0.000000000000,428.080501478521,303.048092844676,CAGAAGCATTCT,622,12
KMFAM008,k12,12,13,12,7316,0.027907903665,TGAAACACTCTT,1.000000000000,3.583970429380,0.000136686714,429.891333459469,215.589527719509,TGAAACACTCTT,638,12
KMFAM008,k12,12,16,12,6682,0.025489420959,TTTCGTTGGAAA,1.000000000000,3.584771857381,0.000149655792,470.625719277436,243.012634134684,TTTCGTTGGAAA,567,12
KMFAM008,k12,12,15,12,6680,0.025481791594,ATTTCGTTGGAA,1.000000000000,3.584783368407,0.000149700599,470.766864512789,243.830671554074,ATTTCGTTGGAA,567,12
KMFAM008,k12,12,27,12,6648,0.025359714296,TCTGCAAGTGGA,1.000000000000,3.583612608638,0.000000000000,472.428932382431,421.522061481408,TCTGCAAGTGGA,594,12
KMFAM008,k12,12,18,12,6602,0.025184249541,ATTCAACTCACA,1.000000000000,3.584806826732,0.000151469252,475.386831783744,451.296367978187,ATTCAACTCACA,560,12
KMFAM008,k12,12,20,12,6601,0.025180434949,GATTTCGTTGGA,1.000000000000,3.584753747200,0.000151492198,476.385899538696,246.755561663663,GATTTCGTTGGA,563,12
KMFAM008,k12,12,19,12,6588,0.025130844857,TTCAACTCACAG,1.000000000000,3.584788399063,0.000151791135,476.398930132640,451.052255041586,TTCAACTCACAG,560,12
KMFAM008,k12,12,21,12,6557,0.025012589433,GAAACACTCTTT,1.000000000000,3.584777765684,0.000152508769,479.743390796422,201.558774475527,GAAACACTCTTT,565,12
KMFAM008,k12,12,17,12,6460,0.024642572048,GTTGGAAACGGG,1.000000000000,3.584502507509,0.000154798762,486.775092608810,316.226672100330,GTTGGAAACGGG,563,12
KMFAM008,k12,12,36,12,6366,0.024283989370,CATTCTCAGAAA,1.000000000000,3.584422056054,0.000157084511,493.664017161374,517.195916880917,CATTCTCAGAAA,558,12
KMFAM008,k12,12,31,12,6353,0.024234398988,AATCTGCAAGTG,1.000000000000,3.584198568140,0.000000000000,494.644585550147,239.512278642687,AATCTGCAAGTG,565,12
KMFAM008,k12,12,30,12,6349,0.024219140142,GAATCTGCAAGT,1.000000000000,3.584172054245,0.000000000000,495.115925360370,239.645695751149,GAATCTGCAAGT,564,12
KMFAM008,k12,12,32,12,6349,0.024219141363,TTCTCAGAAACT,1.000000000000,3.584425236969,0.000157505119,494.828177457575,519.165221112920,TTCTCAGAAACT,561,12
KMFAM008,k12,12,34,12,6327,0.024135218229,ATCTGCAAGTGG,1.000000000000,3.584038866332,0.000000000000,496.630638024121,406.290059939062,ATCTGCAAGTGG,566,12
KMFAM008,k12,12,25,12,6193,0.023624062967,TTTGAAACACTC,1.000000000000,3.583862049751,0.000161472630,507.446644050737,287.233813374042,TTTGAAACACTC,538,12
PS H:\kdna_opencl_with_inspector_krun> Get-Content .\Origin_chr17_v08_family_zoom\kalyx_origin_v0_8_members_all.csv -TotalCount 30
version,run_label,k,family_id,member_rank,label,kmer,count,frequency,revcomp,revcomp_count,dist_to_consensus,first_pos,last_pos,gap_mean,gap_std
KMFAM008,k12,12,0,1,window_0019,AGCATTCTCAGA,880,0.003356895177,TCTGAGAATGCT,0,0,150,262022,297.920364050057,141.867106113114
KMFAM008,k12,12,0,2,window_0017,AGCATTCTCAGA,879,0.003352978200,TCTGAGAATGCT,1,0,67,262249,298.612756264237,151.018585413316
KMFAM008,k12,12,0,3,window_0018,AGCATTCTCAGA,875,0.003337770979,TCTGAGAATGCT,0,0,46,262239,299.991990846682,144.670512351659
KMFAM008,k12,12,0,4,window_0011,AGCATTCTCAGA,870,0.003318748641,TCTGAGAATGCT,0,0,135,262113,301.470655926352,154.602190059346
KMFAM008,k12,12,0,5,window_0012,AGCATTCTCAGA,867,0.003307304680,TCTGAGAATGCT,0,0,311,261847,302.004618937644,149.733951826914
KMFAM008,k12,12,0,6,window_0013,AGCATTCTCAGA,864,0.003295860719,TCTGAGAATGCT,0,0,207,261955,303.300115874855,145.843521877672
KMFAM008,k12,12,0,7,window_0010,AGCATTCTCAGA,863,0.003292046066,TCTGAGAATGCT,0,0,343,262112,303.676334106729,155.299570911540
KMFAM008,k12,12,0,8,window_0008,AGCATTCTCAGA,863,0.003292046066,TCTGAGAATGCT,0,0,80,262024,303.879350348028,151.222510310588
KMFAM008,k12,12,0,9,window_0014,AGCATTCTCAGA,858,0.003272972798,TCTGAGAATGCT,0,0,489,262033,305.185530921820,145.148374979331
KMFAM008,k12,12,0,10,window_0016,AGCATTCTCAGA,856,0.003265343490,TCTGAGAATGCT,0,0,52,261871,306.221052631579,152.554671327761
KMFAM008,k12,12,0,11,window_0015,AGCATTCTCAGA,855,0.003261528837,TCTGAGAATGCT,0,0,397,262029,306.360655737705,149.092763502606
KMFAM008,k12,12,0,12,window_0009,AGCATTCTCAGA,845,0.003223382301,TCTGAGAATGCT,0,0,47,262143,310.540284360190,147.943668150721
KMFAM008,k12,12,1,1,window_0019,GCATTCTCAGAA,877,0.003345451216,TTCTGAGAATGC,0,0,151,262023,298.940639269406,143.336437711585
KMFAM008,k12,12,1,2,window_0018,GCATTCTCAGAA,869,0.003314883407,TTCTGAGAATGC,0,0,47,262240,302.065668202765,146.839881356570
KMFAM008,k12,12,1,3,window_0017,GCATTCTCAGAA,868,0.003311018291,TTCTGAGAATGC,1,0,68,262250,302.401384083045,155.080870811782
KMFAM008,k12,12,1,4,window_0011,GCATTCTCAGAA,865,0.003299675373,TTCTGAGAATGC,0,0,136,262114,303.215277777778,156.742505130988
KMFAM008,k12,12,1,5,window_0010,GCATTCTCAGAA,863,0.003292046066,TTCTGAGAATGC,0,0,0,262113,304.075406032483,155.576586799987
KMFAM008,k12,12,1,6,window_0012,GCATTCTCAGAA,862,0.003288231412,TTCTGAGAATGC,0,0,312,261848,303.758420441347,151.240107043262
KMFAM008,k12,12,1,7,window_0008,GCATTCTCAGAA,857,0.003269158144,TTCTGAGAATGC,0,0,81,262025,306.009345794393,152.218323919807
KMFAM008,k12,12,1,8,window_0013,GCATTCTCAGAA,857,0.003269158144,TTCTGAGAATGC,0,0,208,261956,305.780373831776,146.994813271871
KMFAM008,k12,12,1,9,window_0014,GCATTCTCAGAA,854,0.003257714183,TTCTGAGAATGC,0,0,320,262034,306.815943728019,145.706879883710
KMFAM008,k12,12,1,10,window_0016,GCATTCTCAGAA,848,0.003234826262,TTCTGAGAATGC,0,0,53,261872,309.113341204250,154.062419767015
KMFAM008,k12,12,1,11,window_0015,GCATTCTCAGAA,844,0.003219567647,TTCTGAGAATGC,0,0,398,262030,310.358244365362,152.487308886780
KMFAM008,k12,12,1,12,window_0009,GCATTCTCAGAA,840,0.003204309033,TTCTGAGAATGC,0,0,48,262144,312.390941597139,149.123253256117
KMFAM008,k12,12,2,1,window_0013,AAGCATTCTCAG,818,0.003120386653,CTGAGAATGCTT,0,0,206,261954,320.376988984088,157.091440862965
KMFAM008,k12,12,2,2,window_0014,AAGCATTCTCAG,817,0.003116572000,CTGAGAATGCTT,0,0,488,262032,320.519607843137,156.108801638043
KMFAM008,k12,12,2,3,window_0012,AAGCATTCTCAG,816,0.003112757346,CTGAGAATGCTT,0,0,310,261846,320.903067484663,158.515518941181
KMFAM008,k12,12,2,4,window_0008,AAGCATTCTCAG,814,0.003105128039,CTGAGAATGCTT,0,0,79,262023,322.194341943419,159.387323632640
KMFAM008,k12,12,2,5,window_0010,AAGCATTCTCAG,811,0.003093684078,CTGAGAATGCTT,0,0,342,262111,323.171604938272,170.828717722339
PS H:\kdna_opencl_with_inspector_krun> Get-Content .\Origin_chr17_v08_family_zoom\kalyx_origin_v0_8_edges_all.csv -TotalCount 30
version,run_label,k,source_kmer,target_kmer,source_label,target_label,hamming,source_count,target_count,edge_kind
KMFAM008,k12,12,AGCATTCTCAGA,AGCATTCTCAGA,window_0014,window_0012,0,858,867,hamming
KMFAM008,k12,12,AGCATTCTCAGA,AGCATTCTCAGA,window_0014,window_0013,0,858,864,hamming
KMFAM008,k12,12,AGCATTCTCAGA,AGCATTCTCAGA,window_0014,window_0011,0,858,870,hamming
KMFAM008,k12,12,AGCATTCTCAGA,AGCATTCTCAGA,window_0014,window_0009,0,858,845,hamming
KMFAM008,k12,12,AGCATTCTCAGA,AGCATTCTCAGA,window_0014,window_0008,0,858,863,hamming
KMFAM008,k12,12,AGCATTCTCAGA,AGCATTCTCAGA,window_0014,window_0015,0,858,855,hamming
KMFAM008,k12,12,AGCATTCTCAGA,AGCATTCTCAGA,window_0014,window_0010,0,858,863,hamming
KMFAM008,k12,12,AGCATTCTCAGA,AGCATTCTCAGA,window_0014,window_0019,0,858,880,hamming
KMFAM008,k12,12,AGCATTCTCAGA,AGCATTCTCAGA,window_0014,window_0016,0,858,856,hamming
KMFAM008,k12,12,AGCATTCTCAGA,AGCATTCTCAGA,window_0014,window_0018,0,858,875,hamming
KMFAM008,k12,12,AGCATTCTCAGA,AGCATTCTCAGA,window_0014,window_0017,0,858,879,hamming
KMFAM008,k12,12,GCATTCTCAGAA,GCATTCTCAGAA,window_0014,window_0012,0,854,862,hamming
KMFAM008,k12,12,GCATTCTCAGAA,GCATTCTCAGAA,window_0014,window_0013,0,854,857,hamming
KMFAM008,k12,12,GCATTCTCAGAA,GCATTCTCAGAA,window_0014,window_0011,0,854,865,hamming
KMFAM008,k12,12,GCATTCTCAGAA,GCATTCTCAGAA,window_0014,window_0009,0,854,840,hamming
KMFAM008,k12,12,GCATTCTCAGAA,GCATTCTCAGAA,window_0014,window_0008,0,854,857,hamming
KMFAM008,k12,12,GCATTCTCAGAA,GCATTCTCAGAA,window_0014,window_0015,0,854,844,hamming
KMFAM008,k12,12,GCATTCTCAGAA,GCATTCTCAGAA,window_0014,window_0010,0,854,863,hamming
KMFAM008,k12,12,GCATTCTCAGAA,GCATTCTCAGAA,window_0014,window_0019,0,854,877,hamming
KMFAM008,k12,12,GCATTCTCAGAA,GCATTCTCAGAA,window_0014,window_0016,0,854,848,hamming
KMFAM008,k12,12,GCATTCTCAGAA,GCATTCTCAGAA,window_0014,window_0018,0,854,869,hamming
KMFAM008,k12,12,GCATTCTCAGAA,GCATTCTCAGAA,window_0014,window_0017,0,854,868,hamming
KMFAM008,k12,12,AAGCATTCTCAG,AAGCATTCTCAG,window_0014,window_0012,0,817,816,hamming
KMFAM008,k12,12,AAGCATTCTCAG,AAGCATTCTCAG,window_0014,window_0013,0,817,818,hamming
KMFAM008,k12,12,AAGCATTCTCAG,AAGCATTCTCAG,window_0014,window_0011,0,817,809,hamming
KMFAM008,k12,12,AAGCATTCTCAG,AAGCATTCTCAG,window_0014,window_0009,0,817,808,hamming
KMFAM008,k12,12,AAGCATTCTCAG,AAGCATTCTCAG,window_0014,window_0008,0,817,814,hamming
KMFAM008,k12,12,AAGCATTCTCAG,AAGCATTCTCAG,window_0014,window_0015,0,817,802,hamming
KMFAM008,k12,12,AAGCATTCTCAG,AAGCATTCTCAG,window_0014,window_0010,0,817,811,hamming
PS H:\kdna_opencl_with_inspector_krun> Remove-Item -Recurse -Force .\Origin_chr17_v08_multiscale_family -ErrorAction SilentlyContinue
PS H:\kdna_opencl_with_inspector_krun>
PS H:\kdna_opencl_with_inspector_krun> .\scripts\kalyx_origin_multiscale_family_v0_8.ps1 `
>>   -MotifRoot .\Origin_chr17_v07_multiscale_motif `
>>   -OutRoot .\Origin_chr17_v08_multiscale_family `
>>   -KValues "12,16,20" `
>>   -Hamming 2 `
>>   -MinCount 1 `
>>   -TopFamilies 25 `
>>   -Strict
=== KALYX-ORIGIN v0.8 family clustering: w1048576 ===
=== KALYX-ORIGIN v0.8: motif-family / consensus clustering ===
top=H:\kdna_opencl_with_inspector_krun\Origin_chr17_v07_multiscale_motif\w1048576\kalyx_origin_v0_7_top_kmers_all.csv out=.\Origin_chr17_v08_multiscale_family\w1048576 k=12,16,20 hamming=2 minCount=1 rcLink=False
kalyx_motif_family v0.8: rows=320 families=91 hamming=2 rc_link=0 out=.\Origin_chr17_v08_multiscale_family\w1048576\k12
kalyx_motif_family v0.8: rows=320 families=90 hamming=2 rc_link=0 out=.\Origin_chr17_v08_multiscale_family\w1048576\k16
kalyx_motif_family v0.8: rows=320 families=106 hamming=2 rc_link=0 out=.\Origin_chr17_v08_multiscale_family\w1048576\k20
KALYX-ORIGIN v0.8 complete:
  .\Origin_chr17_v08_multiscale_family\w1048576\KALYX_ORIGIN_V0_8_FAMILY_REPORT.md
  .\Origin_chr17_v08_multiscale_family\w1048576\kalyx_origin_v0_8_families_all.csv
  .\Origin_chr17_v08_multiscale_family\w1048576\kalyx_origin_v0_8_members_all.csv
  .\Origin_chr17_v08_multiscale_family\w1048576\kalyx_origin_v0_8_edges_all.csv
=== KALYX-ORIGIN v0.8 family clustering: w131072 ===
=== KALYX-ORIGIN v0.8: motif-family / consensus clustering ===
top=H:\kdna_opencl_with_inspector_krun\Origin_chr17_v07_multiscale_motif\w131072\kalyx_origin_v0_7_top_kmers_all.csv out=.\Origin_chr17_v08_multiscale_family\w131072 k=12,16,20 hamming=2 minCount=1 rcLink=False
kalyx_motif_family v0.8: rows=320 families=70 hamming=2 rc_link=0 out=.\Origin_chr17_v08_multiscale_family\w131072\k12
kalyx_motif_family v0.8: rows=320 families=73 hamming=2 rc_link=0 out=.\Origin_chr17_v08_multiscale_family\w131072\k16
kalyx_motif_family v0.8: rows=320 families=83 hamming=2 rc_link=0 out=.\Origin_chr17_v08_multiscale_family\w131072\k20
KALYX-ORIGIN v0.8 complete:
  .\Origin_chr17_v08_multiscale_family\w131072\KALYX_ORIGIN_V0_8_FAMILY_REPORT.md
  .\Origin_chr17_v08_multiscale_family\w131072\kalyx_origin_v0_8_families_all.csv
  .\Origin_chr17_v08_multiscale_family\w131072\kalyx_origin_v0_8_members_all.csv
  .\Origin_chr17_v08_multiscale_family\w131072\kalyx_origin_v0_8_edges_all.csv
=== KALYX-ORIGIN v0.8 family clustering: w262144 ===
=== KALYX-ORIGIN v0.8: motif-family / consensus clustering ===
top=H:\kdna_opencl_with_inspector_krun\Origin_chr17_v07_multiscale_motif\w262144\kalyx_origin_v0_7_top_kmers_all.csv out=.\Origin_chr17_v08_multiscale_family\w262144 k=12,16,20 hamming=2 minCount=1 rcLink=False
kalyx_motif_family v0.8: rows=320 families=65 hamming=2 rc_link=0 out=.\Origin_chr17_v08_multiscale_family\w262144\k12
kalyx_motif_family v0.8: rows=320 families=68 hamming=2 rc_link=0 out=.\Origin_chr17_v08_multiscale_family\w262144\k16
kalyx_motif_family v0.8: rows=320 families=79 hamming=2 rc_link=0 out=.\Origin_chr17_v08_multiscale_family\w262144\k20
KALYX-ORIGIN v0.8 complete:
  .\Origin_chr17_v08_multiscale_family\w262144\KALYX_ORIGIN_V0_8_FAMILY_REPORT.md
  .\Origin_chr17_v08_multiscale_family\w262144\kalyx_origin_v0_8_families_all.csv
  .\Origin_chr17_v08_multiscale_family\w262144\kalyx_origin_v0_8_members_all.csv
  .\Origin_chr17_v08_multiscale_family\w262144\kalyx_origin_v0_8_edges_all.csv
=== KALYX-ORIGIN v0.8 family clustering: w524288 ===
=== KALYX-ORIGIN v0.8: motif-family / consensus clustering ===
top=H:\kdna_opencl_with_inspector_krun\Origin_chr17_v07_multiscale_motif\w524288\kalyx_origin_v0_7_top_kmers_all.csv out=.\Origin_chr17_v08_multiscale_family\w524288 k=12,16,20 hamming=2 minCount=1 rcLink=False
kalyx_motif_family v0.8: rows=320 families=66 hamming=2 rc_link=0 out=.\Origin_chr17_v08_multiscale_family\w524288\k12
kalyx_motif_family v0.8: rows=320 families=69 hamming=2 rc_link=0 out=.\Origin_chr17_v08_multiscale_family\w524288\k16
kalyx_motif_family v0.8: rows=320 families=81 hamming=2 rc_link=0 out=.\Origin_chr17_v08_multiscale_family\w524288\k20
KALYX-ORIGIN v0.8 complete:
  .\Origin_chr17_v08_multiscale_family\w524288\KALYX_ORIGIN_V0_8_FAMILY_REPORT.md
  .\Origin_chr17_v08_multiscale_family\w524288\kalyx_origin_v0_8_families_all.csv
  .\Origin_chr17_v08_multiscale_family\w524288\kalyx_origin_v0_8_members_all.csv
  .\Origin_chr17_v08_multiscale_family\w524288\kalyx_origin_v0_8_edges_all.csv
KALYX-ORIGIN v0.8 multiscale family complete:
  .\Origin_chr17_v08_multiscale_family\KALYX_ORIGIN_V0_8_MULTISCALE_FAMILY_SUMMARY.md
PS H:\kdna_opencl_with_inspector_krun> Get-Content .\Origin_chr17_v08_multiscale_family\KALYX_ORIGIN_V0_8_MULTISCALE_FAMILY_SUMMARY.md
# KALYX-ORIGIN v0.8 Multiscale Motif-Family Summary

Motif-family clustering across v0.7 multiscale outputs.

## w1048576

- TopKmers: `H:\kdna_opencl_with_inspector_krun\Origin_chr17_v07_multiscale_motif\w1048576\kalyx_origin_v0_7_top_kmers_all.csv`
- Output: `.\Origin_chr17_v08_multiscale_family\w1048576`
- Top consensus: `GCATTCTCAGAA`
- k: `12`
- total_count: `12533`
- size: `5`
- rc_balance: `0.001436208410`

## w131072

- TopKmers: `H:\kdna_opencl_with_inspector_krun\Origin_chr17_v07_multiscale_motif\w131072\kalyx_origin_v0_7_top_kmers_all.csv`
- Output: `.\Origin_chr17_v08_multiscale_family\w131072`
- Top consensus: `GAATGGAATGGA`
- k: `12`
- total_count: `6953`
- size: `17`
- rc_balance: `0.000000000000`

## w262144

- TopKmers: `H:\kdna_opencl_with_inspector_krun\Origin_chr17_v07_multiscale_motif\w262144\kalyx_origin_v0_7_top_kmers_all.csv`
- Output: `.\Origin_chr17_v08_multiscale_family\w262144`
- Top consensus: `AGCATTCTCAGA`
- k: `12`
- total_count: `4304`
- size: `5`
- rc_balance: `0.000000000000`

## w524288

- TopKmers: `H:\kdna_opencl_with_inspector_krun\Origin_chr17_v07_multiscale_motif\w524288\kalyx_origin_v0_7_top_kmers_all.csv`
- Output: `.\Origin_chr17_v08_multiscale_family\w524288`
- Top consensus: `AGCATTCTCAGA`
- k: `12`
- total_count: `8640`
- size: `5`
- rc_balance: `0.000000000000`

PS H:\kdna_opencl_with_inspector_krun>

PS H:\kdna_opencl_with_inspector_krun> .\scripts\kalyx_origin_signature_v0_9.ps1 `
>>   -Fasta .\chr17.fa `
>>   -FamiliesCsv .\Origin_chr17_v08_family_zoom\kalyx_origin_v0_8_families_all.csv `
>>   -OutDir .\Origin_chr17_v09_signature_scan `
>>   -K "12" `
>>   -TopFamilies 8 `
>>   -BaseStart 0 `
>>   -WindowBases 1048576 `
>>   -StepBases 1048576 `
>>   -Windows 80 `
>>   -PeriodMax 512 `
>>   -Strict
=== KALYX-ORIGIN v0.9: family signature scan ===
fasta=.\chr17.fa families=.\Origin_chr17_v08_family_zoom\kalyx_origin_v0_8_families_all.csv out=.\Origin_chr17_v09_signature_scan k=12 topFamilies=8 start=0 window=1048576 step=1048576 windows=80
kalyx_signature_scan v0.9: sig_k12_0000 base=[0,1048576] len=1048576 hits=1 rc=3 density=0.000000954 rc_balance=0.800000000 period=1 rate=0.333333
kalyx_signature_scan v0.9: sig_k12_0001 base=[1048576,2097152] len=1048576 hits=1 rc=0 density=0.000000954 rc_balance=0.500000000 period=0 rate=0.000000
kalyx_signature_scan v0.9: sig_k12_0002 base=[2097152,3145728] len=1048576 hits=0 rc=0 density=0.000000000 rc_balance=1.000000000 period=0 rate=0.000000
kalyx_signature_scan v0.9: sig_k12_0003 base=[3145728,4194304] len=1048576 hits=1 rc=1 density=0.000000954 rc_balance=0.666666667 period=0 rate=0.000000
kalyx_signature_scan v0.9: sig_k12_0004 base=[4194304,5242880] len=1048576 hits=1 rc=0 density=0.000000954 rc_balance=0.500000000 period=0 rate=0.000000
kalyx_signature_scan v0.9: sig_k12_0005 base=[5242880,6291456] len=1048576 hits=2 rc=1 density=0.000001907 rc_balance=0.500000000 period=0 rate=0.000000
kalyx_signature_scan v0.9: sig_k12_0006 base=[6291456,7340032] len=1048576 hits=0 rc=1 density=0.000000000 rc_balance=1.000000000 period=0 rate=0.000000
kalyx_signature_scan v0.9: sig_k12_0007 base=[7340032,8388608] len=1048576 hits=1 rc=0 density=0.000000954 rc_balance=0.500000000 period=0 rate=0.000000
kalyx_signature_scan v0.9: sig_k12_0008 base=[8388608,9437184] len=1048576 hits=2 rc=2 density=0.000001907 rc_balance=0.600000000 period=79 rate=0.142857
kalyx_signature_scan v0.9: sig_k12_0009 base=[9437184,10485760] len=1048576 hits=1 rc=0 density=0.000000954 rc_balance=0.500000000 period=0 rate=0.000000
kalyx_signature_scan v0.9: sig_k12_0010 base=[10485760,11534336] len=1048576 hits=2 rc=0 density=0.000001907 rc_balance=0.333333333 period=0 rate=0.000000
kalyx_signature_scan v0.9: sig_k12_0011 base=[11534336,12582912] len=1048576 hits=1 rc=2 density=0.000000954 rc_balance=0.750000000 period=1 rate=0.200000
kalyx_signature_scan v0.9: sig_k12_0012 base=[12582912,13631488] len=1048576 hits=2 rc=3 density=0.000001907 rc_balance=0.666666667 period=1 rate=0.250000
kalyx_signature_scan v0.9: sig_k12_0013 base=[13631488,14680064] len=1048576 hits=0 rc=0 density=0.000000000 rc_balance=1.000000000 period=0 rate=0.000000
kalyx_signature_scan v0.9: sig_k12_0014 base=[14680064,15728640] len=1048576 hits=0 rc=0 density=0.000000000 rc_balance=1.000000000 period=0 rate=0.000000
kalyx_signature_scan v0.9: sig_k12_0015 base=[15728640,16777216] len=1048576 hits=4 rc=0 density=0.000003815 rc_balance=0.200000000 period=1 rate=0.333333
kalyx_signature_scan v0.9: sig_k12_0016 base=[16777216,17825792] len=1048576 hits=0 rc=1 density=0.000000000 rc_balance=1.000000000 period=0 rate=0.000000
kalyx_signature_scan v0.9: sig_k12_0017 base=[17825792,18874368] len=1048576 hits=0 rc=0 density=0.000000000 rc_balance=1.000000000 period=0 rate=0.000000
kalyx_signature_scan v0.9: sig_k12_0018 base=[18874368,19922944] len=1048576 hits=0 rc=0 density=0.000000000 rc_balance=1.000000000 period=0 rate=0.000000
kalyx_signature_scan v0.9: sig_k12_0019 base=[19922944,20971520] len=1048576 hits=0 rc=0 density=0.000000000 rc_balance=1.000000000 period=0 rate=0.000000
kalyx_signature_scan v0.9: sig_k12_0020 base=[20971520,22020096] len=1048576 hits=0 rc=0 density=0.000000000 rc_balance=1.000000000 period=0 rate=0.000000
kalyx_signature_scan v0.9: sig_k12_0021 base=[22020096,23068672] len=1048576 hits=4460 rc=0 density=0.004253387 rc_balance=0.000224165 period=1 rate=0.422194
kalyx_signature_scan v0.9: sig_k12_0022 base=[23068672,24117248] len=1048576 hits=23072 rc=0 density=0.022003174 rc_balance=0.000043341 period=1 rate=0.460115
kalyx_signature_scan v0.9: sig_k12_0023 base=[24117248,25165824] len=1048576 hits=24222 rc=0 density=0.023099899 rc_balance=0.000041283 period=1 rate=0.464893
kalyx_signature_scan v0.9: sig_k12_0024 base=[25165824,26214400] len=1048576 hits=23956 rc=6 density=0.022846222 rc_balance=0.000292117 period=1 rate=0.460608
kalyx_signature_scan v0.9: sig_k12_0025 base=[26214400,27262976] len=1048576 hits=10841 rc=112 density=0.010338783 rc_balance=0.010315866 period=1 rate=0.457679
kalyx_signature_scan v0.9: sig_k12_0026 base=[27262976,28311552] len=1048576 hits=0 rc=0 density=0.000000000 rc_balance=1.000000000 period=0 rate=0.000000
kalyx_signature_scan v0.9: sig_k12_0027 base=[28311552,29360128] len=1048576 hits=4 rc=1 density=0.000003815 rc_balance=0.333333333 period=1 rate=0.111111
kalyx_signature_scan v0.9: sig_k12_0028 base=[29360128,30408704] len=1048576 hits=0 rc=1 density=0.000000000 rc_balance=1.000000000 period=0 rate=0.000000
kalyx_signature_scan v0.9: sig_k12_0029 base=[30408704,31457280] len=1048576 hits=0 rc=0 density=0.000000000 rc_balance=1.000000000 period=0 rate=0.000000
kalyx_signature_scan v0.9: sig_k12_0030 base=[31457280,32505856] len=1048576 hits=0 rc=5 density=0.000000000 rc_balance=1.000000000 period=1 rate=0.666667
kalyx_signature_scan v0.9: sig_k12_0031 base=[32505856,33554432] len=1048576 hits=0 rc=1 density=0.000000000 rc_balance=1.000000000 period=0 rate=0.000000
kalyx_signature_scan v0.9: sig_k12_0032 base=[33554432,34603008] len=1048576 hits=4 rc=1 density=0.000003815 rc_balance=0.333333333 period=0 rate=0.000000
kalyx_signature_scan v0.9: sig_k12_0033 base=[34603008,35651584] len=1048576 hits=0 rc=1 density=0.000000000 rc_balance=1.000000000 period=0 rate=0.000000
kalyx_signature_scan v0.9: sig_k12_0034 base=[35651584,36700160] len=1048576 hits=0 rc=0 density=0.000000000 rc_balance=1.000000000 period=0 rate=0.000000
kalyx_signature_scan v0.9: sig_k12_0035 base=[36700160,37748736] len=1048576 hits=1 rc=1 density=0.000000954 rc_balance=0.666666667 period=0 rate=0.000000
kalyx_signature_scan v0.9: sig_k12_0036 base=[37748736,38797312] len=1048576 hits=4 rc=0 density=0.000003815 rc_balance=0.200000000 period=1 rate=0.333333
kalyx_signature_scan v0.9: sig_k12_0037 base=[38797312,39845888] len=1048576 hits=1 rc=0 density=0.000000954 rc_balance=0.500000000 period=0 rate=0.000000
kalyx_signature_scan v0.9: sig_k12_0038 base=[39845888,40894464] len=1048576 hits=1 rc=3 density=0.000000954 rc_balance=0.800000000 period=1 rate=0.333333
kalyx_signature_scan v0.9: sig_k12_0039 base=[40894464,41943040] len=1048576 hits=0 rc=0 density=0.000000000 rc_balance=1.000000000 period=0 rate=0.000000
kalyx_signature_scan v0.9: sig_k12_0040 base=[41943040,42991616] len=1048576 hits=0 rc=1 density=0.000000000 rc_balance=1.000000000 period=0 rate=0.000000
kalyx_signature_scan v0.9: sig_k12_0041 base=[42991616,44040192] len=1048576 hits=1 rc=5 density=0.000000954 rc_balance=0.857142857 period=1 rate=0.200000
kalyx_signature_scan v0.9: sig_k12_0042 base=[44040192,45088768] len=1048576 hits=1 rc=0 density=0.000000954 rc_balance=0.500000000 period=0 rate=0.000000
kalyx_signature_scan v0.9: sig_k12_0043 base=[45088768,46137344] len=1048576 hits=0 rc=0 density=0.000000000 rc_balance=1.000000000 period=0 rate=0.000000
kalyx_signature_scan v0.9: sig_k12_0044 base=[46137344,47185920] len=1048576 hits=4 rc=0 density=0.000003815 rc_balance=0.200000000 period=1 rate=0.333333
kalyx_signature_scan v0.9: sig_k12_0045 base=[47185920,48234496] len=1048576 hits=0 rc=0 density=0.000000000 rc_balance=1.000000000 period=0 rate=0.000000
kalyx_signature_scan v0.9: sig_k12_0046 base=[48234496,49283072] len=1048576 hits=0 rc=0 density=0.000000000 rc_balance=1.000000000 period=0 rate=0.000000
kalyx_signature_scan v0.9: sig_k12_0047 base=[49283072,50331648] len=1048576 hits=0 rc=0 density=0.000000000 rc_balance=1.000000000 period=0 rate=0.000000
kalyx_signature_scan v0.9: sig_k12_0048 base=[50331648,51380224] len=1048576 hits=0 rc=0 density=0.000000000 rc_balance=1.000000000 period=0 rate=0.000000
kalyx_signature_scan v0.9: sig_k12_0049 base=[51380224,52428800] len=1048576 hits=0 rc=1 density=0.000000000 rc_balance=1.000000000 period=0 rate=0.000000
kalyx_signature_scan v0.9: sig_k12_0050 base=[52428800,53477376] len=1048576 hits=1 rc=0 density=0.000000954 rc_balance=0.500000000 period=0 rate=0.000000
kalyx_signature_scan v0.9: sig_k12_0051 base=[53477376,54525952] len=1048576 hits=0 rc=0 density=0.000000000 rc_balance=1.000000000 period=0 rate=0.000000
kalyx_signature_scan v0.9: sig_k12_0052 base=[54525952,55574528] len=1048576 hits=0 rc=0 density=0.000000000 rc_balance=1.000000000 period=0 rate=0.000000
kalyx_signature_scan v0.9: sig_k12_0053 base=[55574528,56623104] len=1048576 hits=2 rc=2 density=0.000001907 rc_balance=0.600000000 period=0 rate=0.000000
kalyx_signature_scan v0.9: sig_k12_0054 base=[56623104,57671680] len=1048576 hits=0 rc=1 density=0.000000000 rc_balance=1.000000000 period=0 rate=0.000000
kalyx_signature_scan v0.9: sig_k12_0055 base=[57671680,58720256] len=1048576 hits=4 rc=0 density=0.000003815 rc_balance=0.200000000 period=1 rate=0.600000
kalyx_signature_scan v0.9: sig_k12_0056 base=[58720256,59768832] len=1048576 hits=0 rc=0 density=0.000000000 rc_balance=1.000000000 period=0 rate=0.000000
kalyx_signature_scan v0.9: sig_k12_0057 base=[59768832,60817408] len=1048576 hits=4 rc=3 density=0.000003815 rc_balance=0.500000000 period=1 rate=0.400000
kalyx_signature_scan v0.9: sig_k12_0058 base=[60817408,61865984] len=1048576 hits=0 rc=2 density=0.000000000 rc_balance=1.000000000 period=1 rate=0.333333
kalyx_signature_scan v0.9: sig_k12_0059 base=[61865984,62914560] len=1048576 hits=0 rc=3 density=0.000000000 rc_balance=1.000000000 period=1 rate=0.200000
kalyx_signature_scan v0.9: sig_k12_0060 base=[62914560,63963136] len=1048576 hits=1 rc=0 density=0.000000954 rc_balance=0.500000000 period=0 rate=0.000000
kalyx_signature_scan v0.9: sig_k12_0061 base=[63963136,65011712] len=1048576 hits=0 rc=0 density=0.000000000 rc_balance=1.000000000 period=0 rate=0.000000
kalyx_signature_scan v0.9: sig_k12_0062 base=[65011712,66060288] len=1048576 hits=0 rc=0 density=0.000000000 rc_balance=1.000000000 period=0 rate=0.000000
kalyx_signature_scan v0.9: sig_k12_0063 base=[66060288,67108864] len=1048576 hits=2 rc=0 density=0.000001907 rc_balance=0.333333333 period=0 rate=0.000000
kalyx_signature_scan v0.9: sig_k12_0064 base=[67108864,68157440] len=1048576 hits=0 rc=0 density=0.000000000 rc_balance=1.000000000 period=0 rate=0.000000
kalyx_signature_scan v0.9: sig_k12_0065 base=[68157440,69206016] len=1048576 hits=0 rc=5 density=0.000000000 rc_balance=1.000000000 period=1 rate=0.111111
kalyx_signature_scan v0.9: sig_k12_0066 base=[69206016,70254592] len=1048576 hits=0 rc=3 density=0.000000000 rc_balance=1.000000000 period=2 rate=0.200000
kalyx_signature_scan v0.9: sig_k12_0067 base=[70254592,71303168] len=1048576 hits=1 rc=6 density=0.000000954 rc_balance=0.875000000 period=1 rate=0.272727
kalyx_signature_scan v0.9: sig_k12_0068 base=[71303168,72351744] len=1048576 hits=0 rc=0 density=0.000000000 rc_balance=1.000000000 period=0 rate=0.000000
kalyx_signature_scan v0.9: sig_k12_0069 base=[72351744,73400320] len=1048576 hits=0 rc=1 density=0.000000000 rc_balance=1.000000000 period=0 rate=0.000000
kalyx_signature_scan v0.9: sig_k12_0070 base=[73400320,74448896] len=1048576 hits=0 rc=1 density=0.000000000 rc_balance=1.000000000 period=0 rate=0.000000
kalyx_signature_scan v0.9: sig_k12_0071 base=[74448896,75497472] len=1048576 hits=1 rc=2 density=0.000000954 rc_balance=0.750000000 period=1 rate=0.200000
kalyx_signature_scan v0.9: sig_k12_0072 base=[75497472,76546048] len=1048576 hits=1 rc=1 density=0.000000954 rc_balance=0.666666667 period=0 rate=0.000000
kalyx_signature_scan v0.9: sig_k12_0073 base=[76546048,77594624] len=1048576 hits=1 rc=1 density=0.000000954 rc_balance=0.666666667 period=0 rate=0.000000
kalyx_signature_scan v0.9: sig_k12_0074 base=[77594624,78643200] len=1048576 hits=1 rc=1 density=0.000000954 rc_balance=0.666666667 period=0 rate=0.000000
kalyx_signature_scan v0.9: sig_k12_0075 base=[78643200,79691776] len=1048576 hits=1 rc=0 density=0.000000954 rc_balance=0.500000000 period=0 rate=0.000000
kalyx_signature_scan v0.9: sig_k12_0076 base=[79691776,80740352] len=1048576 hits=0 rc=1 density=0.000000000 rc_balance=1.000000000 period=0 rate=0.000000
kalyx_signature_scan v0.9: sig_k12_0077 base=[80740352,81788928] len=1048576 hits=0 rc=2 density=0.000000000 rc_balance=1.000000000 period=0 rate=0.000000
kalyx_signature_scan v0.9: sig_k12_0078 base=[81788928,82837504] len=1048576 hits=0 rc=2 density=0.000000000 rc_balance=1.000000000 period=0 rate=0.000000
kalyx_signature_scan v0.9: sig_k12_0079 base=[82837504,83257441] len=419937 hits=0 rc=1 density=0.000000000 rc_balance=1.000000000 period=0 rate=0.000000
KALYX-ORIGIN v0.9 complete:
  .\Origin_chr17_v09_signature_scan\kalyx_origin_v0_9_signature_k12.csv
  .\Origin_chr17_v09_signature_scan\kalyx_origin_v0_9_signature_scan.csv
  .\Origin_chr17_v09_signature_scan\kalyx_origin_v0_9_signature_ranking.csv
  .\Origin_chr17_v09_signature_scan\KALYX_ORIGIN_V0_9_SIGNATURE_REPORT.md
PS H:\kdna_opencl_with_inspector_krun> Get-Content .\Origin_chr17_v09_signature_scan\KALYX_ORIGIN_V0_9_SIGNATURE_REPORT.md


PS H:\kdna_opencl_with_inspector_krun> Get-Content .\Origin_chr17_v09_signature_scan\KALYX_ORIGIN_V0_9_SIGNATURE_REPORT.md
# KALYX-ORIGIN v0.9 Signature Scan Report

Family-signature scan over FASTA windows.

## Inputs

- Fasta: `.\chr17.fa`
- FamiliesCsv: `.\Origin_chr17_v08_family_zoom\kalyx_origin_v0_8_families_all.csv`
- K: `12`
- TopFamilies: `8`
- BaseStart: `0`
- WindowBases: `1048576`
- StepBases: `1048576`
- Windows: `80`

## Signature Motifs

| Rank | Family | Kmer | Weight | RC balance | Support |
|---:|---:|---|---:|---:|---:|
| 1 | 0 | AGCATTCTCAGA | 10375 | 0.000096385542 | 1.000000000000 |
| 2 | 1 | GCATTCTCAGAA | 10304 | 0.000097049689 | 1.000000000000 |
| 3 | 2 | AAGCATTCTCAG | 9678 | 0.000103327134 | 1.000000000000 |
| 4 | 3 | GAAGCATTCTCA | 9594 | 0.000104231812 | 1.000000000000 |
| 5 | 4 | AGAAGCATTCTC | 8393 | 0.000000000000 | 1.000000000000 |
| 6 | 11 | ACAGAAGCATTC | 8094 | 0.000000000000 | 1.000000000000 |
| 7 | 6 | TGCATTCAACTC | 7930 | 0.000126103405 | 1.000000000000 |
| 8 | 5 | GCATTCAACTCA | 7927 | 0.000126151129 | 1.000000000000 |

## Top Signature Windows

| Rank | Label | BaseStart | BaseEnd | Hits | RC Hits | Density | RC Balance | BestPeriod | PeriodRate | GC | N-rate |
|---:|---|---:|---:|---:|---:|---:|---:|---:|---:|---:|---:|
| 1 | sig_k12_0023 | 24117248 | 25165824 | 24222 | 0 | 0.023099899292 | 0.000041283078 | 1 | 0.464892651950 | 0.409094810486 | 0.000000000000 |
| 2 | sig_k12_0024 | 25165824 | 26214400 | 23956 | 6 | 0.022846221924 | 0.000292117014 | 1 | 0.460607723020 | 0.408677101135 | 0.000286102295 |
| 3 | sig_k12_0022 | 23068672 | 24117248 | 23072 | 0 | 0.022003173828 | 0.000043340701 | 1 | 0.460114546087 | 0.408935546875 | 0.000095367432 |
| 4 | sig_k12_0025 | 26214400 | 27262976 | 10841 | 112 | 0.010338783264 | 0.010315866350 | 1 | 0.457678999201 | 0.379081726074 | 0.051765441895 |
| 5 | sig_k12_0021 | 22020096 | 23068672 | 4460 | 0 | 0.004253387451 | 0.000224164985 | 1 | 0.422193877551 | 0.379848480225 | 0.068842887878 |
| 6 | sig_k12_0055 | 57671680 | 58720256 | 4 | 0 | 0.000003814697 | 0.200000000000 | 1 | 0.600000000000 | 0.457978248596 | 0.000000000000 |
| 7 | sig_k12_0057 | 59768832 | 60817408 | 4 | 3 | 0.000003814697 | 0.500000000000 | 1 | 0.400000000000 | 0.423727035522 | 0.000000000000 |
| 8 | sig_k12_0015 | 15728640 | 16777216 | 4 | 0 | 0.000003814697 | 0.200000000000 | 1 | 0.333333333333 | 0.436500549316 | 0.000000000000 |
| 9 | sig_k12_0044 | 46137344 | 47185920 | 4 | 0 | 0.000003814697 | 0.200000000000 | 1 | 0.333333333333 | 0.434143066406 | 0.000000000000 |
| 10 | sig_k12_0036 | 37748736 | 38797312 | 4 | 0 | 0.000003814697 | 0.200000000000 | 1 | 0.333333333333 | 0.483225822449 | 0.000000000000 |
| 11 | sig_k12_0027 | 28311552 | 29360128 | 4 | 1 | 0.000003814697 | 0.333333333333 | 1 | 0.111111111111 | 0.487942695618 | 0.000000000000 |
| 12 | sig_k12_0032 | 33554432 | 34603008 | 4 | 1 | 0.000003814697 | 0.333333333333 | 0 | 0.000000000000 | 0.442071914673 | 0.000000000000 |
| 13 | sig_k12_0012 | 12582912 | 13631488 | 2 | 3 | 0.000001907349 | 0.666666666667 | 1 | 0.250000000000 | 0.411292076111 | 0.000000000000 |
| 14 | sig_k12_0008 | 8388608 | 9437184 | 2 | 2 | 0.000001907349 | 0.600000000000 | 79 | 0.142857142857 | 0.459604263306 | 0.000000000000 |
| 15 | sig_k12_0005 | 5242880 | 6291456 | 2 | 1 | 0.000001907349 | 0.500000000000 | 0 | 0.000000000000 | 0.454644203186 | 0.000000000000 |
| 16 | sig_k12_0063 | 66060288 | 67108864 | 2 | 0 | 0.000001907349 | 0.333333333333 | 0 | 0.000000000000 | 0.441465377808 | 0.000000000000 |
| 17 | sig_k12_0053 | 55574528 | 56623104 | 2 | 2 | 0.000001907349 | 0.600000000000 | 0 | 0.000000000000 | 0.401091575623 | 0.000000000000 |
| 18 | sig_k12_0010 | 10485760 | 11534336 | 2 | 0 | 0.000001907349 | 0.333333333333 | 0 | 0.000000000000 | 0.430653572083 | 0.000000000000 |
| 19 | sig_k12_0000 | 0 | 1048576 | 1 | 3 | 0.000000953674 | 0.800000000000 | 1 | 0.333333333333 | 0.452764511108 | 0.096813201904 |
| 20 | sig_k12_0038 | 39845888 | 40894464 | 1 | 3 | 0.000000953674 | 0.800000000000 | 1 | 0.333333333333 | 0.463621139526 | 0.000000000000 |

## Interpretation Boundary

v0.9 tests whether a motif-family signature is locally enriched or distributed across FASTA windows. It does not prove origin.

## Artefacts

- `.\Origin_chr17_v09_signature_scan\kalyx_origin_v0_9_signature_k12.csv`
- `.\Origin_chr17_v09_signature_scan\kalyx_origin_v0_9_signature_scan.csv`
- `.\Origin_chr17_v09_signature_scan\kalyx_origin_v0_9_signature_ranking.csv`
- `.\Origin_chr17_v09_signature_scan\KALYX_ORIGIN_V0_9_SIGNATURE_REPORT.md`
PS H:\kdna_opencl_with_inspector_krun>
PS H:\kdna_opencl_with_inspector_krun> Get-Content .\Origin_chr17_v09_signature_scan\kalyx_origin_v0_9_signature_k12.csv

"kmer","weight","family_id","rc_balance","support"
"AGCATTCTCAGA","10375","0","0.000096385542","1.000000000000"
"GCATTCTCAGAA","10304","1","0.000097049689","1.000000000000"
"AAGCATTCTCAG","9678","2","0.000103327134","1.000000000000"
"GAAGCATTCTCA","9594","3","0.000104231812","1.000000000000"
"AGAAGCATTCTC","8393","4","0.000000000000","1.000000000000"
"ACAGAAGCATTC","8094","11","0.000000000000","1.000000000000"
"TGCATTCAACTC","7930","6","0.000126103405","1.000000000000"
"GCATTCAACTCA","7927","5","0.000126151129","1.000000000000"
PS H:\kdna_opencl_with_inspector_krun>
PS H:\kdna_opencl_with_inspector_krun> Get-Content .\Origin_chr17_v09_signature_scan\kalyx_origin_v0_9_signature_scan.csv -TotalCount 30
version,label,fasta,signature,motif_count,base_start_0,base_end_0,base_len,A,C,G,T,N,other,gc_rate,n_rate,valid_base_rate,total_hits,total_rc_hits,weighted_hits,signature_density,rc_balance,best_period,best_period_match_rate,region_hash
KOSIG009,sig_k12_0000,.\chr17.fa,.\Origin_chr17_v09_signature_scan\kalyx_origin_v0_9_signature_k12.csv,8,0,1048576,1048576,248042,242433,232325,224260,101516,0,0.452764511108,0.096813201904,0.903186798096,1,3,1.000000000000,0.000000953674,0.800000000000,1,0.333333333333,0x323fdbf0b8c13021
KOSIG009,sig_k12_0001,.\chr17.fa,.\Origin_chr17_v09_signature_scan\kalyx_origin_v0_9_signature_k12.csv,8,1048576,2097152,1048576,255955,275972,270480,246169,0,0,0.521137237549,0.000000000000,1.000000000000,1,0,1.000000000000,0.000000953674,0.500000000000,0,0.000000000000,0xb70d5f05956d327e
KOSIG009,sig_k12_0002,.\chr17.fa,.\Origin_chr17_v09_signature_scan\kalyx_origin_v0_9_signature_k12.csv,8,2097152,3145728,1048576,272969,246927,252321,276359,0,0,0.476119995117,0.000000000000,1.000000000000,0,0,0.000000000000,0.000000000000,1.000000000000,0,0.000000000000,0x03aef91977de9258
KOSIG009,sig_k12_0003,.\chr17.fa,.\Origin_chr17_v09_signature_scan\kalyx_origin_v0_9_signature_k12.csv,8,3145728,4194304,1048576,284122,252642,242173,269639,0,0,0.471892356873,0.000000000000,1.000000000000,1,1,1.000000000000,0.000000953674,0.666666666667,0,0.000000000000,0xaa5ef5a41a523ccc
KOSIG009,sig_k12_0004,.\chr17.fa,.\Origin_chr17_v09_signature_scan\kalyx_origin_v0_9_signature_k12.csv,8,4194304,5242880,1048576,266495,260071,258668,263342,0,0,0.494708061218,0.000000000000,1.000000000000,1,0,1.000000000000,0.000000953674,0.500000000000,0,0.000000000000,0x28fc6be46f97263d
KOSIG009,sig_k12_0005,.\chr17.fa,.\Origin_chr17_v09_signature_scan\kalyx_origin_v0_9_signature_k12.csv,8,5242880,6291456,1048576,281422,236734,239995,290425,0,0,0.454644203186,0.000000000000,1.000000000000,2,1,2.000000000000,0.000001907349,0.500000000000,0,0.000000000000,0x41b547f6a9912d30
KOSIG009,sig_k12_0006,.\chr17.fa,.\Origin_chr17_v09_signature_scan\kalyx_origin_v0_9_signature_k12.csv,8,6291456,7340032,1048576,282902,255991,244469,265214,0,0,0.477275848389,0.000000000000,1.000000000000,0,1,0.000000000000,0.000000000000,1.000000000000,0,0.000000000000,0x6dd08c78fc4d6781
KOSIG009,sig_k12_0007,.\chr17.fa,.\Origin_chr17_v09_signature_scan\kalyx_origin_v0_9_signature_k12.csv,8,7340032,8388608,1048576,258447,264661,267841,257627,0,0,0.507833480835,0.000000000000,1.000000000000,1,0,1.000000000000,0.000000953674,0.500000000000,0,0.000000000000,0x09f203000ab28a00
KOSIG009,sig_k12_0008,.\chr17.fa,.\Origin_chr17_v09_signature_scan\kalyx_origin_v0_9_signature_k12.csv,8,8388608,9437184,1048576,284297,241702,240228,282349,0,0,0.459604263306,0.000000000000,1.000000000000,2,2,2.000000000000,0.000001907349,0.600000000000,79,0.142857142857,0xbd20fa4c73182246
KOSIG009,sig_k12_0009,.\chr17.fa,.\Origin_chr17_v09_signature_scan\kalyx_origin_v0_9_signature_k12.csv,8,9437184,10485760,1048576,292655,236152,233250,286519,0,0,0.447656631470,0.000000000000,1.000000000000,1,0,1.000000000000,0.000000953674,0.500000000000,0,0.000000000000,0xab0d6c227707b086
KOSIG009,sig_k12_0010,.\chr17.fa,.\Origin_chr17_v09_signature_scan\kalyx_origin_v0_9_signature_k12.csv,8,10485760,11534336,1048576,292596,225215,226358,304407,0,0,0.430653572083,0.000000000000,1.000000000000,2,0,2.000000000000,0.000001907349,0.333333333333,0,0.000000000000,0x64922997daa38270
KOSIG009,sig_k12_0011,.\chr17.fa,.\Origin_chr17_v09_signature_scan\kalyx_origin_v0_9_signature_k12.csv,8,11534336,12582912,1048576,297204,214736,214375,322261,0,0,0.409232139587,0.000000000000,1.000000000000,1,2,1.000000000000,0.000000953674,0.750000000000,1,0.200000000000,0xc3a5260e4908b666
KOSIG009,sig_k12_0012,.\chr17.fa,.\Origin_chr17_v09_signature_scan\kalyx_origin_v0_9_signature_k12.csv,8,12582912,13631488,1048576,305375,213400,217871,311930,0,0,0.411292076111,0.000000000000,1.000000000000,2,3,2.000000000000,0.000001907349,0.666666666667,1,0.250000000000,0x674334e8c1154dcb
KOSIG009,sig_k12_0013,.\chr17.fa,.\Origin_chr17_v09_signature_scan\kalyx_origin_v0_9_signature_k12.csv,8,13631488,14680064,1048576,307142,213235,212901,315298,0,0,0.406394958496,0.000000000000,1.000000000000,0,0,0.000000000000,0.000000000000,1.000000000000,0,0.000000000000,0x94038f0307b9e6bf
KOSIG009,sig_k12_0014,.\chr17.fa,.\Origin_chr17_v09_signature_scan\kalyx_origin_v0_9_signature_k12.csv,8,14680064,15728640,1048576,309086,222471,216973,300046,0,0,0.419086456299,0.000000000000,1.000000000000,0,0,0.000000000000,0.000000000000,1.000000000000,0,0.000000000000,0x98aa7938b6b98a07
KOSIG009,sig_k12_0015,.\chr17.fa,.\Origin_chr17_v09_signature_scan\kalyx_origin_v0_9_signature_k12.csv,8,15728640,16777216,1048576,294500,229107,228597,296372,0,0,0.436500549316,0.000000000000,1.000000000000,4,0,4.000000000000,0.000003814697,0.200000000000,1,0.333333333333,0x2ef85533cae937f1
KOSIG009,sig_k12_0016,.\chr17.fa,.\Origin_chr17_v09_signature_scan\kalyx_origin_v0_9_signature_k12.csv,8,16777216,17825792,1048576,255315,268162,268945,256154,0,0,0.512225151062,0.000000000000,1.000000000000,0,1,0.000000000000,0.000000000000,1.000000000000,0,0.000000000000,0x4602ef59e378dd07
KOSIG009,sig_k12_0017,.\chr17.fa,.\Origin_chr17_v09_signature_scan\kalyx_origin_v0_9_signature_k12.csv,8,17825792,18874368,1048576,276056,250981,250897,270642,0,0,0.478628158569,0.000000000000,1.000000000000,0,0,0.000000000000,0.000000000000,1.000000000000,0,0.000000000000,0xfde734e5839bf965
KOSIG009,sig_k12_0018,.\chr17.fa,.\Origin_chr17_v09_signature_scan\kalyx_origin_v0_9_signature_k12.csv,8,18874368,19922944,1048576,269824,250996,255691,272065,0,0,0.483214378357,0.000000000000,1.000000000000,0,0,0.000000000000,0.000000000000,1.000000000000,0,0.000000000000,0x2f05c030bfd60eac
KOSIG009,sig_k12_0019,.\chr17.fa,.\Origin_chr17_v09_signature_scan\kalyx_origin_v0_9_signature_k12.csv,8,19922944,20971520,1048576,286419,223467,227675,311015,0,0,0.430242538452,0.000000000000,1.000000000000,0,0,0.000000000000,0.000000000000,1.000000000000,0,0.000000000000,0x73bb4c84d1e99056
KOSIG009,sig_k12_0020,.\chr17.fa,.\Origin_chr17_v09_signature_scan\kalyx_origin_v0_9_signature_k12.csv,8,20971520,22020096,1048576,279456,216729,252500,252910,46981,0,0.447491645813,0.044804573059,0.955195426941,0,0,0.000000000000,0.000000000000,1.000000000000,0,0.000000000000,0x77337ec1edd5ea3a
KOSIG009,sig_k12_0021,.\chr17.fa,.\Origin_chr17_v09_signature_scan\kalyx_origin_v0_9_signature_k12.csv,8,22020096,23068672,1048576,284682,196571,201729,293407,72187,0,0.379848480225,0.068842887878,0.931157112122,4460,0,4460.000000000000,0.004253387451,0.000224164985,1,0.422193877551,0x80c5119c3f5f4009
KOSIG009,sig_k12_0022,.\chr17.fa,.\Origin_chr17_v09_signature_scan\kalyx_origin_v0_9_signature_k12.csv,8,23068672,24117248,1048576,299937,201051,227749,319739,100,0,0.408935546875,0.000095367432,0.999904632568,23072,0,23072.000000000000,0.022003173828,0.000043340701,1,0.460114546087,0x453425b32db10ae2
KOSIG009,sig_k12_0023,.\chr17.fa,.\Origin_chr17_v09_signature_scan\kalyx_origin_v0_9_signature_k12.csv,8,24117248,25165824,1048576,298999,201620,227347,320610,0,0,0.409094810486,0.000000000000,1.000000000000,24222,0,24222.000000000000,0.023099899292,0.000041283078,1,0.464892651950,0x9e57770be093eeb3
KOSIG009,sig_k12_0024,.\chr17.fa,.\Origin_chr17_v09_signature_scan\kalyx_origin_v0_9_signature_k12.csv,8,25165824,26214400,1048576,300373,200458,228071,319374,300,0,0.408677101135,0.000286102295,0.999713897705,23956,6,23956.000000000000,0.022846221924,0.000292117014,1,0.460607723020,0x72c8b00a4c4a652b
KOSIG009,sig_k12_0025,.\chr17.fa,.\Origin_chr17_v09_signature_scan\kalyx_origin_v0_9_signature_k12.csv,8,26214400,27262976,1048576,307357,179923,217573,289443,54280,0,0.379081726074,0.051765441895,0.948234558105,10841,112,10841.000000000000,0.010338783264,0.010315866350,1,0.457678999201,0x904772d1aba1b564
KOSIG009,sig_k12_0026,.\chr17.fa,.\Origin_chr17_v09_signature_scan\kalyx_origin_v0_9_signature_k12.csv,8,27262976,28311552,1048576,280424,236917,238403,292832,0,0,0.453300476074,0.000000000000,1.000000000000,0,0,0.000000000000,0.000000000000,1.000000000000,0,0.000000000000,0xcabf14cc7e13f985
KOSIG009,sig_k12_0027,.\chr17.fa,.\Origin_chr17_v09_signature_scan\kalyx_origin_v0_9_signature_k12.csv,8,28311552,29360128,1048576,274989,258866,252779,261942,0,0,0.487942695618,0.000000000000,1.000000000000,4,1,4.000000000000,0.000003814697,0.333333333333,1,0.111111111111,0xf01db32bbe1a93e9
KOSIG009,sig_k12_0028,.\chr17.fa,.\Origin_chr17_v09_signature_scan\kalyx_origin_v0_9_signature_k12.csv,8,29360128,30408704,1048576,299708,221520,218338,309010,0,0,0.419481277466,0.000000000000,1.000000000000,0,1,0.000000000000,0.000000000000,1.000000000000,0,0.000000000000,0xa696092af9a4e5bf
PS H:\kdna_opencl_with_inspector_krun>
PS H:\kdna_opencl_with_inspector_krun> Get-Content .\Origin_chr17_v09_signature_scan\kalyx_origin_v0_9_signature_ranking.csv -TotalCount 30
"version","label","fasta","signature","motif_count","base_start_0","base_end_0","base_len","A","C","G","T","N","other","gc_rate","n_rate","valid_base_rate","total_hits","total_rc_hits","weighted_hits","signature_density","rc_balance","best_period","best_period_match_rate","region_hash"
"KOSIG009","sig_k12_0023",".\chr17.fa",".\Origin_chr17_v09_signature_scan\kalyx_origin_v0_9_signature_k12.csv","8","24117248","25165824","1048576","298999","201620","227347","320610","0","0","0.409094810486","0.000000000000","1.000000000000","24222","0","24222.000000000000","0.023099899292","0.000041283078","1","0.464892651950","0x9e57770be093eeb3"
"KOSIG009","sig_k12_0024",".\chr17.fa",".\Origin_chr17_v09_signature_scan\kalyx_origin_v0_9_signature_k12.csv","8","25165824","26214400","1048576","300373","200458","228071","319374","300","0","0.408677101135","0.000286102295","0.999713897705","23956","6","23956.000000000000","0.022846221924","0.000292117014","1","0.460607723020","0x72c8b00a4c4a652b"
"KOSIG009","sig_k12_0022",".\chr17.fa",".\Origin_chr17_v09_signature_scan\kalyx_origin_v0_9_signature_k12.csv","8","23068672","24117248","1048576","299937","201051","227749","319739","100","0","0.408935546875","0.000095367432","0.999904632568","23072","0","23072.000000000000","0.022003173828","0.000043340701","1","0.460114546087","0x453425b32db10ae2"
"KOSIG009","sig_k12_0025",".\chr17.fa",".\Origin_chr17_v09_signature_scan\kalyx_origin_v0_9_signature_k12.csv","8","26214400","27262976","1048576","307357","179923","217573","289443","54280","0","0.379081726074","0.051765441895","0.948234558105","10841","112","10841.000000000000","0.010338783264","0.010315866350","1","0.457678999201","0x904772d1aba1b564"
"KOSIG009","sig_k12_0021",".\chr17.fa",".\Origin_chr17_v09_signature_scan\kalyx_origin_v0_9_signature_k12.csv","8","22020096","23068672","1048576","284682","196571","201729","293407","72187","0","0.379848480225","0.068842887878","0.931157112122","4460","0","4460.000000000000","0.004253387451","0.000224164985","1","0.422193877551","0x80c5119c3f5f4009"
"KOSIG009","sig_k12_0055",".\chr17.fa",".\Origin_chr17_v09_signature_scan\kalyx_origin_v0_9_signature_k12.csv","8","57671680","58720256","1048576","292205","243939","236286","276146","0","0","0.457978248596","0.000000000000","1.000000000000","4","0","4.000000000000","0.000003814697","0.200000000000","1","0.600000000000","0xa82d98e482cb96eb"
"KOSIG009","sig_k12_0057",".\chr17.fa",".\Origin_chr17_v09_signature_scan\kalyx_origin_v0_9_signature_k12.csv","8","59768832","60817408","1048576","296863","222170","222140","307403","0","0","0.423727035522","0.000000000000","1.000000000000","4","3","4.000000000000","0.000003814697","0.500000000000","1","0.400000000000","0x5d74cd9a22668462"
"KOSIG009","sig_k12_0015",".\chr17.fa",".\Origin_chr17_v09_signature_scan\kalyx_origin_v0_9_signature_k12.csv","8","15728640","16777216","1048576","294500","229107","228597","296372","0","0","0.436500549316","0.000000000000","1.000000000000","4","0","4.000000000000","0.000003814697","0.200000000000","1","0.333333333333","0x2ef85533cae937f1"
"KOSIG009","sig_k12_0044",".\chr17.fa",".\Origin_chr17_v09_signature_scan\kalyx_origin_v0_9_signature_k12.csv","8","46137344","47185920","1048576","295884","227500","227732","297460","0","0","0.434143066406","0.000000000000","1.000000000000","4","0","4.000000000000","0.000003814697","0.200000000000","1","0.333333333333","0x77f4e6ce9ebb6fb9"
"KOSIG009","sig_k12_0036",".\chr17.fa",".\Origin_chr17_v09_signature_scan\kalyx_origin_v0_9_signature_k12.csv","8","37748736","38797312","1048576","273526","252716","253983","268351","0","0","0.483225822449","0.000000000000","1.000000000000","4","0","4.000000000000","0.000003814697","0.200000000000","1","0.333333333333","0xa1c59da4e1d2c3c4"
"KOSIG009","sig_k12_0027",".\chr17.fa",".\Origin_chr17_v09_signature_scan\kalyx_origin_v0_9_signature_k12.csv","8","28311552","29360128","1048576","274989","258866","252779","261942","0","0","0.487942695618","0.000000000000","1.000000000000","4","1","4.000000000000","0.000003814697","0.333333333333","1","0.111111111111","0xf01db32bbe1a93e9"
"KOSIG009","sig_k12_0032",".\chr17.fa",".\Origin_chr17_v09_signature_scan\kalyx_origin_v0_9_signature_k12.csv","8","33554432","34603008","1048576","294349","234914","228632","290681","0","0","0.442071914673","0.000000000000","1.000000000000","4","1","4.000000000000","0.000003814697","0.333333333333","0","0.000000000000","0x07a274e12dd5388e"
"KOSIG009","sig_k12_0012",".\chr17.fa",".\Origin_chr17_v09_signature_scan\kalyx_origin_v0_9_signature_k12.csv","8","12582912","13631488","1048576","305375","213400","217871","311930","0","0","0.411292076111","0.000000000000","1.000000000000","2","3","2.000000000000","0.000001907349","0.666666666667","1","0.250000000000","0x674334e8c1154dcb"
"KOSIG009","sig_k12_0008",".\chr17.fa",".\Origin_chr17_v09_signature_scan\kalyx_origin_v0_9_signature_k12.csv","8","8388608","9437184","1048576","284297","241702","240228","282349","0","0","0.459604263306","0.000000000000","1.000000000000","2","2","2.000000000000","0.000001907349","0.600000000000","79","0.142857142857","0xbd20fa4c73182246"
"KOSIG009","sig_k12_0005",".\chr17.fa",".\Origin_chr17_v09_signature_scan\kalyx_origin_v0_9_signature_k12.csv","8","5242880","6291456","1048576","281422","236734","239995","290425","0","0","0.454644203186","0.000000000000","1.000000000000","2","1","2.000000000000","0.000001907349","0.500000000000","0","0.000000000000","0x41b547f6a9912d30"
"KOSIG009","sig_k12_0063",".\chr17.fa",".\Origin_chr17_v09_signature_scan\kalyx_origin_v0_9_signature_k12.csv","8","66060288","67108864","1048576","292517","230048","232862","293149","0","0","0.441465377808","0.000000000000","1.000000000000","2","0","2.000000000000","0.000001907349","0.333333333333","0","0.000000000000","0x60ecd31c6fba02cc"
"KOSIG009","sig_k12_0053",".\chr17.fa",".\Origin_chr17_v09_signature_scan\kalyx_origin_v0_9_signature_k12.csv","8","55574528","56623104","1048576","309569","211339","209236","318432","0","0","0.401091575623","0.000000000000","1.000000000000","2","2","2.000000000000","0.000001907349","0.600000000000","0","0.000000000000","0xb9b184bfc4886623"
"KOSIG009","sig_k12_0010",".\chr17.fa",".\Origin_chr17_v09_signature_scan\kalyx_origin_v0_9_signature_k12.csv","8","10485760","11534336","1048576","292596","225215","226358","304407","0","0","0.430653572083","0.000000000000","1.000000000000","2","0","2.000000000000","0.000001907349","0.333333333333","0","0.000000000000","0x64922997daa38270"
"KOSIG009","sig_k12_0000",".\chr17.fa",".\Origin_chr17_v09_signature_scan\kalyx_origin_v0_9_signature_k12.csv","8","0","1048576","1048576","248042","242433","232325","224260","101516","0","0.452764511108","0.096813201904","0.903186798096","1","3","1.000000000000","0.000000953674","0.800000000000","1","0.333333333333","0x323fdbf0b8c13021"
"KOSIG009","sig_k12_0038",".\chr17.fa",".\Origin_chr17_v09_signature_scan\kalyx_origin_v0_9_signature_k12.csv","8","39845888","40894464","1048576","272121","239444","246698","290313","0","0","0.463621139526","0.000000000000","1.000000000000","1","3","1.000000000000","0.000000953674","0.800000000000","1","0.333333333333","0x872662d8f3e4d392"
"KOSIG009","sig_k12_0067",".\chr17.fa",".\Origin_chr17_v09_signature_scan\kalyx_origin_v0_9_signature_k12.csv","8","70254592","71303168","1048576","330322","193646","194875","329733","0","0","0.370522499084","0.000000000000","1.000000000000","1","6","1.000000000000","0.000000953674","0.875000000000","1","0.272727272727","0xaabb3ac9edd64cc0"
"KOSIG009","sig_k12_0041",".\chr17.fa",".\Origin_chr17_v09_signature_scan\kalyx_origin_v0_9_signature_k12.csv","8","42991616","44040192","1048576","268253","254783","254403","271137","0","0","0.485597610474","0.000000000000","1.000000000000","1","5","1.000000000000","0.000000953674","0.857142857143","1","0.200000000000","0x1aec40e74d038a76"
"KOSIG009","sig_k12_0011",".\chr17.fa",".\Origin_chr17_v09_signature_scan\kalyx_origin_v0_9_signature_k12.csv","8","11534336","12582912","1048576","297204","214736","214375","322261","0","0","0.409232139587","0.000000000000","1.000000000000","1","2","1.000000000000","0.000000953674","0.750000000000","1","0.200000000000","0xc3a5260e4908b666"
"KOSIG009","sig_k12_0071",".\chr17.fa",".\Origin_chr17_v09_signature_scan\kalyx_origin_v0_9_signature_k12.csv","8","74448896","75497472","1048576","262452","267284","260477","258363","0","0","0.503312110901","0.000000000000","1.000000000000","1","2","1.000000000000","0.000000953674","0.750000000000","1","0.200000000000","0x34afce842fd76dd4"
"KOSIG009","sig_k12_0037",".\chr17.fa",".\Origin_chr17_v09_signature_scan\kalyx_origin_v0_9_signature_k12.csv","8","38797312","39845888","1048576","273262","251855","250355","273104","0","0","0.478944778442","0.000000000000","1.000000000000","1","0","1.000000000000","0.000000953674","0.500000000000","0","0.000000000000","0x6611d39a7db8fa51"
"KOSIG009","sig_k12_0004",".\chr17.fa",".\Origin_chr17_v09_signature_scan\kalyx_origin_v0_9_signature_k12.csv","8","4194304","5242880","1048576","266495","260071","258668","263342","0","0","0.494708061218","0.000000000000","1.000000000000","1","0","1.000000000000","0.000000953674","0.500000000000","0","0.000000000000","0x28fc6be46f97263d"
"KOSIG009","sig_k12_0035",".\chr17.fa",".\Origin_chr17_v09_signature_scan\kalyx_origin_v0_9_signature_k12.csv","8","36700160","37748736","1048576","296233","230414","230760","291169","0","0","0.439809799194","0.000000000000","1.000000000000","1","1","1.000000000000","0.000000953674","0.666666666667","0","0.000000000000","0xd4cd4f50441d0724"
"KOSIG009","sig_k12_0007",".\chr17.fa",".\Origin_chr17_v09_signature_scan\kalyx_origin_v0_9_signature_k12.csv","8","7340032","8388608","1048576","258447","264661","267841","257627","0","0","0.507833480835","0.000000000000","1.000000000000","1","0","1.000000000000","0.000000953674","0.500000000000","0","0.000000000000","0x09f203000ab28a00"
"KOSIG009","sig_k12_0003",".\chr17.fa",".\Origin_chr17_v09_signature_scan\kalyx_origin_v0_9_signature_k12.csv","8","3145728","4194304","1048576","284122","252642","242173","269639","0","0","0.471892356873","0.000000000000","1.000000000000","1","1","1.000000000000","0.000000953674","0.666666666667","0","0.000000000000","0xaa5ef5a41a523ccc"
PS H:\kdna_opencl_with_inspector_krun>
